35b8.3888: Log file opened: 6.1.36r152435 g_hStartupLog=000000000000008c g_uNtVerCombined=0xa04a6500
35b8.3888: \SystemRoot\System32\ntdll.dll:
35b8.3888:     CreationTime:    2024-08-19T14:08:23.559707100Z
35b8.3888:     LastWriteTime:   2024-08-19T14:08:23.622219800Z
35b8.3888:     ChangeTime:      2024-08-20T09:08:14.724006200Z
35b8.3888:     FileAttributes:  0x20
35b8.3888:     Size:            0x1ef618
35b8.3888:     NT Headers:      0xe8
35b8.3888:     Timestamp:       0x8a1bb6f3
35b8.3888:     Machine:         0x8664 - amd64
35b8.3888:     Timestamp:       0x8a1bb6f3
35b8.3888:     Image Version:   10.0
35b8.3888:     SizeOfImage:     0x1f8000 (2064384)
35b8.3888:     Resource Dir:    0x186000 LB 0x70508
35b8.3888:     [Version info resource found at 0xd8! (ID/Name: 0x1; SubID/SubName: 0x409)]
35b8.3888:     [Raw version resource data: 0x1860f0 LB 0x380, codepage 0x0 (reserved 0x0)]
35b8.3888:     ProductName:     Microsoft® Windows® Operating System
35b8.3888:     ProductVersion:  10.0.19041.4522
35b8.3888:     FileVersion:     10.0.19041.4522 (WinBuild.160101.0800)
35b8.3888:     FileDescription: NT Layer DLL
35b8.3888: \SystemRoot\System32\kernel32.dll:
35b8.3888:     CreationTime:    2024-08-20T09:07:23.472162400Z
35b8.3888:     LastWriteTime:   2024-08-20T09:07:23.503370800Z
35b8.3888:     ChangeTime:      2024-08-20T09:17:24.165257900Z
35b8.3888:     FileAttributes:  0x20
35b8.3888:     Size:            0xbed68
35b8.3888:     NT Headers:      0xf8
35b8.3888:     Timestamp:       0x8f9da098
35b8.3888:     Machine:         0x8664 - amd64
35b8.3888:     Timestamp:       0x8f9da098
35b8.3888:     Image Version:   10.0
35b8.3888:     SizeOfImage:     0xc1000 (790528)
35b8.3888:     Resource Dir:    0xbf000 LB 0x520
35b8.3888:     [Version info resource found at 0x90! (ID/Name: 0x1; SubID/SubName: 0x409)]
35b8.3888:     [Raw version resource data: 0xbf0b0 LB 0x3a4, codepage 0x0 (reserved 0x0)]
35b8.3888:     ProductName:     Microsoft® Windows® Operating System
35b8.3888:     ProductVersion:  10.0.19041.4717
35b8.3888:     FileVersion:     10.0.19041.4717 (WinBuild.160101.0800)
35b8.3888:     FileDescription: Windows NT BASE API Client DLL
35b8.3888: \SystemRoot\System32\KernelBase.dll:
35b8.3888:     CreationTime:    2024-08-20T09:07:08.413185400Z
35b8.3888:     LastWriteTime:   2024-08-20T09:07:08.553754600Z
35b8.3888:     ChangeTime:      2024-08-20T09:17:38.567654200Z
35b8.3888:     FileAttributes:  0x20
35b8.3888:     Size:            0x2fe928
35b8.3888:     NT Headers:      0x100
35b8.3888:     Timestamp:       0x16b0a901
35b8.3888:     Machine:         0x8664 - amd64
35b8.3888:     Timestamp:       0x16b0a901
35b8.3888:     Image Version:   10.0
35b8.3888:     SizeOfImage:     0x2fd000 (3133440)
35b8.3888:     Resource Dir:    0x2d3000 LB 0x548
35b8.3888:     [Version info resource found at 0x90! (ID/Name: 0x1; SubID/SubName: 0x409)]
35b8.3888:     [Raw version resource data: 0x2d30b0 LB 0x3bc, codepage 0x0 (reserved 0x0)]
35b8.3888:     ProductName:     Microsoft® Windows® Operating System
35b8.3888:     ProductVersion:  10.0.19041.4717
35b8.3888:     FileVersion:     10.0.19041.4717 (WinBuild.160101.0800)
35b8.3888:     FileDescription: Windows NT BASE API Client DLL
35b8.3888: \SystemRoot\System32\apisetschema.dll:
35b8.3888:     CreationTime:    2024-08-19T14:07:11.038377600Z
35b8.3888:     LastWriteTime:   2024-08-19T14:07:11.053999200Z
35b8.3888:     ChangeTime:      2024-08-20T09:08:14.239744800Z
35b8.3888:     FileAttributes:  0x20
35b8.3888:     Size:            0x1f970
35b8.3888:     NT Headers:      0xd0
35b8.3888:     Timestamp:       0x818769b5
35b8.3888:     Machine:         0x8664 - amd64
35b8.3888:     Timestamp:       0x818769b5
35b8.3888:     Image Version:   10.0
35b8.3888:     SizeOfImage:     0x20000 (131072)
35b8.3888:     Resource Dir:    0x1f000 LB 0x408
35b8.3888:     [Version info resource found at 0x48! (ID/Name: 0x1; SubID/SubName: 0x409)]
35b8.3888:     [Raw version resource data: 0x1f060 LB 0x3a8, codepage 0x0 (reserved 0x0)]
35b8.3888:     ProductName:     Microsoft® Windows® Operating System
35b8.3888:     ProductVersion:  10.0.19041.3996
35b8.3888:     FileVersion:     10.0.19041.3996 (WinBuild.160101.0800)
35b8.3888:     FileDescription: ApiSet Schema DLL
35b8.3888: NtOpenDirectoryObject failed on \Driver: 0xc0000022
35b8.3888: supR3HardenedWinFindAdversaries: 0x40
35b8.3888: \SystemRoot\System32\drivers\klim6.sys:
35b8.3888:     CreationTime:    2023-01-12T15:15:16.000000000Z
35b8.3888:     LastWriteTime:   2024-01-11T22:28:40.000000000Z
35b8.3888:     ChangeTime:      2024-05-15T07:48:08.191663900Z
35b8.3888:     FileAttributes:  0x20
35b8.3888:     Size:            0x15820
35b8.3888:     NT Headers:      0xd8
35b8.3888:     Timestamp:       0x64edbc78
35b8.3888:     Machine:         0x8664 - amd64
35b8.3888:     Timestamp:       0x64edbc78
35b8.3888:     Image Version:   6.1
35b8.3888:     SizeOfImage:     0x14000 (81920)
35b8.3888:     Resource Dir:    0x12000 LB 0x488
35b8.3888:     [Version info resource found at 0x48! (ID/Name: 0x1; SubID/SubName: 0x409)]
35b8.3888:     [Raw version resource data: 0x12060 LB 0x428, codepage 0x0 (reserved 0x0)]
35b8.3888:     ProductName:     Coretech Delivery
35b8.3888:     ProductVersion:  30.1580.0.1240-d7a8faf955441132c101feb7b8a960c1368887c0
35b8.3888:     FileVersion:     30.1580.0.1240
35b8.3888:     FileDescription: Packet Network Filter [fre_win7_x64]
35b8.3888: supR3HardenedWinInitAppBin(0x0): '\Device\HarddiskVolume2\Program Files\Oracle\VirtualBox'
35b8.3888: Calling main()
35b8.3888: SUPR3HardenedMain: pszProgName=VirtualBoxVM fFlags=0x2
35b8.3888: supR3HardenedWinInitAppBin(0x2): '\Device\HarddiskVolume2\Program Files\Oracle\VirtualBox'
35b8.3888: SUPR3HardenedMain: Respawn #1
35b8.3888: System32:  \Device\HarddiskVolume2\Windows\System32
35b8.3888: WinSxS:    \Device\HarddiskVolume2\Windows\WinSxS
35b8.3888: KnownDllPath: C:\WINDOWS\System32
35b8.3888: supR3HardenedWinInit: Performing a limited self purification...
35b8.3888: supHardNtVpScanVirtualMemory: enmKind=SELF_PURIFICATION
35b8.3888:  *0000000000000000-0000000000abffff 0x0001/0x0000 0x0000000
35b8.3888:  *0000000000ac0000-0000000000acffff 0x0004/0x0004 0x0040000
35b8.3888:  *0000000000ad0000-0000000000ad0fff 0x0002/0x0002 0x0040000
35b8.3888:   0000000000ad1000-0000000000adffff 0x0001/0x0000 0x0000000
35b8.3888:  *0000000000ae0000-0000000000afcfff 0x0002/0x0002 0x0040000
35b8.3888:   0000000000afd000-0000000000afffff 0x0001/0x0000 0x0000000
35b8.3888:  *0000000000b00000-0000000000bb0fff 0x0000/0x0004 0x0020000
35b8.3888:   0000000000bb1000-0000000000bb3fff 0x0104/0x0004 0x0020000
35b8.3888:   0000000000bb4000-0000000000bfffff 0x0004/0x0004 0x0020000
35b8.3888:  *0000000000c00000-0000000000dc3fff 0x0000/0x0004 0x0020000
35b8.3888:   0000000000dc4000-0000000000dc6fff 0x0004/0x0004 0x0020000
35b8.3888:   0000000000dc7000-0000000000dfffff 0x0000/0x0004 0x0020000
35b8.3888:  *0000000000e00000-0000000000e03fff 0x0002/0x0002 0x0040000
35b8.3888:   0000000000e04000-0000000000e0ffff 0x0001/0x0000 0x0000000
35b8.3888:  *0000000000e10000-0000000000e11fff 0x0004/0x0004 0x0020000
35b8.3888:   0000000000e12000-0000000000e1ffff 0x0001/0x0000 0x0000000
35b8.3888:  *0000000000e20000-0000000000ee8fff 0x0002/0x0002 0x0040000
35b8.3888:   0000000000ee9000-0000000000eeffff 0x0001/0x0000 0x0000000
35b8.3888:  *0000000000ef0000-0000000000ef0fff 0x0002/0x0002 0x0040000
35b8.3888:   0000000000ef1000-0000000000efffff 0x0001/0x0000 0x0000000
35b8.3888:  *0000000000f00000-0000000000f00fff 0x0002/0x0002 0x0040000
35b8.3888:   0000000000f01000-0000000000f0ffff 0x0001/0x0000 0x0000000
35b8.3888:  *0000000000f10000-0000000000f11fff 0x0004/0x0004 0x0020000
35b8.3888:   0000000000f12000-0000000000f29fff 0x0000/0x0004 0x0020000
35b8.3888:   0000000000f2a000-0000000000f3ffff 0x0001/0x0000 0x0000000
35b8.3888:  *0000000000f40000-0000000000f46fff 0x0004/0x0004 0x0020000
35b8.3888:   0000000000f47000-000000000103ffff 0x0000/0x0004 0x0020000
35b8.3888:  *0000000001040000-000000000106bfff 0x0004/0x0004 0x0020000
35b8.3888:   000000000106c000-000000000113ffff 0x0000/0x0004 0x0020000
35b8.3888:   0000000001140000-00000000011cffff 0x0001/0x0000 0x0000000
35b8.3888:  *00000000011d0000-00000000011defff 0x0004/0x0004 0x0020000
35b8.3888:   00000000011df000-00000000011dffff 0x0000/0x0004 0x0020000
35b8.3888:  *00000000011e0000-00000000011e3fff 0x0000/0x0004 0x0020000
35b8.3888:   00000000011e4000-00000000013dcfff 0x0004/0x0004 0x0020000
35b8.3888:   00000000013dd000-00000000013ddfff 0x0000/0x0004 0x0020000
35b8.3888:   00000000013de000-000000007ffdffff 0x0001/0x0000 0x0000000
35b8.3888:  *000000007ffe0000-000000007ffe0fff 0x0002/0x0002 0x0020000
35b8.3888:   000000007ffe1000-000000007ffe7fff 0x0001/0x0000 0x0000000
35b8.3888:  *000000007ffe8000-000000007ffe8fff 0x0002/0x0002 0x0020000
35b8.3888:   000000007ffe9000-00007ff44a0dffff 0x0001/0x0000 0x0000000
35b8.3888:  *00007ff44a0e0000-00007ff44a0e4fff 0x0002/0x0002 0x0040000
35b8.3888:   00007ff44a0e5000-00007ff44a1dffff 0x0000/0x0002 0x0040000
35b8.3888:  *00007ff44a1e0000-00007ff54a1fffff 0x0000/0x0004 0x0020000
35b8.3888:  *00007ff54a200000-00007ff54c1fffff 0x0000/0x0004 0x0020000
35b8.3888:   00007ff54c200000-00007ff54c200fff 0x0004/0x0004 0x0020000
35b8.3888:   00007ff54c201000-00007ff54c20ffff 0x0001/0x0000 0x0000000
35b8.3888:  *00007ff54c210000-00007ff54c210fff 0x0002/0x0002 0x0040000
35b8.3888:   00007ff54c211000-00007ff54c21ffff 0x0001/0x0000 0x0000000
35b8.3888:  *00007ff54c220000-00007ff54c242fff 0x0002/0x0002 0x0040000
35b8.3888:   00007ff54c243000-00007ff6acf4ffff 0x0001/0x0000 0x0000000
35b8.3888:  *00007ff6acf50000-00007ff6acf50fff 0x0002/0x0080 0x1000000  \Device\HarddiskVolume2\Program Files\Oracle\VirtualBox\VirtualBoxVM.exe
35b8.3888:   00007ff6acf51000-00007ff6acfc8fff 0x0020/0x0080 0x1000000  \Device\HarddiskVolume2\Program Files\Oracle\VirtualBox\VirtualBoxVM.exe
35b8.3888:   00007ff6acfc9000-00007ff6acfc9fff 0x0080/0x0080 0x1000000  \Device\HarddiskVolume2\Program Files\Oracle\VirtualBox\VirtualBoxVM.exe
35b8.3888:   00007ff6acfca000-00007ff6ad013fff 0x0002/0x0080 0x1000000  \Device\HarddiskVolume2\Program Files\Oracle\VirtualBox\VirtualBoxVM.exe
35b8.3888:   00007ff6ad014000-00007ff6ad016fff 0x0004/0x0080 0x1000000  \Device\HarddiskVolume2\Program Files\Oracle\VirtualBox\VirtualBoxVM.exe
35b8.3888:   00007ff6ad017000-00007ff6ad019fff 0x0008/0x0080 0x1000000  \Device\HarddiskVolume2\Program Files\Oracle\VirtualBox\VirtualBoxVM.exe
35b8.3888:   00007ff6ad01a000-00007ff6ad01cfff 0x0004/0x0080 0x1000000  \Device\HarddiskVolume2\Program Files\Oracle\VirtualBox\VirtualBoxVM.exe
35b8.3888:   00007ff6ad01d000-00007ff6ad01dfff 0x0008/0x0080 0x1000000  \Device\HarddiskVolume2\Program Files\Oracle\VirtualBox\VirtualBoxVM.exe
35b8.3888:   00007ff6ad01e000-00007ff6ad01ffff 0x0004/0x0080 0x1000000  \Device\HarddiskVolume2\Program Files\Oracle\VirtualBox\VirtualBoxVM.exe
35b8.3888:   00007ff6ad020000-00007ff6ad020fff 0x0008/0x0080 0x1000000  \Device\HarddiskVolume2\Program Files\Oracle\VirtualBox\VirtualBoxVM.exe
35b8.3888:   00007ff6ad021000-00007ff6ad069fff 0x0002/0x0080 0x1000000  \Device\HarddiskVolume2\Program Files\Oracle\VirtualBox\VirtualBoxVM.exe
35b8.3888:   00007ff6ad06a000-00007ff8152dffff 0x0001/0x0000 0x0000000
35b8.3888:  *00007ff8152e0000-00007ff8152e0fff 0x0002/0x0080 0x1000000  \Device\HarddiskVolume2\Windows\System32\KernelBase.dll
35b8.3888:   00007ff8152e1000-00007ff815418fff 0x0020/0x0080 0x1000000  \Device\HarddiskVolume2\Windows\System32\KernelBase.dll
35b8.3888:   00007ff815419000-00007ff81559bfff 0x0002/0x0080 0x1000000  \Device\HarddiskVolume2\Windows\System32\KernelBase.dll
35b8.3888:   00007ff81559c000-00007ff8155a0fff 0x0004/0x0080 0x1000000  \Device\HarddiskVolume2\Windows\System32\KernelBase.dll
35b8.3888:   00007ff8155a1000-00007ff8155dcfff 0x0002/0x0080 0x1000000  \Device\HarddiskVolume2\Windows\System32\KernelBase.dll
35b8.3888:   00007ff8155dd000-00007ff816e0ffff 0x0001/0x0000 0x0000000
35b8.3888:  *00007ff816e10000-00007ff816e10fff 0x0002/0x0080 0x1000000  \Device\HarddiskVolume2\Windows\System32\kernel32.dll
35b8.3888:   00007ff816e11000-00007ff816e91fff 0x0020/0x0080 0x1000000  \Device\HarddiskVolume2\Windows\System32\kernel32.dll
35b8.3888:   00007ff816e92000-00007ff816ec5fff 0x0002/0x0080 0x1000000  \Device\HarddiskVolume2\Windows\System32\kernel32.dll
35b8.3888:   00007ff816ec6000-00007ff816ec6fff 0x0004/0x0080 0x1000000  \Device\HarddiskVolume2\Windows\System32\kernel32.dll
35b8.3888:   00007ff816ec7000-00007ff816ec7fff 0x0008/0x0080 0x1000000  \Device\HarddiskVolume2\Windows\System32\kernel32.dll
35b8.3888:   00007ff816ec8000-00007ff816ed0fff 0x0002/0x0080 0x1000000  \Device\HarddiskVolume2\Windows\System32\kernel32.dll
35b8.3888:   00007ff816ed1000-00007ff817a0ffff 0x0001/0x0000 0x0000000
35b8.3888:  *00007ff817a10000-00007ff817a10fff 0x0002/0x0080 0x1000000  \Device\HarddiskVolume2\Windows\System32\ntdll.dll
35b8.3888:   00007ff817a11000-00007ff817b2cfff 0x0020/0x0080 0x1000000  \Device\HarddiskVolume2\Windows\System32\ntdll.dll
35b8.3888:   00007ff817b2d000-00007ff817b75fff 0x0002/0x0080 0x1000000  \Device\HarddiskVolume2\Windows\System32\ntdll.dll
35b8.3888:   00007ff817b76000-00007ff817b76fff 0x0004/0x0080 0x1000000  \Device\HarddiskVolume2\Windows\System32\ntdll.dll
35b8.3888:   00007ff817b77000-00007ff817b78fff 0x0008/0x0080 0x1000000  \Device\HarddiskVolume2\Windows\System32\ntdll.dll
35b8.3888:   00007ff817b79000-00007ff817b81fff 0x0004/0x0080 0x1000000  \Device\HarddiskVolume2\Windows\System32\ntdll.dll
35b8.3888:   00007ff817b82000-00007ff817c07fff 0x0002/0x0080 0x1000000  \Device\HarddiskVolume2\Windows\System32\ntdll.dll
35b8.3888:   00007ff817c08000-00007ffffffeffff 0x0001/0x0000 0x0000000
35b8.3888: kernel32.dll: timestamp 0x8f9da098 (rc=VINF_SUCCESS)
35b8.3888: kernelbase.dll: timestamp 0x16b0a901 (rc=VINF_SUCCESS)
35b8.3888: VirtualBoxVM.exe: timestamp 0x62d71982 (rc=VINF_SUCCESS)
35b8.3888: \Device\HarddiskVolume2\Program Files\Oracle\VirtualBox\VirtualBoxVM.exe: Signature #1/2: info status: 24202
35b8.3888: '\Device\HarddiskVolume2\Program Files\Oracle\VirtualBox\VirtualBoxVM.exe' has no imports
35b8.3888: '\Device\HarddiskVolume2\Windows\System32\ntdll.dll' has no imports
35b8.3888: supR3HardenedWinInit: SUPHARDNTVPKIND_SELF_PURIFICATION_LIMITED -> VINF_SUCCESS, cFixes=0
35b8.3888: \Device\HarddiskVolume2\Program Files\Oracle\VirtualBox\VirtualBoxVM.exe: Signature #1/2: info status: 24202
35b8.3888: '\Device\HarddiskVolume2\Program Files\Oracle\VirtualBox\VirtualBoxVM.exe' has no imports
35b8.3888: supHardenedWinVerifyImageByHandle: -> 24202 (\Device\HarddiskVolume2\Program Files\Oracle\VirtualBox\VirtualBoxVM.exe)
35b8.3888: supR3HardNtEnableThreadCreationEx:
35b8.3888: supR3HardNtDisableThreadCreation: pvLdrInitThunk=00007ff817a85c20 pvNtTerminateThread=00007ff817aadfb0
35b8.3888: supR3HardenedWinDoReSpawn(1): New child 594.125c [kernel32].
35b8.3888: supR3HardNtChildGatherData: PebBaseAddress=0000000001191000 cbPeb=0x388
35b8.3888: supR3HardNtPuChFindNtdll: uNtDllParentAddr=00007ff817a10000 uNtDllChildAddr=00007ff817a10000
35b8.3888: supR3HardenedWinSetupChildInit: uLdrInitThunk=00007ff817a85c20
35b8.3888: supR3HardenedWinSetupChildInit: Initial context:
  rax=0000000000000000 rbx=0000000000000000 rcx=00007ff6acf57900 rdx=0000000001191000
  rsi=0000000000000000 rdi=0000000000000000 r8 =0000000000000000 r9 =0000000000000000
  r10=0000000000000000 r11=0000000000000000 r12=0000000000000000 r13=0000000000000000
  r14=0000000000000000 r15=0000000000000000  P1=0000000000000000  P2=0000000000000000
  rip=00007ff817a5cc70 rsp=000000000133fe58 rbp=0000000000000000    ctxflags=0010001b
  cs=0033 ss=002b ds=0000 es=0000 fs=0000 gs=0000    eflags=00000200   mxcrx=00001f80
   P3=0000000000000000  P4=0000000000000000  P5=0000000000000000  P6=0000000000000000
  dr0=0000000000000000 dr1=0000000000000000 dr2=0000000000000000 dr3=0000000000000000
  dr6=0000000000000000 dr7=0000000000000000 vcr=0000000000000000 dcr=0000000000000000
  lbt=0000000000000000 lbf=0000000000000000 lxt=0000000000000000 lxf=0000000000000000
35b8.3888: supR3HardenedWinSetupChildInit: Start child.
35b8.3888: supR3HardNtChildWaitFor: Found expected request 0 (PurifyChildAndCloseHandles) after 0 ms.
35b8.3888: supR3HardNtChildPurify: Startup delay kludge #1/0: 527 ms, 34 sleeps
35b8.3888: supHardNtVpScanVirtualMemory: enmKind=CHILD_PURIFICATION
35b8.3888:  *0000000000000000-0000000000feffff 0x0001/0x0000 0x0000000
35b8.3888:  *0000000000ff0000-0000000000ff3fff 0x0002/0x0002 0x0040000
35b8.3888:   0000000000ff4000-0000000000ffffff 0x0001/0x0000 0x0000000
35b8.3888:  *0000000001000000-0000000001190fff 0x0000/0x0004 0x0020000
35b8.3888:   0000000001191000-0000000001193fff 0x0004/0x0004 0x0020000
35b8.3888:   0000000001194000-00000000011fffff 0x0000/0x0004 0x0020000
35b8.3888:  *0000000001200000-000000000121ffff 0x0004/0x0004 0x0020000
35b8.3888:  *0000000001220000-000000000123cfff 0x0002/0x0002 0x0040000
35b8.3888:   000000000123d000-000000000123ffff 0x0001/0x0000 0x0000000
35b8.3888:  *0000000001240000-000000000133afff 0x0000/0x0004 0x0020000
35b8.3888:   000000000133b000-000000000133dfff 0x0104/0x0004 0x0020000
35b8.3888:   000000000133e000-000000000133ffff 0x0004/0x0004 0x0020000
35b8.3888:  *0000000001340000-0000000001341fff 0x0004/0x0004 0x0020000
35b8.3888:   0000000001342000-000000007ffdffff 0x0001/0x0000 0x0000000
35b8.3888:  *000000007ffe0000-000000007ffe0fff 0x0002/0x0002 0x0020000
35b8.3888:   000000007ffe1000-000000007ffe7fff 0x0001/0x0000 0x0000000
35b8.3888:  *000000007ffe8000-000000007ffe8fff 0x0002/0x0002 0x0020000
35b8.3888:   000000007ffe9000-00007ff5865cffff 0x0001/0x0000 0x0000000
35b8.3888:  *00007ff5865d0000-00007ff5865d0fff 0x0002/0x0002 0x0040000
35b8.3888:   00007ff5865d1000-00007ff5865dffff 0x0001/0x0000 0x0000000
35b8.3888:  *00007ff5865e0000-00007ff586602fff 0x0002/0x0002 0x0040000
35b8.3888:   00007ff586603000-00007ff6acf4ffff 0x0001/0x0000 0x0000000
35b8.3888:  *00007ff6acf50000-00007ff6acf50fff 0x0002/0x0080 0x1000000  \Device\HarddiskVolume2\Program Files\Oracle\VirtualBox\VirtualBoxVM.exe
35b8.3888:   00007ff6acf51000-00007ff6acfc8fff 0x0020/0x0080 0x1000000  \Device\HarddiskVolume2\Program Files\Oracle\VirtualBox\VirtualBoxVM.exe
35b8.3888:   00007ff6acfc9000-00007ff6acfc9fff 0x0080/0x0080 0x1000000  \Device\HarddiskVolume2\Program Files\Oracle\VirtualBox\VirtualBoxVM.exe
35b8.3888:   00007ff6acfca000-00007ff6ad013fff 0x0002/0x0080 0x1000000  \Device\HarddiskVolume2\Program Files\Oracle\VirtualBox\VirtualBoxVM.exe
35b8.3888:   00007ff6ad014000-00007ff6ad014fff 0x0004/0x0080 0x1000000  \Device\HarddiskVolume2\Program Files\Oracle\VirtualBox\VirtualBoxVM.exe
35b8.3888:   00007ff6ad015000-00007ff6ad015fff 0x0008/0x0080 0x1000000  \Device\HarddiskVolume2\Program Files\Oracle\VirtualBox\VirtualBoxVM.exe
35b8.3888:   00007ff6ad016000-00007ff6ad01afff 0x0004/0x0080 0x1000000  \Device\HarddiskVolume2\Program Files\Oracle\VirtualBox\VirtualBoxVM.exe
35b8.3888:   00007ff6ad01b000-00007ff6ad01bfff 0x0008/0x0080 0x1000000  \Device\HarddiskVolume2\Program Files\Oracle\VirtualBox\VirtualBoxVM.exe
35b8.3888:   00007ff6ad01c000-00007ff6ad01cfff 0x0004/0x0080 0x1000000  \Device\HarddiskVolume2\Program Files\Oracle\VirtualBox\VirtualBoxVM.exe
35b8.3888:   00007ff6ad01d000-00007ff6ad020fff 0x0008/0x0080 0x1000000  \Device\HarddiskVolume2\Program Files\Oracle\VirtualBox\VirtualBoxVM.exe
35b8.3888:   00007ff6ad021000-00007ff6ad069fff 0x0002/0x0080 0x1000000  \Device\HarddiskVolume2\Program Files\Oracle\VirtualBox\VirtualBoxVM.exe
35b8.3888:   00007ff6ad06a000-00007ff817a0ffff 0x0001/0x0000 0x0000000
35b8.3888:  *00007ff817a10000-00007ff817a10fff 0x0002/0x0080 0x1000000  \Device\HarddiskVolume2\Windows\System32\ntdll.dll
35b8.3888:   00007ff817a11000-00007ff817b2cfff 0x0020/0x0080 0x1000000  \Device\HarddiskVolume2\Windows\System32\ntdll.dll
35b8.3888:   00007ff817b2d000-00007ff817b75fff 0x0002/0x0080 0x1000000  \Device\HarddiskVolume2\Windows\System32\ntdll.dll
35b8.3888:   00007ff817b76000-00007ff817b81fff 0x0008/0x0080 0x1000000  \Device\HarddiskVolume2\Windows\System32\ntdll.dll
35b8.3888:   00007ff817b82000-00007ff817b90fff 0x0002/0x0080 0x1000000  \Device\HarddiskVolume2\Windows\System32\ntdll.dll
35b8.3888:   00007ff817b91000-00007ff817b91fff 0x0004/0x0080 0x1000000  \Device\HarddiskVolume2\Windows\System32\ntdll.dll
35b8.3888:   00007ff817b92000-00007ff817b94fff 0x0008/0x0080 0x1000000  \Device\HarddiskVolume2\Windows\System32\ntdll.dll
35b8.3888:   00007ff817b95000-00007ff817c07fff 0x0002/0x0080 0x1000000  \Device\HarddiskVolume2\Windows\System32\ntdll.dll
35b8.3888:   00007ff817c08000-00007ffffffeffff 0x0001/0x0000 0x0000000
35b8.3888: supR3HardNtChildPurify: Done after 538 ms and 0 fixes (loop #0).
594.125c: Log file opened: 6.1.36r152435 g_hStartupLog=0000000000000004 g_uNtVerCombined=0xa04a6500
594.125c: supR3HardenedVmProcessInit: uNtDllAddr=00007ff817a10000 g_uNtVerCombined=0xa04a6500 (stack ~000000000133f8e8)
594.125c: ntdll.dll: timestamp 0x8a1bb6f3 (rc=VINF_SUCCESS)
594.125c: New simple heap: #1 0000000001450000 LB 0x400000 (for 2064384 allocation)
594.125c: supR3HardenedWinInitAppBin(0x0): '\Device\HarddiskVolume2\Program Files\Oracle\VirtualBox'
35b8.3888: supR3HardNtEnableThreadCreationEx:
594.125c: System32:  \Device\HarddiskVolume2\Windows\System32
594.125c: WinSxS:    \Device\HarddiskVolume2\Windows\WinSxS
594.125c: KnownDllPath: C:\WINDOWS\System32
594.125c: supR3HardenedVmProcessInit: Opening vboxdrv stub...
594.125c: supR3HardenedVmProcessInit: Restoring LdrInitializeThunk...
594.125c: supR3HardenedVmProcessInit: Returning to LdrInitializeThunk...
594.125c: Registered Dll notification callback with NTDLL.
594.125c: supHardenedWinVerifyImageByHandle: -> 0 (\Device\HarddiskVolume2\Windows\System32\kernel32.dll)
594.125c: supR3HardenedWinVerifyCacheInsert: \Device\HarddiskVolume2\Windows\System32\kernel32.dll
594.125c: supR3HardenedMonitor_LdrLoadDll: pName=C:\WINDOWS\System32\KERNEL32.DLL (Input=KERNEL32.DLL, rcNtResolve=0xc0150008) *pfFlags=0xffffffff pwszSearchPath=0000000000004001:<flags> [calling]
594.125c: supR3HardenedDllNotificationCallback: load   00007ff8152e0000 LB 0x002fd000 C:\WINDOWS\System32\KERNELBASE.dll [fFlags=0x0]
594.125c: supHardenedWinVerifyImageByHandle: -> 0 (\Device\HarddiskVolume2\Windows\System32\KernelBase.dll)
594.125c: supR3HardenedWinVerifyCacheInsert: \Device\HarddiskVolume2\Windows\System32\KernelBase.dll
594.125c: supR3HardenedDllNotificationCallback: load   00007ff816e10000 LB 0x000c1000 C:\WINDOWS\System32\KERNEL32.DLL [fFlags=0x0]
594.125c: supR3HardenedScreenImage/LdrLoadDll: cache hit (VINF_SUCCESS) on \Device\HarddiskVolume2\Windows\System32\kernel32.dll [lacks WinVerifyTrust]
594.125c: supR3HardenedMonitor_LdrLoadDll: returns rcNt=0x0 hMod=00007ff816e10000 'C:\WINDOWS\System32\KERNEL32.DLL'
594.125c: supR3HardenedDllNotificationCallback: load   00007ff6acf50000 LB 0x0011a000 C:\Program Files\Oracle\VirtualBox\VirtualBoxVM.exe [fFlags=0x0]
594.125c: \Device\HarddiskVolume2\Program Files\Oracle\VirtualBox\VirtualBoxVM.exe: Signature #1/2: info status: 24202
594.125c: '\Device\HarddiskVolume2\Program Files\Oracle\VirtualBox\VirtualBoxVM.exe' has no imports
594.125c: supHardenedWinVerifyImageByHandle: -> 24202 (\Device\HarddiskVolume2\Program Files\Oracle\VirtualBox\VirtualBoxVM.exe)
594.125c: supR3HardenedWinVerifyCacheInsert: \Device\HarddiskVolume2\Program Files\Oracle\VirtualBox\VirtualBoxVM.exe
594.125c: supR3HardNtDisableThreadCreation: pvLdrInitThunk=00007ff817a85c20 pvNtTerminateThread=00007ff817aadfb0
35b8.3888: supR3HardNtChildWaitFor: Found expected request 1 (CloseEvents) after 131 ms.
594.125c: \SystemRoot\System32\ntdll.dll:
594.125c:     CreationTime:    2024-08-19T14:08:23.559707100Z
594.125c:     LastWriteTime:   2024-08-19T14:08:23.622219800Z
594.125c:     ChangeTime:      2024-08-20T09:08:14.724006200Z
594.125c:     FileAttributes:  0x20
594.125c:     Size:            0x1ef618
594.125c:     NT Headers:      0xe8
594.125c:     Timestamp:       0x8a1bb6f3
594.125c:     Machine:         0x8664 - amd64
594.125c:     Timestamp:       0x8a1bb6f3
594.125c:     Image Version:   10.0
594.125c:     SizeOfImage:     0x1f8000 (2064384)
594.125c:     Resource Dir:    0x186000 LB 0x70508
594.125c:     [Version info resource found at 0xd8! (ID/Name: 0x1; SubID/SubName: 0x409)]
594.125c:     [Raw version resource data: 0x1860f0 LB 0x380, codepage 0x0 (reserved 0x0)]
594.125c:     ProductName:     Microsoft® Windows® Operating System
594.125c:     ProductVersion:  10.0.19041.4522
594.125c:     FileVersion:     10.0.19041.4522 (WinBuild.160101.0800)
594.125c:     FileDescription: NT Layer DLL
594.125c: \SystemRoot\System32\kernel32.dll:
594.125c:     CreationTime:    2024-08-20T09:07:23.472162400Z
594.125c:     LastWriteTime:   2024-08-20T09:07:23.503370800Z
594.125c:     ChangeTime:      2024-08-20T09:17:24.165257900Z
594.125c:     FileAttributes:  0x20
594.125c:     Size:            0xbed68
594.125c:     NT Headers:      0xf8
594.125c:     Timestamp:       0x8f9da098
594.125c:     Machine:         0x8664 - amd64
594.125c:     Timestamp:       0x8f9da098
594.125c:     Image Version:   10.0
594.125c:     SizeOfImage:     0xc1000 (790528)
594.125c:     Resource Dir:    0xbf000 LB 0x520
594.125c:     [Version info resource found at 0x90! (ID/Name: 0x1; SubID/SubName: 0x409)]
594.125c:     [Raw version resource data: 0xbf0b0 LB 0x3a4, codepage 0x0 (reserved 0x0)]
594.125c:     ProductName:     Microsoft® Windows® Operating System
594.125c:     ProductVersion:  10.0.19041.4717
594.125c:     FileVersion:     10.0.19041.4717 (WinBuild.160101.0800)
594.125c:     FileDescription: Windows NT BASE API Client DLL
594.125c: \SystemRoot\System32\KernelBase.dll:
594.125c:     CreationTime:    2024-08-20T09:07:08.413185400Z
594.125c:     LastWriteTime:   2024-08-20T09:07:08.553754600Z
594.125c:     ChangeTime:      2024-08-20T09:17:38.567654200Z
594.125c:     FileAttributes:  0x20
594.125c:     Size:            0x2fe928
594.125c:     NT Headers:      0x100
594.125c:     Timestamp:       0x16b0a901
594.125c:     Machine:         0x8664 - amd64
594.125c:     Timestamp:       0x16b0a901
594.125c:     Image Version:   10.0
594.125c:     SizeOfImage:     0x2fd000 (3133440)
594.125c:     Resource Dir:    0x2d3000 LB 0x548
594.125c:     [Version info resource found at 0x90! (ID/Name: 0x1; SubID/SubName: 0x409)]
594.125c:     [Raw version resource data: 0x2d30b0 LB 0x3bc, codepage 0x0 (reserved 0x0)]
594.125c:     ProductName:     Microsoft® Windows® Operating System
594.125c:     ProductVersion:  10.0.19041.4717
594.125c:     FileVersion:     10.0.19041.4717 (WinBuild.160101.0800)
594.125c:     FileDescription: Windows NT BASE API Client DLL
594.125c: \SystemRoot\System32\apisetschema.dll:
594.125c:     CreationTime:    2024-08-19T14:07:11.038377600Z
594.125c:     LastWriteTime:   2024-08-19T14:07:11.053999200Z
594.125c:     ChangeTime:      2024-08-20T09:08:14.239744800Z
594.125c:     FileAttributes:  0x20
594.125c:     Size:            0x1f970
594.125c:     NT Headers:      0xd0
594.125c:     Timestamp:       0x818769b5
594.125c:     Machine:         0x8664 - amd64
594.125c:     Timestamp:       0x818769b5
594.125c:     Image Version:   10.0
594.125c:     SizeOfImage:     0x20000 (131072)
594.125c:     Resource Dir:    0x1f000 LB 0x408
594.125c:     [Version info resource found at 0x48! (ID/Name: 0x1; SubID/SubName: 0x409)]
594.125c:     [Raw version resource data: 0x1f060 LB 0x3a8, codepage 0x0 (reserved 0x0)]
594.125c:     ProductName:     Microsoft® Windows® Operating System
594.125c:     ProductVersion:  10.0.19041.3996
594.125c:     FileVersion:     10.0.19041.3996 (WinBuild.160101.0800)
594.125c:     FileDescription: ApiSet Schema DLL
594.125c: NtOpenDirectoryObject failed on \Driver: 0xc0000022
594.125c: supR3HardenedWinFindAdversaries: 0x40
594.125c: \SystemRoot\System32\drivers\klim6.sys:
594.125c:     CreationTime:    2023-01-12T15:15:16.000000000Z
594.125c:     LastWriteTime:   2024-01-11T22:28:40.000000000Z
594.125c:     ChangeTime:      2024-05-15T07:48:08.191663900Z
594.125c:     FileAttributes:  0x20
594.125c:     Size:            0x15820
594.125c:     NT Headers:      0xd8
594.125c:     Timestamp:       0x64edbc78
594.125c:     Machine:         0x8664 - amd64
594.125c:     Timestamp:       0x64edbc78
594.125c:     Image Version:   6.1
594.125c:     SizeOfImage:     0x14000 (81920)
594.125c:     Resource Dir:    0x12000 LB 0x488
594.125c:     [Version info resource found at 0x48! (ID/Name: 0x1; SubID/SubName: 0x409)]
594.125c:     [Raw version resource data: 0x12060 LB 0x428, codepage 0x0 (reserved 0x0)]
594.125c:     ProductName:     Coretech Delivery
594.125c:     ProductVersion:  30.1580.0.1240-d7a8faf955441132c101feb7b8a960c1368887c0
594.125c:     FileVersion:     30.1580.0.1240
594.125c:     FileDescription: Packet Network Filter [fre_win7_x64]
594.125c: supR3HardenedWinInitAppBin(0x0): '\Device\HarddiskVolume2\Program Files\Oracle\VirtualBox'
594.125c: Calling main()
594.125c: SUPR3HardenedMain: pszProgName=VirtualBoxVM fFlags=0x2
594.125c: supR3HardenedWinInitAppBin(0x2): '\Device\HarddiskVolume2\Program Files\Oracle\VirtualBox'
594.125c: \Device\HarddiskVolume2\Program Files\Oracle\VirtualBox\VirtualBoxVM.exe: Signature #1/2: info status: 24202
594.125c: '\Device\HarddiskVolume2\Program Files\Oracle\VirtualBox\VirtualBoxVM.exe' has no imports
594.125c: supHardenedWinVerifyImageByHandle: -> 24202 (\Device\HarddiskVolume2\Program Files\Oracle\VirtualBox\VirtualBoxVM.exe)
594.125c: SUPR3HardenedMain: Respawn #2
594.125c: supR3HardNtEnableThreadCreationEx:
594.125c: supR3HardenedDllNotificationCallback: load   00007ff816ee0000 LB 0x00123000 C:\WINDOWS\System32\RPCRT4.dll [fFlags=0x0]
594.125c: supHardenedWinVerifyImageByHandle: -> 0 (\Device\HarddiskVolume2\Windows\System32\rpcrt4.dll)
594.125c: supR3HardenedWinVerifyCacheInsert: \Device\HarddiskVolume2\Windows\System32\rpcrt4.dll
594.125c: supR3HardenedDllNotificationCallback: load   00007ff815930000 LB 0x00027000 C:\WINDOWS\System32\bcrypt.dll [fFlags=0x0]
594.125c: supHardenedWinVerifyImageByHandle: -> 0 (\Device\HarddiskVolume2\Windows\System32\bcrypt.dll)
594.125c: supR3HardenedWinVerifyCacheInsert: \Device\HarddiskVolume2\Windows\System32\bcrypt.dll
594.125c: supR3HardenedDllNotificationCallback: load   00007ff817370000 LB 0x000a0000 C:\WINDOWS\System32\sechost.dll [fFlags=0x0]
594.125c: supR3HardenedWinVerifyCacheScheduleImports: Import todo: #11 'rpcrt4.dll'.
594.125c: supR3HardenedWinVerifyCacheScheduleImports: Import todo: #24 'bcrypt.dll'.
594.125c: supHardenedWinVerifyImageByHandle: -> 0 (\Device\HarddiskVolume2\Windows\System32\sechost.dll)
594.125c: supR3HardenedWinVerifyCacheInsert: \Device\HarddiskVolume2\Windows\System32\sechost.dll
594.125c: '\Device\HarddiskVolume2\Windows\System32\ntdll.dll' has no imports
594.125c: supHardenedWinVerifyImageByHandle: -> 0 (\Device\HarddiskVolume2\Windows\System32\ntdll.dll)
594.125c: supR3HardenedWinVerifyCacheInsert: \Device\HarddiskVolume2\Windows\System32\ntdll.dll
594.125c: supR3HardenedWinVerifyCacheProcessImportTodos: Processing 'bcrypt.dll'...
594.125c: supR3HardenedWinVerifyCacheProcessImportTodos: 'bcrypt.dll' -> '\Device\HarddiskVolume2\Windows\System32\bcrypt.dll' [rcNtRedir=0xc0150008]
594.125c: supR3HardenedScreenImage/Imports: cache hit (VINF_SUCCESS) on \Device\HarddiskVolume2\Windows\System32\bcrypt.dll [lacks WinVerifyTrust]
594.125c: supR3HardenedWinVerifyCacheProcessImportTodos: Processing 'rpcrt4.dll'...
594.125c: supR3HardenedWinVerifyCacheProcessImportTodos: 'rpcrt4.dll' -> '\Device\HarddiskVolume2\Windows\System32\rpcrt4.dll' [rcNtRedir=0xc0150008]
594.125c: supR3HardenedScreenImage/Imports: cache hit (VINF_SUCCESS) on \Device\HarddiskVolume2\Windows\System32\rpcrt4.dll [lacks WinVerifyTrust]
594.125c: supR3HardenedMonitor_LdrLoadDll: pName=C:\WINDOWS\System32\ntdll.dll (Input=ntdll.dll, rcNtResolve=0xc0150008) *pfFlags=0x0 pwszSearchPath=0000000000000801:<flags> [calling]
594.125c: supR3HardenedMonitor_LdrLoadDll: returns rcNt=0x0 hMod=00007ff817a10000 'C:\WINDOWS\System32\ntdll.dll'
594.125c: supR3HardNtDisableThreadCreation: pvLdrInitThunk=00007ff817a85c20 pvNtTerminateThread=00007ff817aadfb0
594.125c: supR3HardenedWinDoReSpawn(2): New child 268c.2c50 [kernel32].
594.125c: supR3HardenedWinReSpawn: NtSetInformationThread/ThreadHideFromDebugger failed: 0xc0000022 (harmless)
594.125c: supR3HardNtChildGatherData: PebBaseAddress=0000000000390000 cbPeb=0x388
594.125c: supR3HardNtPuChFindNtdll: uNtDllParentAddr=00007ff817a10000 uNtDllChildAddr=00007ff817a10000
594.125c: supR3HardenedWinSetupChildInit: uLdrInitThunk=00007ff817a85c20
594.125c: supR3HardenedWinSetupChildInit: Initial context:
  rax=0000000000000000 rbx=0000000000000000 rcx=00007ff6acf57900 rdx=0000000000390000
  rsi=0000000000000000 rdi=0000000000000000 r8 =0000000000000000 r9 =0000000000000000
  r10=0000000000000000 r11=0000000000000000 r12=0000000000000000 r13=0000000000000000
  r14=0000000000000000 r15=0000000000000000  P1=0000000000000000  P2=0000000000000000
  rip=00007ff817a5cc70 rsp=000000000014fbd8 rbp=0000000000000000    ctxflags=0010001b
  cs=0033 ss=002b ds=0000 es=0000 fs=0000 gs=0000    eflags=00000200   mxcrx=00001f80
   P3=0000000000000000  P4=0000000000000000  P5=0000000000000000  P6=0000000000000000
  dr0=0000000000000000 dr1=0000000000000000 dr2=0000000000000000 dr3=0000000000000000
  dr6=0000000000000000 dr7=0000000000000000 vcr=0000000000000000 dcr=0000000000000000
  lbt=0000000000000000 lbf=0000000000000000 lxt=0000000000000000 lxf=0000000000000000
594.125c: kernel32.dll: timestamp 0x8f9da098 (rc=VINF_SUCCESS)
594.125c: supR3HardenedWinSetupChildInit: Start child.
594.125c: supR3HardNtChildWaitFor: Found expected request 0 (PurifyChildAndCloseHandles) after 0 ms.
594.125c: supR3HardNtChildPurify: Startup delay kludge #1/0: 515 ms, 32 sleeps
594.125c: supHardNtVpScanVirtualMemory: enmKind=CHILD_PURIFICATION
594.125c:  *0000000000000000-000000000000ffff 0x0001/0x0000 0x0000000
594.125c:  *0000000000010000-000000000002ffff 0x0004/0x0004 0x0020000
594.125c:  *0000000000030000-000000000004cfff 0x0002/0x0002 0x0040000
594.125c:   000000000004d000-000000000004ffff 0x0001/0x0000 0x0000000
594.125c:  *0000000000050000-000000000014afff 0x0000/0x0004 0x0020000
594.125c:   000000000014b000-000000000014dfff 0x0104/0x0004 0x0020000
594.125c:   000000000014e000-000000000014ffff 0x0004/0x0004 0x0020000
594.125c:  *0000000000150000-0000000000153fff 0x0002/0x0002 0x0040000
594.125c:   0000000000154000-000000000015ffff 0x0001/0x0000 0x0000000
594.125c:  *0000000000160000-0000000000161fff 0x0004/0x0004 0x0020000
594.125c:   0000000000162000-00000000001fffff 0x0001/0x0000 0x0000000
594.125c:  *0000000000200000-000000000038ffff 0x0000/0x0004 0x0020000
594.125c:   0000000000390000-0000000000392fff 0x0004/0x0004 0x0020000
594.125c:   0000000000393000-00000000003fffff 0x0000/0x0004 0x0020000
594.125c:   0000000000400000-000000007ffdffff 0x0001/0x0000 0x0000000
594.125c:  *000000007ffe0000-000000007ffe0fff 0x0002/0x0002 0x0020000
594.125c:   000000007ffe1000-000000007ffe7fff 0x0001/0x0000 0x0000000
594.125c:  *000000007ffe8000-000000007ffe8fff 0x0002/0x0002 0x0020000
594.125c:   000000007ffe9000-00007ff5be25ffff 0x0001/0x0000 0x0000000
594.125c:  *00007ff5be260000-00007ff5be260fff 0x0002/0x0002 0x0040000
594.125c:   00007ff5be261000-00007ff5be26ffff 0x0001/0x0000 0x0000000
594.125c:  *00007ff5be270000-00007ff5be292fff 0x0002/0x0002 0x0040000
594.125c:   00007ff5be293000-00007ff6acf4ffff 0x0001/0x0000 0x0000000
594.125c:  *00007ff6acf50000-00007ff6acf50fff 0x0002/0x0080 0x1000000  \Device\HarddiskVolume2\Program Files\Oracle\VirtualBox\VirtualBoxVM.exe
594.125c:   00007ff6acf51000-00007ff6acfc8fff 0x0020/0x0080 0x1000000  \Device\HarddiskVolume2\Program Files\Oracle\VirtualBox\VirtualBoxVM.exe
594.125c:   00007ff6acfc9000-00007ff6acfc9fff 0x0080/0x0080 0x1000000  \Device\HarddiskVolume2\Program Files\Oracle\VirtualBox\VirtualBoxVM.exe
594.125c:   00007ff6acfca000-00007ff6ad013fff 0x0002/0x0080 0x1000000  \Device\HarddiskVolume2\Program Files\Oracle\VirtualBox\VirtualBoxVM.exe
594.125c:   00007ff6ad014000-00007ff6ad014fff 0x0004/0x0080 0x1000000  \Device\HarddiskVolume2\Program Files\Oracle\VirtualBox\VirtualBoxVM.exe
594.125c:   00007ff6ad015000-00007ff6ad015fff 0x0008/0x0080 0x1000000  \Device\HarddiskVolume2\Program Files\Oracle\VirtualBox\VirtualBoxVM.exe
594.125c:   00007ff6ad016000-00007ff6ad01afff 0x0004/0x0080 0x1000000  \Device\HarddiskVolume2\Program Files\Oracle\VirtualBox\VirtualBoxVM.exe
594.125c:   00007ff6ad01b000-00007ff6ad01bfff 0x0008/0x0080 0x1000000  \Device\HarddiskVolume2\Program Files\Oracle\VirtualBox\VirtualBoxVM.exe
594.125c:   00007ff6ad01c000-00007ff6ad01cfff 0x0004/0x0080 0x1000000  \Device\HarddiskVolume2\Program Files\Oracle\VirtualBox\VirtualBoxVM.exe
594.125c:   00007ff6ad01d000-00007ff6ad020fff 0x0008/0x0080 0x1000000  \Device\HarddiskVolume2\Program Files\Oracle\VirtualBox\VirtualBoxVM.exe
594.125c:   00007ff6ad021000-00007ff6ad069fff 0x0002/0x0080 0x1000000  \Device\HarddiskVolume2\Program Files\Oracle\VirtualBox\VirtualBoxVM.exe
594.125c:   00007ff6ad06a000-00007ff817a0ffff 0x0001/0x0000 0x0000000
594.125c:  *00007ff817a10000-00007ff817a10fff 0x0002/0x0080 0x1000000  \Device\HarddiskVolume2\Windows\System32\ntdll.dll
594.125c:   00007ff817a11000-00007ff817b2cfff 0x0020/0x0080 0x1000000  \Device\HarddiskVolume2\Windows\System32\ntdll.dll
594.125c:   00007ff817b2d000-00007ff817b75fff 0x0002/0x0080 0x1000000  \Device\HarddiskVolume2\Windows\System32\ntdll.dll
594.125c:   00007ff817b76000-00007ff817b81fff 0x0008/0x0080 0x1000000  \Device\HarddiskVolume2\Windows\System32\ntdll.dll
594.125c:   00007ff817b82000-00007ff817b90fff 0x0002/0x0080 0x1000000  \Device\HarddiskVolume2\Windows\System32\ntdll.dll
594.125c:   00007ff817b91000-00007ff817b91fff 0x0004/0x0080 0x1000000  \Device\HarddiskVolume2\Windows\System32\ntdll.dll
594.125c:   00007ff817b92000-00007ff817b94fff 0x0008/0x0080 0x1000000  \Device\HarddiskVolume2\Windows\System32\ntdll.dll
594.125c:   00007ff817b95000-00007ff817c07fff 0x0002/0x0080 0x1000000  \Device\HarddiskVolume2\Windows\System32\ntdll.dll
594.125c:   00007ff817c08000-00007ffffffeffff 0x0001/0x0000 0x0000000
594.125c: VirtualBoxVM.exe: timestamp 0x62d71982 (rc=VINF_SUCCESS)
594.125c: \Device\HarddiskVolume2\Program Files\Oracle\VirtualBox\VirtualBoxVM.exe: Signature #1/2: info status: 24202
594.125c: '\Device\HarddiskVolume2\Program Files\Oracle\VirtualBox\VirtualBoxVM.exe' has no imports
594.125c: '\Device\HarddiskVolume2\Windows\System32\ntdll.dll' has no imports
594.125c: supR3HardNtChildPurify: Done after 594 ms and 0 fixes (loop #0).
268c.2c50: Log file opened: 6.1.36r152435 g_hStartupLog=0000000000000004 g_uNtVerCombined=0xa04a6500
268c.2c50: supR3HardenedVmProcessInit: uNtDllAddr=00007ff817a10000 g_uNtVerCombined=0xa04a6500 (stack ~000000000014f668)
268c.2c50: ntdll.dll: timestamp 0x8a1bb6f3 (rc=VINF_SUCCESS)
268c.2c50: New simple heap: #1 0000000000500000 LB 0x400000 (for 2064384 allocation)
594.125c: supR3HardenedEarlyCompact: Removed heap 1 (0x00000001450000 LB 0x400000)
594.125c: supR3HardNtEnableThreadCreationEx:
268c.2c50: supR3HardenedWinInitAppBin(0x0): '\Device\HarddiskVolume2\Program Files\Oracle\VirtualBox'
268c.2c50: System32:  \Device\HarddiskVolume2\Windows\System32
268c.2c50: WinSxS:    \Device\HarddiskVolume2\Windows\WinSxS
268c.2c50: KnownDllPath: C:\WINDOWS\System32
268c.2c50: supR3HardenedVmProcessInit: Opening vboxdrv...
268c.2c50: supR3HardenedVmProcessInit: Restoring LdrInitializeThunk...
268c.2c50: supR3HardenedVmProcessInit: Returning to LdrInitializeThunk...
268c.2c50: Registered Dll notification callback with NTDLL.
268c.2c50: supHardenedWinVerifyImageByHandle: -> 0 (\Device\HarddiskVolume2\Windows\System32\kernel32.dll)
268c.2c50: supR3HardenedWinVerifyCacheInsert: \Device\HarddiskVolume2\Windows\System32\kernel32.dll
268c.2c50: supR3HardenedMonitor_LdrLoadDll: pName=C:\WINDOWS\System32\KERNEL32.DLL (Input=KERNEL32.DLL, rcNtResolve=0xc0150008) *pfFlags=0xffffffff pwszSearchPath=0000000000004001:<flags> [calling]
268c.2c50: supR3HardenedDllNotificationCallback: load   00007ff8152e0000 LB 0x002fd000 C:\WINDOWS\System32\KERNELBASE.dll [fFlags=0x0]
268c.2c50: supHardenedWinVerifyImageByHandle: -> 0 (\Device\HarddiskVolume2\Windows\System32\KernelBase.dll)
268c.2c50: supR3HardenedWinVerifyCacheInsert: \Device\HarddiskVolume2\Windows\System32\KernelBase.dll
268c.2c50: supR3HardenedDllNotificationCallback: load   00007ff816e10000 LB 0x000c1000 C:\WINDOWS\System32\KERNEL32.DLL [fFlags=0x0]
268c.2c50: supR3HardenedScreenImage/LdrLoadDll: cache hit (VINF_SUCCESS) on \Device\HarddiskVolume2\Windows\System32\kernel32.dll [lacks WinVerifyTrust]
268c.2c50: supR3HardenedMonitor_LdrLoadDll: returns rcNt=0x0 hMod=00007ff816e10000 'C:\WINDOWS\System32\KERNEL32.DLL'
268c.2c50: supR3HardenedDllNotificationCallback: load   00007ff6acf50000 LB 0x0011a000 C:\Program Files\Oracle\VirtualBox\VirtualBoxVM.exe [fFlags=0x0]
268c.2c50: \Device\HarddiskVolume2\Program Files\Oracle\VirtualBox\VirtualBoxVM.exe: Signature #1/2: info status: 24202
268c.2c50: '\Device\HarddiskVolume2\Program Files\Oracle\VirtualBox\VirtualBoxVM.exe' has no imports
268c.2c50: supHardenedWinVerifyImageByHandle: -> 24202 (\Device\HarddiskVolume2\Program Files\Oracle\VirtualBox\VirtualBoxVM.exe)
268c.2c50: supR3HardenedWinVerifyCacheInsert: \Device\HarddiskVolume2\Program Files\Oracle\VirtualBox\VirtualBoxVM.exe
268c.2c50: supR3HardNtDisableThreadCreation: pvLdrInitThunk=00007ff817a85c20 pvNtTerminateThread=00007ff817aadfb0
594.125c: supR3HardNtChildWaitFor: Found expected request 1 (CloseEvents) after 109 ms.
268c.2c50: \SystemRoot\System32\ntdll.dll:
268c.2c50:     CreationTime:    2024-08-19T14:08:23.559707100Z
268c.2c50:     LastWriteTime:   2024-08-19T14:08:23.622219800Z
268c.2c50:     ChangeTime:      2024-08-20T09:08:14.724006200Z
268c.2c50:     FileAttributes:  0x20
268c.2c50:     Size:            0x1ef618
268c.2c50:     NT Headers:      0xe8
268c.2c50:     Timestamp:       0x8a1bb6f3
268c.2c50:     Machine:         0x8664 - amd64
268c.2c50:     Timestamp:       0x8a1bb6f3
268c.2c50:     Image Version:   10.0
268c.2c50:     SizeOfImage:     0x1f8000 (2064384)
268c.2c50:     Resource Dir:    0x186000 LB 0x70508
268c.2c50:     [Version info resource found at 0xd8! (ID/Name: 0x1; SubID/SubName: 0x409)]
268c.2c50:     [Raw version resource data: 0x1860f0 LB 0x380, codepage 0x0 (reserved 0x0)]
268c.2c50:     ProductName:     Microsoft® Windows® Operating System
268c.2c50:     ProductVersion:  10.0.19041.4522
268c.2c50:     FileVersion:     10.0.19041.4522 (WinBuild.160101.0800)
268c.2c50:     FileDescription: NT Layer DLL
268c.2c50: \SystemRoot\System32\kernel32.dll:
268c.2c50:     CreationTime:    2024-08-20T09:07:23.472162400Z
268c.2c50:     LastWriteTime:   2024-08-20T09:07:23.503370800Z
268c.2c50:     ChangeTime:      2024-08-20T09:17:24.165257900Z
268c.2c50:     FileAttributes:  0x20
268c.2c50:     Size:            0xbed68
268c.2c50:     NT Headers:      0xf8
268c.2c50:     Timestamp:       0x8f9da098
268c.2c50:     Machine:         0x8664 - amd64
268c.2c50:     Timestamp:       0x8f9da098
268c.2c50:     Image Version:   10.0
268c.2c50:     SizeOfImage:     0xc1000 (790528)
268c.2c50:     Resource Dir:    0xbf000 LB 0x520
268c.2c50:     [Version info resource found at 0x90! (ID/Name: 0x1; SubID/SubName: 0x409)]
268c.2c50:     [Raw version resource data: 0xbf0b0 LB 0x3a4, codepage 0x0 (reserved 0x0)]
268c.2c50:     ProductName:     Microsoft® Windows® Operating System
268c.2c50:     ProductVersion:  10.0.19041.4717
268c.2c50:     FileVersion:     10.0.19041.4717 (WinBuild.160101.0800)
268c.2c50:     FileDescription: Windows NT BASE API Client DLL
268c.2c50: \SystemRoot\System32\KernelBase.dll:
268c.2c50:     CreationTime:    2024-08-20T09:07:08.413185400Z
268c.2c50:     LastWriteTime:   2024-08-20T09:07:08.553754600Z
268c.2c50:     ChangeTime:      2024-08-20T09:17:38.567654200Z
268c.2c50:     FileAttributes:  0x20
268c.2c50:     Size:            0x2fe928
268c.2c50:     NT Headers:      0x100
268c.2c50:     Timestamp:       0x16b0a901
268c.2c50:     Machine:         0x8664 - amd64
268c.2c50:     Timestamp:       0x16b0a901
268c.2c50:     Image Version:   10.0
268c.2c50:     SizeOfImage:     0x2fd000 (3133440)
268c.2c50:     Resource Dir:    0x2d3000 LB 0x548
268c.2c50:     [Version info resource found at 0x90! (ID/Name: 0x1; SubID/SubName: 0x409)]
268c.2c50:     [Raw version resource data: 0x2d30b0 LB 0x3bc, codepage 0x0 (reserved 0x0)]
268c.2c50:     ProductName:     Microsoft® Windows® Operating System
268c.2c50:     ProductVersion:  10.0.19041.4717
268c.2c50:     FileVersion:     10.0.19041.4717 (WinBuild.160101.0800)
268c.2c50:     FileDescription: Windows NT BASE API Client DLL
268c.2c50: \SystemRoot\System32\apisetschema.dll:
268c.2c50:     CreationTime:    2024-08-19T14:07:11.038377600Z
268c.2c50:     LastWriteTime:   2024-08-19T14:07:11.053999200Z
268c.2c50:     ChangeTime:      2024-08-20T09:08:14.239744800Z
268c.2c50:     FileAttributes:  0x20
268c.2c50:     Size:            0x1f970
268c.2c50:     NT Headers:      0xd0
268c.2c50:     Timestamp:       0x818769b5
268c.2c50:     Machine:         0x8664 - amd64
268c.2c50:     Timestamp:       0x818769b5
268c.2c50:     Image Version:   10.0
268c.2c50:     SizeOfImage:     0x20000 (131072)
268c.2c50:     Resource Dir:    0x1f000 LB 0x408
268c.2c50:     [Version info resource found at 0x48! (ID/Name: 0x1; SubID/SubName: 0x409)]
268c.2c50:     [Raw version resource data: 0x1f060 LB 0x3a8, codepage 0x0 (reserved 0x0)]
268c.2c50:     ProductName:     Microsoft® Windows® Operating System
268c.2c50:     ProductVersion:  10.0.19041.3996
268c.2c50:     FileVersion:     10.0.19041.3996 (WinBuild.160101.0800)
268c.2c50:     FileDescription: ApiSet Schema DLL
268c.2c50: NtOpenDirectoryObject failed on \Driver: 0xc0000022
268c.2c50: supR3HardenedWinFindAdversaries: 0x40
268c.2c50: \SystemRoot\System32\drivers\klim6.sys:
268c.2c50:     CreationTime:    2023-01-12T15:15:16.000000000Z
268c.2c50:     LastWriteTime:   2024-01-11T22:28:40.000000000Z
268c.2c50:     ChangeTime:      2024-05-15T07:48:08.191663900Z
268c.2c50:     FileAttributes:  0x20
268c.2c50:     Size:            0x15820
268c.2c50:     NT Headers:      0xd8
268c.2c50:     Timestamp:       0x64edbc78
268c.2c50:     Machine:         0x8664 - amd64
268c.2c50:     Timestamp:       0x64edbc78
268c.2c50:     Image Version:   6.1
268c.2c50:     SizeOfImage:     0x14000 (81920)
268c.2c50:     Resource Dir:    0x12000 LB 0x488
268c.2c50:     [Version info resource found at 0x48! (ID/Name: 0x1; SubID/SubName: 0x409)]
268c.2c50:     [Raw version resource data: 0x12060 LB 0x428, codepage 0x0 (reserved 0x0)]
268c.2c50:     ProductName:     Coretech Delivery
268c.2c50:     ProductVersion:  30.1580.0.1240-d7a8faf955441132c101feb7b8a960c1368887c0
268c.2c50:     FileVersion:     30.1580.0.1240
268c.2c50:     FileDescription: Packet Network Filter [fre_win7_x64]
268c.2c50: supR3HardenedWinInitAppBin(0x0): '\Device\HarddiskVolume2\Program Files\Oracle\VirtualBox'
268c.2c50: Calling main()
268c.2c50: SUPR3HardenedMain: pszProgName=VirtualBoxVM fFlags=0x2
268c.2c50: supR3HardenedWinInitAppBin(0x2): '\Device\HarddiskVolume2\Program Files\Oracle\VirtualBox'
268c.2c50: \Device\HarddiskVolume2\Program Files\Oracle\VirtualBox\VirtualBoxVM.exe: Signature #1/2: info status: 24202
268c.2c50: '\Device\HarddiskVolume2\Program Files\Oracle\VirtualBox\VirtualBoxVM.exe' has no imports
268c.2c50: supHardenedWinVerifyImageByHandle: -> 24202 (\Device\HarddiskVolume2\Program Files\Oracle\VirtualBox\VirtualBoxVM.exe)
268c.2c50: SUPR3HardenedMain: Final process, opening VBoxDrv...
268c.2c50: supR3HardenedEarlyCompact: Removed heap 1 (0x00000000500000 LB 0x400000)
268c.2c50: supR3HardNtEnableThreadCreationEx:
268c.2c50: \Device\HarddiskVolume2\Program Files\Oracle\VirtualBox\VBoxSupLib.dll: Signature #1/2: info status: 24202
268c.2c50: supHardenedWinVerifyImageByHandle: -> 24202 (\Device\HarddiskVolume2\Program Files\Oracle\VirtualBox\VBoxSupLib.dll)
268c.2c50: supR3HardenedWinVerifyCacheInsert: \Device\HarddiskVolume2\Program Files\Oracle\VirtualBox\VBoxSupLib.dll
268c.2c50: supR3HardenedMonitor_LdrLoadDll: pName=C:\Program Files\Oracle\VirtualBox\VBoxSupLib.DLL (rcNtResolve=0xc0150008) *pfFlags=0x0 pwszSearchPath=0000000000000801:<flags> [calling]
268c.2c50: supR3HardenedScreenImage/NtCreateSection: cache hit (Unknown Status 24202 (0x5e8a)) on \Device\HarddiskVolume2\Program Files\Oracle\VirtualBox\VBoxSupLib.dll [lacks WinVerifyTrust]
268c.2c50: supR3HardenedDllNotificationCallback: load   00007ff810ba0000 LB 0x00005000 C:\Program Files\Oracle\VirtualBox\VBoxSupLib.DLL [fFlags=0x0]
268c.2c50: supR3HardenedScreenImage/LdrLoadDll: cache hit (Unknown Status 24202 (0x5e8a)) on \Device\HarddiskVolume2\Program Files\Oracle\VirtualBox\VBoxSupLib.dll [lacks WinVerifyTrust]
268c.2c50: supR3HardenedScreenImage/LdrLoadDll: cache hit (Unknown Status 24202 (0x5e8a)) on \Device\HarddiskVolume2\Program Files\Oracle\VirtualBox\VBoxSupLib.dll [lacks WinVerifyTrust]
268c.2c50: supR3HardenedMonitor_LdrLoadDll: pName=C:\Program Files\Oracle\VirtualBox\VBoxSupLib.DLL (rcNtResolve=0xc0150008) *pfFlags=0x0 pwszSearchPath=0000000000000001:<flags> [calling]
268c.2c50: supR3HardenedMonitor_LdrLoadDll: returns rcNt=0x0 hMod=00007ff810ba0000 'C:\Program Files\Oracle\VirtualBox\VBoxSupLib.DLL'
268c.2c50: supR3HardenedScreenImage/LdrLoadDll: cache hit (Unknown Status 24202 (0x5e8a)) on \Device\HarddiskVolume2\Program Files\Oracle\VirtualBox\VBoxSupLib.dll [lacks WinVerifyTrust]
268c.2c50: supR3HardenedMonitor_LdrLoadDll: pName=C:\Program Files\Oracle\VirtualBox\VBoxSupLib.DLL (rcNtResolve=0xc0150008) *pfFlags=0x0 pwszSearchPath=0000000000000001:<flags> [calling]
268c.2c50: supR3HardenedMonitor_LdrLoadDll: returns rcNt=0x0 hMod=00007ff810ba0000 'C:\Program Files\Oracle\VirtualBox\VBoxSupLib.DLL'
268c.2c50: supR3HardenedMonitor_LdrLoadDll: returns rcNt=0x0 hMod=00007ff810ba0000 'C:\Program Files\Oracle\VirtualBox\VBoxSupLib.DLL'
268c.2c50: supR3HardenedWinVerifyCacheScheduleImports: Import todo: #0 'msvcrt.dll'.
268c.2c50: supR3HardenedWinVerifyCacheScheduleImports: Import todo: #29 'rpcrt4.dll'.
268c.2c50: supHardenedWinVerifyImageByHandle: -> 0 (\Device\HarddiskVolume2\Windows\System32\wintrust.dll)
268c.2c50: supR3HardenedWinVerifyCacheInsert: \Device\HarddiskVolume2\Windows\System32\wintrust.dll
268c.2c50: supR3HardenedWinVerifyCacheProcessImportTodos: Processing 'rpcrt4.dll'...
268c.2c50: supR3HardenedWinVerifyCacheProcessImportTodos: 'rpcrt4.dll' -> '\Device\HarddiskVolume2\Windows\System32\rpcrt4.dll' [rcNtRedir=0xc0150008]
268c.2c50: supHardenedWinVerifyImageByHandle: -> 0 (\Device\HarddiskVolume2\Windows\System32\rpcrt4.dll)
268c.2c50: supR3HardenedWinVerifyCacheInsert: \Device\HarddiskVolume2\Windows\System32\rpcrt4.dll
268c.2c50: supR3HardenedWinVerifyCacheProcessImportTodos: Processing 'msvcrt.dll'...
268c.2c50: supR3HardenedWinVerifyCacheProcessImportTodos: 'msvcrt.dll' -> '\Device\HarddiskVolume2\Windows\System32\msvcrt.dll' [rcNtRedir=0xc0150008]
268c.2c50: supHardenedWinVerifyImageByHandle: -> 0 (\Device\HarddiskVolume2\Windows\System32\msvcrt.dll)
268c.2c50: supR3HardenedWinVerifyCacheInsert: \Device\HarddiskVolume2\Windows\System32\msvcrt.dll
268c.2c50: supR3HardenedMonitor_LdrLoadDll: pName=C:\WINDOWS\system32\Wintrust.dll (rcNtResolve=0xc0150008) *pfFlags=0x0 pwszSearchPath=0000000000000801:<flags> [calling]
268c.2c50: supR3HardenedDllNotificationCallback: load   00007ff816b40000 LB 0x0009e000 C:\WINDOWS\System32\msvcrt.dll [fFlags=0x0]
268c.2c50: supR3HardenedScreenImage/LdrLoadDll: cache hit (VINF_SUCCESS) on \Device\HarddiskVolume2\Windows\System32\msvcrt.dll [lacks WinVerifyTrust]
268c.2c50: supR3HardenedDllNotificationCallback: load   00007ff816ee0000 LB 0x00123000 C:\WINDOWS\System32\RPCRT4.dll [fFlags=0x0]
268c.2c50: supR3HardenedScreenImage/LdrLoadDll: cache hit (VINF_SUCCESS) on \Device\HarddiskVolume2\Windows\System32\rpcrt4.dll [lacks WinVerifyTrust]
268c.2c50: supR3HardenedDllNotificationCallback: load   00007ff815630000 LB 0x00069000 C:\WINDOWS\System32\Wintrust.dll [fFlags=0x0]
268c.2c50: supR3HardenedScreenImage/LdrLoadDll: cache hit (VINF_SUCCESS) on \Device\HarddiskVolume2\Windows\System32\wintrust.dll [lacks WinVerifyTrust]
268c.2c50: supR3HardenedDllNotificationCallback: load   00007ff815800000 LB 0x00100000 C:\WINDOWS\System32\ucrtbase.dll [fFlags=0x0]
268c.2c50: supHardenedWinVerifyImageByHandle: -> 0 (\Device\HarddiskVolume2\Windows\System32\ucrtbase.dll)
268c.2c50: supR3HardenedWinVerifyCacheInsert: \Device\HarddiskVolume2\Windows\System32\ucrtbase.dll
268c.2c50: supR3HardenedDllNotificationCallback: load   00007ff8156a0000 LB 0x0015e000 C:\WINDOWS\System32\CRYPT32.dll [fFlags=0x0]
268c.2c50: supHardenedWinVerifyImageByHandle: -> 0 (\Device\HarddiskVolume2\Windows\System32\crypt32.dll)
268c.2c50: supR3HardenedWinVerifyCacheInsert: \Device\HarddiskVolume2\Windows\System32\crypt32.dll
268c.2c50: supR3HardenedIsApiSetDll: ApiSetQueryApiSetPresence(api-ms-win-core-synch-l1-2-0) -> 0x0, fPresent=1
268c.2c50: supR3HardenedMonitor_LdrLoadDll: pName=api-ms-win-core-synch-l1-2-0 (rcNtResolve=0x0) *pfFlags=0x0 pwszSearchPath=0000000000000801:<flags> [calling]
268c.2c50: supR3HardenedMonitor_LdrLoadDll: returns rcNt=0x0 hMod=00007ff8152e0000 'api-ms-win-core-synch-l1-2-0'
268c.2c50: supR3HardenedIsApiSetDll: ApiSetQueryApiSetPresence(api-ms-win-core-fibers-l1-1-1) -> 0x0, fPresent=1
268c.2c50: supR3HardenedMonitor_LdrLoadDll: pName=api-ms-win-core-fibers-l1-1-1 (rcNtResolve=0x0) *pfFlags=0x0 pwszSearchPath=0000000000000801:<flags> [calling]
268c.2c50: supR3HardenedMonitor_LdrLoadDll: returns rcNt=0x0 hMod=00007ff8152e0000 'api-ms-win-core-fibers-l1-1-1'
268c.2c50: supR3HardenedIsApiSetDll: ApiSetQueryApiSetPresence(api-ms-win-core-fibers-l1-1-1) -> 0x0, fPresent=1
268c.2c50: supR3HardenedMonitor_LdrLoadDll: pName=api-ms-win-core-fibers-l1-1-1 (rcNtResolve=0x0) *pfFlags=0x0 pwszSearchPath=0000000000000801:<flags> [calling]
268c.2c50: supR3HardenedMonitor_LdrLoadDll: returns rcNt=0x0 hMod=00007ff8152e0000 'api-ms-win-core-fibers-l1-1-1'
268c.2c50: supR3HardenedIsApiSetDll: ApiSetQueryApiSetPresence(api-ms-win-core-synch-l1-2-0) -> 0x0, fPresent=1
268c.2c50: supR3HardenedMonitor_LdrLoadDll: pName=api-ms-win-core-synch-l1-2-0 (rcNtResolve=0x0) *pfFlags=0x0 pwszSearchPath=0000000000000801:<flags> [calling]
268c.2c50: supR3HardenedMonitor_LdrLoadDll: returns rcNt=0x0 hMod=00007ff8152e0000 'api-ms-win-core-synch-l1-2-0'
268c.2c50: supR3HardenedIsApiSetDll: ApiSetQueryApiSetPresence(api-ms-win-core-localization-l1-2-1) -> 0x0, fPresent=1
268c.2c50: supR3HardenedMonitor_LdrLoadDll: pName=api-ms-win-core-localization-l1-2-1 (rcNtResolve=0x0) *pfFlags=0x0 pwszSearchPath=0000000000000801:<flags> [calling]
268c.2c50: supR3HardenedMonitor_LdrLoadDll: returns rcNt=0x0 hMod=00007ff8152e0000 'api-ms-win-core-localization-l1-2-1'
268c.2c50: supHardenedWinVerifyImageByHandle: -> 0 (\Device\HarddiskVolume2\Windows\System32\msasn1.dll)
268c.2c50: supR3HardenedWinVerifyCacheInsert: \Device\HarddiskVolume2\Windows\System32\msasn1.dll
268c.2c50: supR3HardenedDllNotificationCallback: load   00007ff814b70000 LB 0x00012000 C:\WINDOWS\SYSTEM32\MSASN1.dll [fFlags=0x0]
268c.2c50: supR3HardenedScreenImage/LdrLoadDll: cache hit (VINF_SUCCESS) on \Device\HarddiskVolume2\Windows\System32\msasn1.dll [lacks WinVerifyTrust]
268c.2c50: supR3HardenedMonitor_LdrLoadDll: returns rcNt=0x0 hMod=00007ff815630000 'C:\WINDOWS\system32\Wintrust.dll'
268c.2c50: supHardenedWinVerifyImageByHandle: -> 0 (\Device\HarddiskVolume2\Windows\System32\bcrypt.dll)
268c.2c50: supR3HardenedWinVerifyCacheInsert: \Device\HarddiskVolume2\Windows\System32\bcrypt.dll
268c.2c50: supR3HardenedMonitor_LdrLoadDll: pName=C:\WINDOWS\system32\bcrypt.dll (rcNtResolve=0xc0150008) *pfFlags=0x0 pwszSearchPath=0000000000000801:<flags> [calling]
268c.2c50: supR3HardenedDllNotificationCallback: load   00007ff815930000 LB 0x00027000 C:\WINDOWS\System32\bcrypt.dll [fFlags=0x0]
268c.2c50: supR3HardenedScreenImage/LdrLoadDll: cache hit (VINF_SUCCESS) on \Device\HarddiskVolume2\Windows\System32\bcrypt.dll [lacks WinVerifyTrust]
268c.2c50: supR3HardenedMonitor_LdrLoadDll: returns rcNt=0x0 hMod=00007ff815930000 'C:\WINDOWS\system32\bcrypt.dll'
268c.2c50: bcrypt.dll loaded at 00007ff815930000, BCryptOpenAlgorithmProvider at 00007ff815935790, preloading providers:
268c.2c50: supHardenedWinVerifyImageByHandle: -> 0 (\Device\HarddiskVolume2\Windows\System32\bcryptprimitives.dll)
268c.2c50: supR3HardenedWinVerifyCacheInsert: \Device\HarddiskVolume2\Windows\System32\bcryptprimitives.dll
268c.2c50: supR3HardenedMonitor_LdrLoadDll: pName=C:\WINDOWS\system32\bcryptprimitives.dll (rcNtResolve=0xc0150008) *pfFlags=0x0 pwszSearchPath=0000000000000001:<flags> [calling]
268c.2c50: supR3HardenedDllNotificationCallback: load   00007ff8151b0000 LB 0x00082000 C:\WINDOWS\System32\bcryptprimitives.dll [fFlags=0x0]
268c.2c50: supR3HardenedScreenImage/LdrLoadDll: cache hit (VINF_SUCCESS) on \Device\HarddiskVolume2\Windows\System32\bcryptprimitives.dll [lacks WinVerifyTrust]
268c.2c50: supR3HardenedMonitor_LdrLoadDll: returns rcNt=0x0 hMod=00007ff8151b0000 'C:\WINDOWS\system32\bcryptprimitives.dll'
268c.2c50:     BCryptOpenAlgorithmProvider(,'MD2',0,0) -> 0x0 (hAlgo=0000000000a81a50)
268c.2c50:     BCryptOpenAlgorithmProvider(,'MD4',0,0) -> 0x0 (hAlgo=0000000000a820d0)
268c.2c50:     BCryptOpenAlgorithmProvider(,'MD5',0,0) -> 0x0 (hAlgo=0000000000a823f0)
268c.2c50:     BCryptOpenAlgorithmProvider(,'SHA1',0,0) -> 0x0 (hAlgo=0000000000a83720)
268c.2c50:     BCryptOpenAlgorithmProvider(,'SHA256',0,0) -> 0x0 (hAlgo=0000000000a83a40)
268c.2c50:     BCryptOpenAlgorithmProvider(,'SHA512',0,0) -> 0x0 (hAlgo=0000000000a83d60)
268c.2c50:     BCryptOpenAlgorithmProvider(,'RSA',0,0) -> 0x0 (hAlgo=0000000000a84080)
268c.2c50:     BCryptOpenAlgorithmProvider(,'DSA',0,0) -> 0x0 (hAlgo=0000000000a843a0)
268c.2c50: supHardenedWinVerifyImageByHandle: -> 0 (\Device\HarddiskVolume2\Windows\System32\cryptsp.dll)
268c.2c50: supR3HardenedWinVerifyCacheInsert: \Device\HarddiskVolume2\Windows\System32\cryptsp.dll
268c.2c50: supR3HardenedDllNotificationCallback: load   00007ff814930000 LB 0x00018000 C:\WINDOWS\SYSTEM32\CRYPTSP.dll [fFlags=0x0]
268c.2c50: supR3HardenedScreenImage/LdrLoadDll: cache hit (VINF_SUCCESS) on \Device\HarddiskVolume2\Windows\System32\cryptsp.dll [lacks WinVerifyTrust]
268c.2c50: supR3HardenedWinVerifyCacheScheduleImports: Import todo: #18 'bcrypt.dll'.
268c.2c50: supHardenedWinVerifyImageByHandle: -> 0 (\Device\HarddiskVolume2\Windows\System32\rsaenh.dll)
268c.2c50: supR3HardenedWinVerifyCacheInsert: \Device\HarddiskVolume2\Windows\System32\rsaenh.dll
268c.2c50: supR3HardenedWinVerifyCacheProcessImportTodos: Processing 'bcrypt.dll'...
268c.2c50: supR3HardenedWinVerifyCacheProcessImportTodos: 'bcrypt.dll' -> '\Device\HarddiskVolume2\Windows\System32\bcrypt.dll' [rcNtRedir=0xc0150008]
268c.2c50: supR3HardenedScreenImage/Imports: cache hit (VINF_SUCCESS) on \Device\HarddiskVolume2\Windows\System32\bcrypt.dll [lacks WinVerifyTrust]
268c.2c50: supR3HardenedMonitor_LdrLoadDll: pName=C:\WINDOWS\system32\rsaenh.dll (rcNtResolve=0xc0150008) *pfFlags=0x0 pwszSearchPath=0000000000000001:<flags> [calling]
268c.2c50: supR3HardenedScreenImage/NtCreateSection: cache hit (VINF_SUCCESS) on \Device\HarddiskVolume2\Windows\System32\rsaenh.dll [lacks WinVerifyTrust]
268c.2c50: supR3HardenedDllNotificationCallback: load   00007ff814060000 LB 0x00034000 C:\WINDOWS\system32\rsaenh.dll [fFlags=0x0]
268c.2c50: supR3HardenedScreenImage/LdrLoadDll: cache hit (VINF_SUCCESS) on \Device\HarddiskVolume2\Windows\System32\rsaenh.dll [lacks WinVerifyTrust]
268c.2c50: supR3HardenedMonitor_LdrLoadDll: returns rcNt=0x0 hMod=00007ff814060000 'C:\WINDOWS\system32\rsaenh.dll'
268c.2c50: supHardenedWinVerifyImageByHandle: -> 0 (\Device\HarddiskVolume2\Windows\System32\cryptbase.dll)
268c.2c50: supR3HardenedWinVerifyCacheInsert: \Device\HarddiskVolume2\Windows\System32\cryptbase.dll
268c.2c50: supR3HardenedDllNotificationCallback: load   00007ff814950000 LB 0x0000c000 C:\WINDOWS\SYSTEM32\CRYPTBASE.dll [fFlags=0x0]
268c.2c50: supR3HardenedScreenImage/LdrLoadDll: cache hit (VINF_SUCCESS) on \Device\HarddiskVolume2\Windows\System32\cryptbase.dll [lacks WinVerifyTrust]
268c.2c50: supR3HardenedScreenImage/LdrLoadDll: cache hit (VINF_SUCCESS) on \Device\HarddiskVolume2\Windows\System32\kernel32.dll [lacks WinVerifyTrust]
268c.2c50: supR3HardenedMonitor_LdrLoadDll: pName=C:\WINDOWS\System32\kernel32.dll (Input=kernel32.dll, rcNtResolve=0xc0150008) *pfFlags=0x0 pwszSearchPath=0000000000000001:<flags> [calling]
268c.2c50: supR3HardenedMonitor_LdrLoadDll: returns rcNt=0x0 hMod=00007ff816e10000 'C:\WINDOWS\System32\kernel32.dll'
268c.2c50: supR3HardenedScreenImage/LdrLoadDll: cache hit (VINF_SUCCESS) on \Device\HarddiskVolume2\Windows\System32\wintrust.dll [lacks WinVerifyTrust]
268c.2c50: supR3HardenedMonitor_LdrLoadDll: pName=C:\WINDOWS\System32\WINTRUST.DLL (Input=WINTRUST.DLL, rcNtResolve=0xc0150008) *pfFlags=0x0 pwszSearchPath=0000000000000001:<flags> [calling]
268c.2c50: supR3HardenedMonitor_LdrLoadDll: returns rcNt=0x0 hMod=00007ff815630000 'C:\WINDOWS\System32\WINTRUST.DLL'
268c.2c50: supR3HardenedScreenImage/LdrLoadDll: cache hit (VINF_SUCCESS) on \Device\HarddiskVolume2\Windows\System32\crypt32.dll [lacks WinVerifyTrust]
268c.2c50: supR3HardenedMonitor_LdrLoadDll: pName=C:\WINDOWS\System32\CRYPT32.dll (rcNtResolve=0xc0150008) *pfFlags=0x2 pwszSearchPath=0000000000000001:<flags> [calling]
268c.2c50: supR3HardenedMonitor_LdrLoadDll: returns rcNt=0x0 hMod=00007ff8156a0000 'C:\WINDOWS\System32\CRYPT32.dll'
268c.2c50: supR3HardenedDllNotificationCallback: load   00007ff817350000 LB 0x0001d000 C:\WINDOWS\System32\imagehlp.dll [fFlags=0x0]
268c.2c50: supHardenedWinVerifyImageByHandle: -> 0 (\Device\HarddiskVolume2\Windows\System32\imagehlp.dll)
268c.2c50: supR3HardenedWinVerifyCacheInsert: \Device\HarddiskVolume2\Windows\System32\imagehlp.dll
268c.2c50: supR3HardenedScreenImage/LdrLoadDll: cache hit (VINF_SUCCESS) on \Device\HarddiskVolume2\Windows\System32\rsaenh.dll [lacks WinVerifyTrust]
268c.2c50: supR3HardenedMonitor_LdrLoadDll: pName=C:\WINDOWS\system32\rsaenh.dll (rcNtResolve=0xc0150008) *pfFlags=0x0 pwszSearchPath=0000000000000001:<flags> [calling]
268c.2c50: supR3HardenedMonitor_LdrLoadDll: returns rcNt=0x0 hMod=00007ff814060000 'C:\WINDOWS\system32\rsaenh.dll'
268c.2c50: supR3HardenedDllNotificationCallback: load   00007ff817370000 LB 0x000a0000 C:\WINDOWS\System32\sechost.dll [fFlags=0x0]
268c.2c50: supR3HardenedWinVerifyCacheScheduleImports: Import todo: #11 'rpcrt4.dll'.
268c.2c50: supR3HardenedWinVerifyCacheScheduleImports: Import todo: #24 'bcrypt.dll'.
268c.2c50: supHardenedWinVerifyImageByHandle: -> 0 (\Device\HarddiskVolume2\Windows\System32\sechost.dll)
268c.2c50: supR3HardenedWinVerifyCacheInsert: \Device\HarddiskVolume2\Windows\System32\sechost.dll
268c.2c50: supR3HardenedWinVerifyCacheScheduleImports: Import todo: #0 'msvcrt.dll'.
268c.2c50: supR3HardenedWinVerifyCacheScheduleImports: Import todo: #10 'rpcrt4.dll'.
268c.2c50: supHardenedWinVerifyImageByHandle: -> 0 (\Device\HarddiskVolume2\Windows\System32\gpapi.dll)
268c.2c50: supR3HardenedWinVerifyCacheInsert: \Device\HarddiskVolume2\Windows\System32\gpapi.dll
268c.2c50: supR3HardenedDllNotificationCallback: load   00007ff8138e0000 LB 0x00023000 C:\WINDOWS\SYSTEM32\gpapi.dll [fFlags=0x0]
268c.2c50: supR3HardenedScreenImage/LdrLoadDll: cache hit (VINF_SUCCESS) on \Device\HarddiskVolume2\Windows\System32\gpapi.dll [lacks WinVerifyTrust]
268c.2c50: supHardenedWinVerifyImageByHandle: -> 0 (\Device\HarddiskVolume2\Windows\System32\profapi.dll)
268c.2c50: supR3HardenedWinVerifyCacheInsert: \Device\HarddiskVolume2\Windows\System32\profapi.dll
268c.2c50: supR3HardenedDllNotificationCallback: load   00007ff814fc0000 LB 0x00024000 C:\WINDOWS\SYSTEM32\profapi.dll [fFlags=0x0]
268c.2c50: supR3HardenedScreenImage/LdrLoadDll: cache hit (VINF_SUCCESS) on \Device\HarddiskVolume2\Windows\System32\profapi.dll [lacks WinVerifyTrust]
268c.2c50: supR3HardenedWinVerifyCacheScheduleImports: Import todo: #0 'msvcrt.dll'.
268c.2c50: supR3HardenedWinVerifyCacheScheduleImports: Import todo: #8 'crypt32.dll'.
268c.2c50: supHardenedWinVerifyImageByHandle: -> 0 (\Device\HarddiskVolume2\Windows\System32\cryptnet.dll)
268c.2c50: supR3HardenedWinVerifyCacheInsert: \Device\HarddiskVolume2\Windows\System32\cryptnet.dll
268c.2c50: supR3HardenedWinVerifyCacheProcessImportTodos: Processing 'crypt32.dll'...
268c.2c50: supR3HardenedWinVerifyCacheProcessImportTodos: 'crypt32.dll' -> '\Device\HarddiskVolume2\Windows\System32\crypt32.dll' [rcNtRedir=0xc0150008]
268c.2c50: supR3HardenedScreenImage/Imports: cache hit (VINF_SUCCESS) on \Device\HarddiskVolume2\Windows\System32\crypt32.dll [lacks WinVerifyTrust]
268c.2c50: supR3HardenedWinVerifyCacheProcessImportTodos: Processing 'msvcrt.dll'...
268c.2c50: supR3HardenedWinVerifyCacheProcessImportTodos: 'msvcrt.dll' -> '\Device\HarddiskVolume2\Windows\System32\msvcrt.dll' [rcNtRedir=0xc0150008]
268c.2c50: supR3HardenedScreenImage/Imports: cache hit (VINF_SUCCESS) on \Device\HarddiskVolume2\Windows\System32\msvcrt.dll [lacks WinVerifyTrust]
268c.2c50: supR3HardenedWinVerifyCacheProcessImportTodos: Processing 'rpcrt4.dll'...
268c.2c50: supR3HardenedWinVerifyCacheProcessImportTodos: 'rpcrt4.dll' -> '\Device\HarddiskVolume2\Windows\System32\rpcrt4.dll' [rcNtRedir=0xc0150008]
268c.2c50: supR3HardenedScreenImage/Imports: cache hit (VINF_SUCCESS) on \Device\HarddiskVolume2\Windows\System32\rpcrt4.dll [lacks WinVerifyTrust]
268c.2c50: supR3HardenedWinVerifyCacheProcessImportTodos: Processing 'msvcrt.dll'...
268c.2c50: supR3HardenedWinVerifyCacheProcessImportTodos: 'msvcrt.dll' -> '\Device\HarddiskVolume2\Windows\System32\msvcrt.dll' [rcNtRedir=0xc0150008]
268c.2c50: supR3HardenedScreenImage/Imports: cache hit (VINF_SUCCESS) on \Device\HarddiskVolume2\Windows\System32\msvcrt.dll [lacks WinVerifyTrust]
268c.2c50: supR3HardenedWinVerifyCacheProcessImportTodos: Processing 'bcrypt.dll'...
268c.2c50: supR3HardenedWinVerifyCacheProcessImportTodos: 'bcrypt.dll' -> '\Device\HarddiskVolume2\Windows\System32\bcrypt.dll' [rcNtRedir=0xc0150008]
268c.2c50: supR3HardenedScreenImage/Imports: cache hit (VINF_SUCCESS) on \Device\HarddiskVolume2\Windows\System32\bcrypt.dll [lacks WinVerifyTrust]
268c.2c50: supR3HardenedWinVerifyCacheProcessImportTodos: Processing 'rpcrt4.dll'...
268c.2c50: supR3HardenedWinVerifyCacheProcessImportTodos: 'rpcrt4.dll' -> '\Device\HarddiskVolume2\Windows\System32\rpcrt4.dll' [rcNtRedir=0xc0150008]
268c.2c50: supR3HardenedScreenImage/Imports: cache hit (VINF_SUCCESS) on \Device\HarddiskVolume2\Windows\System32\rpcrt4.dll [lacks WinVerifyTrust]
268c.2c50: supR3HardenedMonitor_LdrLoadDll: pName=C:\WINDOWS\System32\cryptnet.dll (Input=cryptnet.dll, rcNtResolve=0xc0150008) *pfFlags=0x0 pwszSearchPath=0000000000000001:<flags> [calling]
268c.2c50: supR3HardenedScreenImage/NtCreateSection: cache hit (VINF_SUCCESS) on \Device\HarddiskVolume2\Windows\System32\cryptnet.dll [lacks WinVerifyTrust]
268c.2c50: supR3HardenedDllNotificationCallback: load   00007ffff8b70000 LB 0x00031000 C:\WINDOWS\System32\cryptnet.dll [fFlags=0x0]
268c.2c50: supR3HardenedScreenImage/LdrLoadDll: cache hit (VINF_SUCCESS) on \Device\HarddiskVolume2\Windows\System32\cryptnet.dll [lacks WinVerifyTrust]
268c.2c50: supR3HardenedScreenImage/LdrLoadDll: cache hit (VINF_SUCCESS) on \Device\HarddiskVolume2\Windows\System32\cryptnet.dll [lacks WinVerifyTrust]
268c.2c50: supR3HardenedMonitor_LdrLoadDll: pName=C:\WINDOWS\System32\cryptnet.dll (rcNtResolve=0xc0150008) *pfFlags=0x2 pwszSearchPath=0000000000000001:<flags> [calling]
268c.2c50: supR3HardenedMonitor_LdrLoadDll: returns rcNt=0x0 hMod=00007ffff8b70000 'C:\WINDOWS\System32\cryptnet.dll'
268c.2c50: supR3HardenedScreenImage/LdrLoadDll: cache hit (VINF_SUCCESS) on \Device\HarddiskVolume2\Windows\System32\cryptnet.dll [lacks WinVerifyTrust]
268c.2c50: supR3HardenedMonitor_LdrLoadDll: pName=C:\WINDOWS\System32\cryptnet.dll (rcNtResolve=0xc0150008) *pfFlags=0x2 pwszSearchPath=0000000000000001:<flags> [calling]
268c.2c50: supR3HardenedMonitor_LdrLoadDll: returns rcNt=0x0 hMod=00007ffff8b70000 'C:\WINDOWS\System32\cryptnet.dll'
268c.2c50: supR3HardenedScreenImage/LdrLoadDll: cache hit (VINF_SUCCESS) on \Device\HarddiskVolume2\Windows\System32\cryptnet.dll [lacks WinVerifyTrust]
268c.2c50: supR3HardenedMonitor_LdrLoadDll: pName=C:\WINDOWS\System32\cryptnet.dll (rcNtResolve=0xc0150008) *pfFlags=0x2 pwszSearchPath=0000000000000001:<flags> [calling]
268c.2c50: supR3HardenedMonitor_LdrLoadDll: returns rcNt=0x0 hMod=00007ffff8b70000 'C:\WINDOWS\System32\cryptnet.dll'
268c.2c50: supR3HardenedScreenImage/LdrLoadDll: cache hit (VINF_SUCCESS) on \Device\HarddiskVolume2\Windows\System32\cryptnet.dll [lacks WinVerifyTrust]
268c.2c50: supR3HardenedMonitor_LdrLoadDll: pName=C:\WINDOWS\System32\cryptnet.dll (rcNtResolve=0xc0150008) *pfFlags=0x2 pwszSearchPath=0000000000000001:<flags> [calling]
268c.2c50: supR3HardenedMonitor_LdrLoadDll: returns rcNt=0x0 hMod=00007ffff8b70000 'C:\WINDOWS\System32\cryptnet.dll'
268c.2c50: supR3HardenedScreenImage/LdrLoadDll: cache hit (VINF_SUCCESS) on \Device\HarddiskVolume2\Windows\System32\cryptnet.dll [lacks WinVerifyTrust]
268c.2c50: supR3HardenedMonitor_LdrLoadDll: pName=C:\WINDOWS\System32\cryptnet.dll (rcNtResolve=0xc0150008) *pfFlags=0x2 pwszSearchPath=0000000000000001:<flags> [calling]
268c.2c50: supR3HardenedMonitor_LdrLoadDll: returns rcNt=0x0 hMod=00007ffff8b70000 'C:\WINDOWS\System32\cryptnet.dll'
268c.2c50: supR3HardenedScreenImage/LdrLoadDll: cache hit (VINF_SUCCESS) on \Device\HarddiskVolume2\Windows\System32\cryptnet.dll [lacks WinVerifyTrust]
268c.2c50: supR3HardenedMonitor_LdrLoadDll: pName=C:\WINDOWS\System32\cryptnet.dll (rcNtResolve=0xc0150008) *pfFlags=0x2 pwszSearchPath=0000000000000001:<flags> [calling]
268c.2c50: supR3HardenedMonitor_LdrLoadDll: returns rcNt=0x0 hMod=00007ffff8b70000 'C:\WINDOWS\System32\cryptnet.dll'
268c.2c50: supR3HardenedScreenImage/LdrLoadDll: cache hit (VINF_SUCCESS) on \Device\HarddiskVolume2\Windows\System32\cryptnet.dll [lacks WinVerifyTrust]
268c.2c50: supR3HardenedMonitor_LdrLoadDll: returns rcNt=0x0 hMod=00007ffff8b70000 'C:\WINDOWS\System32\cryptnet.dll'
268c.2c50: supR3HardenedScreenImage/LdrLoadDll: cache hit (VINF_SUCCESS) on \Device\HarddiskVolume2\Windows\System32\cryptnet.dll [lacks WinVerifyTrust]
268c.2c50: supR3HardenedMonitor_LdrLoadDll: returns rcNt=0x0 hMod=00007ffff8b70000 'C:\WINDOWS\System32\cryptnet.dll'
268c.2c50: supR3HardenedScreenImage/LdrLoadDll: cache hit (VINF_SUCCESS) on \Device\HarddiskVolume2\Windows\System32\cryptnet.dll [lacks WinVerifyTrust]
268c.2c50: supR3HardenedMonitor_LdrLoadDll: returns rcNt=0x0 hMod=00007ffff8b70000 'C:\WINDOWS\System32\cryptnet.dll'
268c.2c50: supR3HardenedScreenImage/LdrLoadDll: cache hit (VINF_SUCCESS) on \Device\HarddiskVolume2\Windows\System32\cryptnet.dll [lacks WinVerifyTrust]
268c.2c50: supR3HardenedMonitor_LdrLoadDll: returns rcNt=0x0 hMod=00007ffff8b70000 'C:\WINDOWS\System32\cryptnet.dll'
268c.2c50: supR3HardenedScreenImage/LdrLoadDll: cache hit (VINF_SUCCESS) on \Device\HarddiskVolume2\Windows\System32\cryptnet.dll [lacks WinVerifyTrust]
268c.2c50: supR3HardenedMonitor_LdrLoadDll: returns rcNt=0x0 hMod=00007ffff8b70000 'C:\WINDOWS\System32\cryptnet.dll'
268c.2c50: supR3HardenedMonitor_LdrLoadDll: returns rcNt=0x0 hMod=00007ffff8b70000 'C:\WINDOWS\System32\cryptnet.dll'
268c.2c50: supR3HardenedScreenImage/LdrLoadDll: cache hit (VINF_SUCCESS) on \Device\HarddiskVolume2\Windows\System32\cryptnet.dll [lacks WinVerifyTrust]
268c.2c50: supR3HardenedMonitor_LdrLoadDll: returns rcNt=0x0 hMod=00007ffff8b70000 'C:\Windows\System32\cryptnet.dll'
268c.2c50: supR3HardenedScreenImage/LdrLoadDll: cache hit (VINF_SUCCESS) on \Device\HarddiskVolume2\Windows\System32\crypt32.dll [lacks WinVerifyTrust]
268c.2c50: supR3HardenedMonitor_LdrLoadDll: pName=C:\WINDOWS\System32\crypt32.dll (Input=crypt32.dll, rcNtResolve=0xc0150008) *pfFlags=0x0 pwszSearchPath=0000000000000001:<flags> [calling]
268c.2c50: supR3HardenedMonitor_LdrLoadDll: returns rcNt=0x0 hMod=00007ff8156a0000 'C:\WINDOWS\System32\crypt32.dll'
268c.2c50: supR3HardenedDllNotificationCallback: load   00007ff816780000 LB 0x000b0000 C:\WINDOWS\System32\advapi32.dll [fFlags=0x0]
268c.2c50: supR3HardenedWinVerifyCacheScheduleImports: Import todo: #0 'msvcrt.dll'.
268c.2c50: supR3HardenedWinVerifyCacheScheduleImports: Import todo: #6 'sechost.dll'.
268c.2c50: supR3HardenedWinVerifyCacheScheduleImports: Import todo: #27 'rpcrt4.dll'.
268c.2c50: supHardenedWinVerifyImageByHandle: -> 0 (\Device\HarddiskVolume2\Windows\System32\advapi32.dll)
268c.2c50: supR3HardenedWinVerifyCacheInsert: \Device\HarddiskVolume2\Windows\System32\advapi32.dll
268c.2c50: supR3HardenedScreenImage/LdrLoadDll: cache hit (VINF_SUCCESS) on \Device\HarddiskVolume2\Windows\System32\rsaenh.dll [lacks WinVerifyTrust]
268c.2c50: supR3HardenedWinVerifyCacheProcessImportTodos: Processing 'rpcrt4.dll'...
268c.2c50: supR3HardenedWinVerifyCacheProcessImportTodos: 'rpcrt4.dll' -> '\Device\HarddiskVolume2\Windows\System32\rpcrt4.dll' [rcNtRedir=0xc0150008]
268c.2c50: supR3HardenedScreenImage/Imports: cache hit (VINF_SUCCESS) on \Device\HarddiskVolume2\Windows\System32\rpcrt4.dll [lacks WinVerifyTrust]
268c.2c50: supR3HardenedWinVerifyCacheProcessImportTodos: Processing 'sechost.dll'...
268c.2c50: supR3HardenedWinVerifyCacheProcessImportTodos: 'sechost.dll' -> '\Device\HarddiskVolume2\Windows\System32\sechost.dll' [rcNtRedir=0xc0150008]
268c.2c50: supR3HardenedScreenImage/Imports: cache hit (VINF_SUCCESS) on \Device\HarddiskVolume2\Windows\System32\sechost.dll [lacks WinVerifyTrust]
268c.2c50: supR3HardenedWinVerifyCacheProcessImportTodos: Processing 'msvcrt.dll'...
268c.2c50: supR3HardenedWinVerifyCacheProcessImportTodos: 'msvcrt.dll' -> '\Device\HarddiskVolume2\Windows\System32\msvcrt.dll' [rcNtRedir=0xc0150008]
268c.2c50: supR3HardenedScreenImage/Imports: cache hit (VINF_SUCCESS) on \Device\HarddiskVolume2\Windows\System32\msvcrt.dll [lacks WinVerifyTrust]
268c.2c50: supR3HardenedMonitor_LdrLoadDll: pName=C:\WINDOWS\system32\rsaenh.dll (rcNtResolve=0xc0150008) *pfFlags=0x0 pwszSearchPath=0000000000000001:<flags> [calling]
268c.2c50: supR3HardenedMonitor_LdrLoadDll: returns rcNt=0x0 hMod=00007ff814060000 'C:\WINDOWS\system32\rsaenh.dll'
268c.2c50: supR3HardenedScreenImage/LdrLoadDll: cache hit (VINF_SUCCESS) on \Device\HarddiskVolume2\Windows\System32\crypt32.dll [lacks WinVerifyTrust]
268c.2c50: supR3HardenedMonitor_LdrLoadDll: pName=C:\WINDOWS\System32\crypt32.dll (Input=crypt32.dll, rcNtResolve=0xc0150008) *pfFlags=0x0 pwszSearchPath=0000000000000001:<flags> [calling]
268c.2c50: supR3HardenedMonitor_LdrLoadDll: returns rcNt=0x0 hMod=00007ff8156a0000 'C:\WINDOWS\System32\crypt32.dll'
268c.2c50: supR3HardNtViCallWinVerifyTrustCatFile: hFile=0000000000000000 pwszName=\SystemRoot\System32\ntdll.dll
268c.2c50: supR3HardNtViCallWinVerifyTrustCatFile: New context 00000000010bdd10
268c.2c50: supR3HardNtViCallWinVerifyTrustCatFile: hCatAdmin=00000000010bdd10
268c.2c50: supR3HardNtViCallWinVerifyTrustCatFile: cbHash=20 wszDigest=6BB03C7D11938606A9B49B9DA9234803F5EA5AC1
268c.2c50: supR3HardenedScreenImage/LdrLoadDll: cache hit (VINF_SUCCESS) on \Device\HarddiskVolume2\Windows\System32\rpcrt4.dll [lacks WinVerifyTrust]
268c.2c50: supR3HardenedMonitor_LdrLoadDll: pName=C:\WINDOWS\System32\rpcrt4.dll (Input=rpcrt4.dll, rcNtResolve=0xc0150008) *pfFlags=0x0 pwszSearchPath=0000000000000001:<flags> [calling]
268c.2c50: supR3HardenedMonitor_LdrLoadDll: returns rcNt=0x0 hMod=00007ff816ee0000 'C:\WINDOWS\System32\rpcrt4.dll'
268c.2c50: supR3HardenedScreenImage/LdrLoadDll: cache hit (VINF_SUCCESS) on \Device\HarddiskVolume2\Windows\System32\rsaenh.dll [lacks WinVerifyTrust]
268c.2c50: supR3HardenedMonitor_LdrLoadDll: pName=C:\WINDOWS\system32\rsaenh.dll (rcNtResolve=0xc0150008) *pfFlags=0x0 pwszSearchPath=0000000000000001:<flags> [calling]
268c.2c50: supR3HardenedMonitor_LdrLoadDll: returns rcNt=0x0 hMod=00007ff814060000 'C:\WINDOWS\system32\rsaenh.dll'
268c.2c50: supR3HardenedScreenImage/LdrLoadDll: cache hit (VINF_SUCCESS) on \Device\HarddiskVolume2\Windows\System32\crypt32.dll [lacks WinVerifyTrust]
268c.2c50: supR3HardenedMonitor_LdrLoadDll: pName=C:\WINDOWS\System32\crypt32.dll (Input=crypt32.dll, rcNtResolve=0xc0150008) *pfFlags=0x0 pwszSearchPath=0000000000000001:<flags> [calling]
268c.2c50: supR3HardenedMonitor_LdrLoadDll: returns rcNt=0x0 hMod=00007ff8156a0000 'C:\WINDOWS\System32\crypt32.dll'
268c.2c50: supR3HardNtViCallWinVerifyTrustCatFile: WinVerifyTrust => 0x0; cat='C:\WINDOWS\system32\CatRoot\{F750E6C3-38EE-11D1-85E5-00C04FC295EE}\Microsoft-Windows-Client-Desktop-Required-Package0516~31bf3856ad364e35~amd64~~10.0.19041.4598.cat'; file='\SystemRoot\System32\ntdll.dll'
268c.2c50: g_pfnWinVerifyTrust=00007ff815631ee0
268c.2c50: supR3HardenedScreenImage/preload: cache hit (VINF_SUCCESS) on \Device\HarddiskVolume2\Windows\System32\crypt32.dll [redoing WinVerifyTrust]
268c.2c50: supR3HardenedScreenImage/LdrLoadDll: cache hit (VINF_SUCCESS) on \Device\HarddiskVolume2\Windows\System32\rsaenh.dll [lacks WinVerifyTrust]
268c.2c50: supR3HardenedMonitor_LdrLoadDll: pName=C:\WINDOWS\system32\rsaenh.dll (rcNtResolve=0xc0150008) *pfFlags=0x0 pwszSearchPath=0000000000000001:<flags> [calling]
268c.2c50: supR3HardenedMonitor_LdrLoadDll: returns rcNt=0x0 hMod=00007ff814060000 'C:\WINDOWS\system32\rsaenh.dll'
268c.2c50: supR3HardenedScreenImage/LdrLoadDll: cache hit (VINF_SUCCESS) on \Device\HarddiskVolume2\Windows\System32\crypt32.dll [lacks WinVerifyTrust]
268c.2c50: supR3HardenedMonitor_LdrLoadDll: pName=C:\WINDOWS\System32\crypt32.dll (Input=crypt32.dll, rcNtResolve=0xc0150008) *pfFlags=0x0 pwszSearchPath=0000000000000001:<flags> [calling]
268c.2c50: supR3HardenedMonitor_LdrLoadDll: returns rcNt=0x0 hMod=00007ff8156a0000 'C:\WINDOWS\System32\crypt32.dll'
268c.2c50: supR3HardenedScreenImage/preload: 0 (was 0) fWinVerifyTrust=1 for '\Device\HarddiskVolume2\Windows\System32\crypt32.dll'
268c.2c50: supR3HardenedScreenImage/preload: cache hit (VINF_SUCCESS) on \Device\HarddiskVolume2\Windows\System32\wintrust.dll [redoing WinVerifyTrust]
268c.2c50: supR3HardenedScreenImage/LdrLoadDll: cache hit (VINF_SUCCESS) on \Device\HarddiskVolume2\Windows\System32\rsaenh.dll [lacks WinVerifyTrust]
268c.2c50: supR3HardenedMonitor_LdrLoadDll: pName=C:\WINDOWS\system32\rsaenh.dll (rcNtResolve=0xc0150008) *pfFlags=0x0 pwszSearchPath=0000000000000001:<flags> [calling]
268c.2c50: supR3HardenedMonitor_LdrLoadDll: returns rcNt=0x0 hMod=00007ff814060000 'C:\WINDOWS\system32\rsaenh.dll'
268c.2c50: supR3HardenedScreenImage/LdrLoadDll: cache hit (VINF_SUCCESS) on \Device\HarddiskVolume2\Windows\System32\crypt32.dll
268c.2c50: supR3HardenedMonitor_LdrLoadDll: pName=C:\WINDOWS\System32\crypt32.dll (Input=crypt32.dll, rcNtResolve=0xc0150008) *pfFlags=0x0 pwszSearchPath=0000000000000001:<flags> [calling]
268c.2c50: supR3HardenedMonitor_LdrLoadDll: returns rcNt=0x0 hMod=00007ff8156a0000 'C:\WINDOWS\System32\crypt32.dll'
268c.2c50: supR3HardenedScreenImage/preload: 0 (was 0) fWinVerifyTrust=1 for '\Device\HarddiskVolume2\Windows\System32\wintrust.dll'
268c.2c50: supR3HardenedScreenImage/LdrLoadDll: cache hit (VINF_SUCCESS) on \Device\HarddiskVolume2\Windows\System32\rsaenh.dll [lacks WinVerifyTrust]
268c.2c50: supR3HardenedMonitor_LdrLoadDll: pName=C:\WINDOWS\system32\rsaenh.dll (rcNtResolve=0xc0150008) *pfFlags=0x0 pwszSearchPath=0000000000000001:<flags> [calling]
268c.2c50: supR3HardenedMonitor_LdrLoadDll: returns rcNt=0x0 hMod=00007ff814060000 'C:\WINDOWS\system32\rsaenh.dll'
268c.2c50: supR3HardenedMonitor_LdrLoadDll: returns rcNt=0x0 hMod=00007ff8156a0000 'C:\WINDOWS\System32\crypt32.dll'
268c.2c50: supR3HardenedWinVerifyCacheProcessWvtTodos: 0 (was 0) fWinVerifyTrust=1 for '\Device\HarddiskVolume2\Windows\System32\advapi32.dll'
268c.2c50: supR3HardenedScreenImage/LdrLoadDll: cache hit (VINF_SUCCESS) on \Device\HarddiskVolume2\Windows\System32\rsaenh.dll [lacks WinVerifyTrust]
268c.2c50: supR3HardenedMonitor_LdrLoadDll: returns rcNt=0x0 hMod=00007ff814060000 'C:\WINDOWS\system32\rsaenh.dll'
268c.2c50: supR3HardenedMonitor_LdrLoadDll: returns rcNt=0x0 hMod=00007ff8156a0000 'C:\WINDOWS\System32\crypt32.dll'
268c.2c50: supR3HardenedWinVerifyCacheProcessWvtTodos: 0 (was 0) fWinVerifyTrust=1 for '\Device\HarddiskVolume2\Windows\System32\cryptnet.dll'
268c.2c50: supR3HardenedScreenImage/LdrLoadDll: cache hit (VINF_SUCCESS) on \Device\HarddiskVolume2\Windows\System32\rsaenh.dll [lacks WinVerifyTrust]
268c.2c50: supR3HardenedMonitor_LdrLoadDll: returns rcNt=0x0 hMod=00007ff814060000 'C:\WINDOWS\system32\rsaenh.dll'
268c.2c50: supR3HardenedMonitor_LdrLoadDll: returns rcNt=0x0 hMod=00007ff8156a0000 'C:\WINDOWS\System32\crypt32.dll'
268c.2c50: supR3HardenedWinVerifyCacheProcessWvtTodos: 0 (was 0) fWinVerifyTrust=1 for '\Device\HarddiskVolume2\Windows\System32\profapi.dll'
268c.2c50: supR3HardenedScreenImage/LdrLoadDll: cache hit (VINF_SUCCESS) on \Device\HarddiskVolume2\Windows\System32\rsaenh.dll [lacks WinVerifyTrust]
268c.2c50: supR3HardenedMonitor_LdrLoadDll: returns rcNt=0x0 hMod=00007ff814060000 'C:\WINDOWS\system32\rsaenh.dll'
268c.2c50: supR3HardenedMonitor_LdrLoadDll: returns rcNt=0x0 hMod=00007ff8156a0000 'C:\WINDOWS\System32\crypt32.dll'
268c.2c50: supR3HardenedWinVerifyCacheProcessWvtTodos: 0 (was 0) fWinVerifyTrust=1 for '\Device\HarddiskVolume2\Windows\System32\gpapi.dll'
268c.2c50: supR3HardenedScreenImage/LdrLoadDll: cache hit (VINF_SUCCESS) on \Device\HarddiskVolume2\Windows\System32\rsaenh.dll [lacks WinVerifyTrust]
268c.2c50: supR3HardenedMonitor_LdrLoadDll: returns rcNt=0x0 hMod=00007ff814060000 'C:\WINDOWS\system32\rsaenh.dll'
268c.2c50: supR3HardenedMonitor_LdrLoadDll: returns rcNt=0x0 hMod=00007ff8156a0000 'C:\WINDOWS\System32\crypt32.dll'
268c.2c50: supR3HardenedWinVerifyCacheProcessWvtTodos: 0 (was 0) fWinVerifyTrust=1 for '\Device\HarddiskVolume2\Windows\System32\sechost.dll'
268c.2c50: supR3HardenedScreenImage/LdrLoadDll: cache hit (VINF_SUCCESS) on \Device\HarddiskVolume2\Windows\System32\rsaenh.dll [lacks WinVerifyTrust]
268c.2c50: supR3HardenedMonitor_LdrLoadDll: returns rcNt=0x0 hMod=00007ff814060000 'C:\WINDOWS\system32\rsaenh.dll'
268c.2c50: supR3HardenedMonitor_LdrLoadDll: returns rcNt=0x0 hMod=00007ff8156a0000 'C:\WINDOWS\System32\crypt32.dll'
268c.2c50: supR3HardenedWinVerifyCacheProcessWvtTodos: 0 (was 0) fWinVerifyTrust=1 for '\Device\HarddiskVolume2\Windows\System32\imagehlp.dll'
268c.2c50: supR3HardenedScreenImage/LdrLoadDll: cache hit (VINF_SUCCESS) on \Device\HarddiskVolume2\Windows\System32\rsaenh.dll [lacks WinVerifyTrust]
268c.2c50: supR3HardenedMonitor_LdrLoadDll: returns rcNt=0x0 hMod=00007ff814060000 'C:\WINDOWS\system32\rsaenh.dll'
268c.2c50: supR3HardenedMonitor_LdrLoadDll: returns rcNt=0x0 hMod=00007ff8156a0000 'C:\WINDOWS\System32\crypt32.dll'
268c.2c50: supR3HardenedWinVerifyCacheProcessWvtTodos: 0 (was 0) fWinVerifyTrust=1 for '\Device\HarddiskVolume2\Windows\System32\cryptbase.dll'
268c.2c50: supR3HardenedScreenImage/LdrLoadDll: cache hit (VINF_SUCCESS) on \Device\HarddiskVolume2\Windows\System32\rsaenh.dll [lacks WinVerifyTrust]
268c.2c50: supR3HardenedMonitor_LdrLoadDll: returns rcNt=0x0 hMod=00007ff814060000 'C:\WINDOWS\system32\rsaenh.dll'
268c.2c50: supR3HardenedScreenImage/LdrLoadDll: cache hit (VINF_SUCCESS) on \Device\HarddiskVolume2\Windows\System32\crypt32.dll
268c.2c50: supR3HardenedMonitor_LdrLoadDll: pName=C:\WINDOWS\System32\crypt32.dll (Input=crypt32.dll, rcNtResolve=0xc0150008) *pfFlags=0x0 pwszSearchPath=0000000000000001:<flags> [calling]
268c.2c50: supR3HardenedMonitor_LdrLoadDll: returns rcNt=0x0 hMod=00007ff8156a0000 'C:\WINDOWS\System32\crypt32.dll'
268c.2c50: supR3HardenedWinVerifyCacheProcessWvtTodos: 0 (was 0) fWinVerifyTrust=1 for '\Device\HarddiskVolume2\Windows\System32\rsaenh.dll'
268c.2c50: supR3HardenedScreenImage/LdrLoadDll: cache hit (VINF_SUCCESS) on \Device\HarddiskVolume2\Windows\System32\rsaenh.dll
268c.2c50: supR3HardenedMonitor_LdrLoadDll: pName=C:\WINDOWS\system32\rsaenh.dll (rcNtResolve=0xc0150008) *pfFlags=0x0 pwszSearchPath=0000000000000001:<flags> [calling]
268c.2c50: supR3HardenedMonitor_LdrLoadDll: returns rcNt=0x0 hMod=00007ff814060000 'C:\WINDOWS\system32\rsaenh.dll'
268c.2c50: supR3HardenedMonitor_LdrLoadDll: returns rcNt=0x0 hMod=00007ff8156a0000 'C:\WINDOWS\System32\crypt32.dll'
268c.2c50: supR3HardenedWinVerifyCacheProcessWvtTodos: 0 (was 0) fWinVerifyTrust=1 for '\Device\HarddiskVolume2\Windows\System32\cryptsp.dll'
268c.2c50: supR3HardenedMonitor_LdrLoadDll: returns rcNt=0x0 hMod=00007ff814060000 'C:\WINDOWS\system32\rsaenh.dll'
268c.2c50: supR3HardenedMonitor_LdrLoadDll: returns rcNt=0x0 hMod=00007ff8156a0000 'C:\WINDOWS\System32\crypt32.dll'
268c.2c50: supR3HardenedWinVerifyCacheProcessWvtTodos: 0 (was 0) fWinVerifyTrust=1 for '\Device\HarddiskVolume2\Windows\System32\bcryptprimitives.dll'
268c.2c50: supR3HardenedMonitor_LdrLoadDll: returns rcNt=0x0 hMod=00007ff814060000 'C:\WINDOWS\system32\rsaenh.dll'
268c.2c50: supR3HardenedMonitor_LdrLoadDll: returns rcNt=0x0 hMod=00007ff8156a0000 'C:\WINDOWS\System32\crypt32.dll'
268c.2c50: supR3HardenedWinVerifyCacheProcessWvtTodos: 0 (was 0) fWinVerifyTrust=1 for '\Device\HarddiskVolume2\Windows\System32\bcrypt.dll'
268c.2c50: supR3HardenedMonitor_LdrLoadDll: returns rcNt=0x0 hMod=00007ff814060000 'C:\WINDOWS\system32\rsaenh.dll'
268c.2c50: supR3HardenedMonitor_LdrLoadDll: returns rcNt=0x0 hMod=00007ff8156a0000 'C:\WINDOWS\System32\crypt32.dll'
268c.2c50: supR3HardenedWinVerifyCacheProcessWvtTodos: 0 (was 0) fWinVerifyTrust=1 for '\Device\HarddiskVolume2\Windows\System32\msasn1.dll'
268c.2c50: supR3HardenedMonitor_LdrLoadDll: returns rcNt=0x0 hMod=00007ff814060000 'C:\WINDOWS\system32\rsaenh.dll'
268c.2c50: supR3HardenedMonitor_LdrLoadDll: returns rcNt=0x0 hMod=00007ff8156a0000 'C:\WINDOWS\System32\crypt32.dll'
268c.2c50: supR3HardenedWinVerifyCacheProcessWvtTodos: 0 (was 0) fWinVerifyTrust=1 for '\Device\HarddiskVolume2\Windows\System32\ucrtbase.dll'
268c.2c50: supR3HardenedMonitor_LdrLoadDll: returns rcNt=0x0 hMod=00007ff814060000 'C:\WINDOWS\system32\rsaenh.dll'
268c.2c50: supR3HardenedMonitor_LdrLoadDll: returns rcNt=0x0 hMod=00007ff8156a0000 'C:\WINDOWS\System32\crypt32.dll'
268c.2c50: supR3HardenedWinVerifyCacheProcessWvtTodos: 0 (was 0) fWinVerifyTrust=1 for '\Device\HarddiskVolume2\Windows\System32\msvcrt.dll'
268c.2c50: supR3HardenedMonitor_LdrLoadDll: returns rcNt=0x0 hMod=00007ff814060000 'C:\WINDOWS\system32\rsaenh.dll'
268c.2c50: supR3HardenedMonitor_LdrLoadDll: returns rcNt=0x0 hMod=00007ff8156a0000 'C:\WINDOWS\System32\crypt32.dll'
268c.2c50: supR3HardenedWinVerifyCacheProcessWvtTodos: 0 (was 0) fWinVerifyTrust=1 for '\Device\HarddiskVolume2\Windows\System32\rpcrt4.dll'
268c.2c50: supR3HardenedMonitor_LdrLoadDll: returns rcNt=0x0 hMod=00007ff814060000 'C:\WINDOWS\system32\rsaenh.dll'
268c.2c50: supR3HardenedMonitor_LdrLoadDll: returns rcNt=0x0 hMod=00007ff8156a0000 'C:\WINDOWS\System32\crypt32.dll'
268c.2c50: supR3HardenedWinVerifyCacheProcessWvtTodos: 0 (was 24202) fWinVerifyTrust=1 for '\Device\HarddiskVolume2\Program Files\Oracle\VirtualBox\VBoxSupLib.dll'
268c.2c50: supR3HardenedMonitor_LdrLoadDll: returns rcNt=0x0 hMod=00007ff814060000 'C:\WINDOWS\system32\rsaenh.dll'
268c.2c50: supR3HardenedMonitor_LdrLoadDll: returns rcNt=0x0 hMod=00007ff8156a0000 'C:\WINDOWS\System32\crypt32.dll'
268c.2c50: supR3HardenedWinVerifyCacheProcessWvtTodos: 0 (was 24202) fWinVerifyTrust=1 for '\Device\HarddiskVolume2\Program Files\Oracle\VirtualBox\VirtualBoxVM.exe'
268c.2c50: supR3HardenedMonitor_LdrLoadDll: returns rcNt=0x0 hMod=00007ff814060000 'C:\WINDOWS\system32\rsaenh.dll'
268c.2c50: supR3HardenedMonitor_LdrLoadDll: returns rcNt=0x0 hMod=00007ff8156a0000 'C:\WINDOWS\System32\crypt32.dll'
268c.2c50: supR3HardenedWinVerifyCacheProcessWvtTodos: 0 (was 0) fWinVerifyTrust=1 for '\Device\HarddiskVolume2\Windows\System32\KernelBase.dll'
268c.2c50: supR3HardenedMonitor_LdrLoadDll: returns rcNt=0x0 hMod=00007ff814060000 'C:\WINDOWS\system32\rsaenh.dll'
268c.2c50: supR3HardenedMonitor_LdrLoadDll: returns rcNt=0x0 hMod=00007ff8156a0000 'C:\WINDOWS\System32\crypt32.dll'
268c.2c50: supR3HardenedWinVerifyCacheProcessWvtTodos: 0 (was 0) fWinVerifyTrust=1 for '\Device\HarddiskVolume2\Windows\System32\kernel32.dll'
268c.2c50: supR3HardenedMonitor_LdrLoadDll: returns rcNt=0x0 hMod=00007ff8156a0000 'C:\WINDOWS\system32\crypt32.dll'
268c.2c50: supR3HardenedWinIsDesiredRootCA: Adding 0xba02d0ab12c5ed00 CN=XBL Client IPsec Issuing CA
268c.2c50: supR3HardenedWinIsDesiredRootCA: Adding 0x5ad46780fa5df300 DC=com, DC=microsoft, CN=Microsoft Root Certificate Authority
268c.2c50: supR3HardenedWinIsDesiredRootCA: Adding 0xea5386456178582b C=ZA, ST=Western Cape, L=Durbanville, O=Thawte, OU=Thawte Certification, CN=Thawte Timestamping CA
268c.2c50: supR3HardenedWinIsDesiredRootCA: Adding 0x3be670c1bd02a900 OU=Copyright (c) 1997 Microsoft Corp., OU=Microsoft Corporation, CN=Microsoft Root Authority
268c.2c50: supR3HardenedWinIsDesiredRootCA: Adding 0xe991ee72b03db500 C=US, O=Symantec Corporation, CN=Symantec Enterprise Mobile Root for Microsoft
268c.2c50: supR3HardenedWinIsDesiredRootCA: Adding 0x4d3835aa4180b200 C=US, ST=Washington, L=Redmond, O=Microsoft Corporation, CN=Microsoft Root Certificate Authority 2011
268c.2c50: supR3HardenedWinIsDesiredRootCA: Adding 0x646e3fe3ba08df00 C=US, O=MSFT, CN=Microsoft Authenticode(tm) Root Authority
268c.2c50: supR3HardenedWinIsDesiredRootCA: Adding 0xab7558d0267dca00 O=AO Kaspersky Lab, CN=Kaspersky Endpoint Security Personal Certification Authority
268c.2c50: supR3HardenedWinIsDesiredRootCA: Adding 0x9546d06a8d70b800 CN=XBL Server IPsec Issuing CA
268c.2c50: supR3HardenedWinIsDesiredRootCA: Adding 0xece4e4289e08b900 C=US, ST=Washington, L=Redmond, O=Microsoft Corporation, CN=Microsoft Root Certificate Authority 2010
268c.2c50: supR3HardenedWinIsDesiredRootCA: Adding 0xf3bb4d7e894b420 C=US, ST=Washington, L=Redmond, O=Microsoft Corporation, CN=Microsoft ECC TS Root Certificate Authority 2018
268c.2c50: supR3HardenedWinIsDesiredRootCA: Adding 0x43a9cc371ff5385a O=Microsoft Trust Network, OU=Microsoft Corporation, OU=Microsoft Time Stamping Service Root, OU=Copyright (c) 1997 Microsoft Corp.
268c.2c50: supR3HardenedWinIsDesiredRootCA: Adding 0x2e2d2c7c68f0202e O=VeriSign Trust Network, OU=VeriSign, Inc., OU=VeriSign Time Stamping Service Root, OU=NO LIABILITY ACCEPTED, (c)97 VeriSign, Inc.
268c.2c50: supR3HardenedWinIsDesiredRootCA: Adding 0xcec3d46562b9be8e C=US, ST=Washington, L=Redmond, O=Microsoft Corporation, CN=Microsoft ECC Product Root Certificate Authority 2018
268c.2c50: supR3HardenedWinIsDesiredRootCA: Adding 0xca58a05dd401ae00 C=US, ST=Washington, L=Redmond, O=Microsoft Corporation, CN=Microsoft Time Stamp Root Certificate Authority 2014
268c.2c50: supR3HardenedWinIsDesiredRootCA: Adding 0x26c2e295b78ebf00 C=PA, ST=Panama, L=Panama City, O=TrustCor Systems S. de R.L., OU=TrustCor Certificate Authority, CN=TrustCor RootCert CA-1
268c.2c50: supR3HardenedWinIsDesiredRootCA: Adding 0x2ca429a5c4c6a700 C=IT, L=Milan, O=Actalis S.p.A./03358520967, CN=Actalis Authentication Root CA
268c.2c50: supR3HardenedWinIsDesiredRootCA: Adding 0xd8dbfb2c27bfb200 C=US, O=thawte, Inc., OU=Certification Services Division, OU=(c) 2008 thawte, Inc. - For authorized use only, CN=thawte Primary Root CA - G3
268c.2c50: supR3HardenedWinIsDesiredRootCA: Adding 0x61a3a33f81aace00 C=US, ST=UT, L=Salt Lake City, O=The USERTRUST Network, OU=http://www.usertrust.com, CN=UTN-USERFirst-Object
268c.2c50: supR3HardenedWinIsDesiredRootCA: Adding 0x6b7bdc34cd37bb00 C=US, O=DigiCert Inc, OU=www.digicert.com, CN=DigiCert Global Root G2
268c.2c50: supR3HardenedWinIsDesiredRootCA: Adding 0x57ba5395b561bf00 C=BM, O=QuoVadis Limited, OU=Root Certification Authority, CN=QuoVadis Root Certification Authority
268c.2c50: supR3HardenedWinIsDesiredRootCA: Adding 0xf4fd306318ccda00 C=US, O=GeoTrust Inc., CN=GeoTrust Global CA
268c.2c50: supR3HardenedWinIsDesiredRootCA: Adding 0xbbde687390e6bf00 C=US, O=DigiCert Inc, OU=www.digicert.com, CN=DigiCert Trusted Root G4
268c.2c50: supR3HardenedWinIsDesiredRootCA: Adding 0x83085097e9afdf00 O=Digital Signature Trust Co., CN=DST Root CA X3
268c.2c50: supR3HardenedWinIsDesiredRootCA: Adding 0x780679907625cc00 OU=GlobalSign Root CA - R3, O=GlobalSign, CN=GlobalSign
268c.2c50: supR3HardenedWinIsDesiredRootCA: Adding 0x3d98ab22bb04a300 C=IE, O=Baltimore, OU=CyberTrust, CN=Baltimore CyberTrust Root
268c.2c50: supR3HardenedWinIsDesiredRootCA: Adding 0xa0ee62086758b15d C=US, O=Equifax, OU=Equifax Secure Certificate Authority
268c.2c50: supR3HardenedWinIsDesiredRootCA: Adding 0xeae16ef49d40be00 C=GB, ST=Greater Manchester, L=Salford, O=Comodo CA Limited, CN=AAA Certificate Services
268c.2c50: supR3HardenedWinIsDesiredRootCA: Adding 0xc6536f24d57ae723 C=US, ST=New Jersey, L=Jersey City, O=The USERTRUST Network, CN=USERTrust ECC Certification Authority
268c.2c50: supR3HardenedWinIsDesiredRootCA: Adding 0x3714f47324e8ad00 C=US, O=Internet Security Research Group, CN=ISRG Root X1
268c.2c50: supR3HardenedWinIsDesiredRootCA: Adding 0xd944bca189a00 C=BM, O=QuoVadis Limited, CN=QuoVadis Root CA 2
268c.2c50: supR3HardenedWinIsDesiredRootCA: Adding 0x96cb178d285f9e36 C=US, ST=Texas, L=Houston, O=SSL Corporation, CN=SSL.com Root Certification Authority ECC
268c.2c50: supR3HardenedWinIsDesiredRootCA: Adding 0xcb7d2ba3dd0ff900 C=US, ST=Texas, L=Houston, O=SSL Corporation, CN=SSL.com Root Certification Authority RSA
268c.2c50: supR3HardenedWinIsDesiredRootCA: Adding 0x8ff6fc03c1edbd00 C=US, ST=Arizona, L=Scottsdale, O=Starfield Technologies, Inc., CN=Starfield Root Certificate Authority - G2
268c.2c50: supR3HardenedWinIsDesiredRootCA: Adding 0xc6fa4243b695b600 C=US, O=Entrust, Inc., OU=www.entrust.net/CPS is incorporated by reference, OU=(c) 2006 Entrust, Inc., CN=Entrust Root Certification Authority
268c.2c50: supR3HardenedWinIsDesiredRootCA: Adding 0xa3ce8d99e60eda00 C=BE, O=GlobalSign nv-sa, OU=Root CA, CN=GlobalSign Root CA
268c.2c50: supR3HardenedWinIsDesiredRootCA: Adding 0x560ad29254e89100 C=GB, ST=Greater Manchester, L=Salford, O=COMODO CA Limited, CN=COMODO RSA Certification Authority
268c.2c50: supR3HardenedWinIsDesiredRootCA: Adding 0xa671e9fec832b700 C=US, O=Starfield Technologies, Inc., OU=Starfield Class 2 Certification Authority
268c.2c50: supR3HardenedWinIsDesiredRootCA: Adding 0xa8de7211e13be200 C=US, O=DigiCert Inc, OU=www.digicert.com, CN=DigiCert Global Root CA
268c.2c50: supR3HardenedWinIsDesiredRootCA: Adding 0x7ae89c50f0b6a00f C=US, O=GTE Corporation, OU=GTE CyberTrust Solutions, Inc., CN=GTE CyberTrust Global Root
268c.2c50: supR3HardenedWinIsDesiredRootCA: Adding 0xd45980fbf0a0ac00 C=US, O=thawte, Inc., OU=Certification Services Division, OU=(c) 2006 thawte, Inc. - For authorized use only, CN=thawte Primary Root CA
268c.2c50: supR3HardenedWinIsDesiredRootCA: Adding 0xc9edb72b684ba00 C=US, O=Entrust, Inc., OU=See www.entrust.net/legal-terms, OU=(c) 2009 Entrust, Inc. - for authorized use only, CN=Entrust Root Certification Authority - G2
268c.2c50: supR3HardenedWinIsDesiredRootCA: Adding 0xf5cd95e581a4ab00 C=US, O=SecureTrust Corporation, CN=SecureTrust CA
268c.2c50: supR3HardenedWinIsDesiredRootCA: Adding 0xf966ca73e8079500 OU=GlobalSign Root CA - R6, O=GlobalSign, CN=GlobalSign
268c.2c50: supR3HardenedWinIsDesiredRootCA: Adding 0xbebef0d2217f0bfb C=US, O=DigiCert Inc, OU=www.digicert.com, CN=DigiCert Global Root G3
268c.2c50: supR3HardenedWinIsDesiredRootCA: Adding 0x6f2ebe0e24cfa600 OU=GlobalSign Root CA - R2, O=GlobalSign, CN=GlobalSign
268c.2c50: supR3HardenedWinIsDesiredRootCA: Adding 0x14018a1bf29e595c C=US, O=VeriSign, Inc., OU=Class 3 Public Primary Certification Authority
268c.2c50: supR3HardenedWinIsDesiredRootCA: Adding 0x298c3394be5bca00 C=US, O=Microsoft Corporation, CN=Microsoft RSA Root Certificate Authority 2017
268c.2c50: supR3HardenedWinIsDesiredRootCA: Adding 0x9e5bc2d78b6a3636 C=ZA, ST=Western Cape, L=Cape Town, O=Thawte Consulting cc, OU=Certification Services Division, CN=Thawte Premium Server CA, Email=premium-server@thawte.com
268c.2c50: supR3HardenedWinIsDesiredRootCA: Adding 0x7c4fd32ec1b1ce00 C=PL, O=Unizeto Sp. z o.o., CN=Certum CA
268c.2c50: supR3HardenedWinIsDesiredRootCA: Adding 0xd4fbe673e5ccc600 C=US, O=DigiCert Inc, OU=www.digicert.com, CN=DigiCert High Assurance EV Root CA
268c.2c50: supR3HardenedWinIsDesiredRootCA: Adding 0xb352b1523915d000 C=JP, O=SECOM Trust Systems CO.,LTD., OU=Security Communication RootCA2
268c.2c50: supR3HardenedWinIsDesiredRootCA: Adding 0x16e64d2a56ccf200 C=US, ST=Arizona, L=Scottsdale, O=Starfield Technologies, Inc., OU=http://certificates.starfieldtech.com/repository/, CN=Starfield Services Root Certificate Authority
268c.2c50: supR3HardenedWinIsDesiredRootCA: Adding 0xef477acf4ab2d300 C=DE, O=D-Trust GmbH, CN=D-TRUST Root Class 3 CA 2 2009
268c.2c50: supR3HardenedWinIsDesiredRootCA: Adding 0x1b8578514b74ac00 C=US, O=WFA Hotspot 2.0, CN=Hotspot 2.0 Trust Root CA - 03
268c.2c50: supR3HardenedWinIsDesiredRootCA: Adding 0xb28612a94b4dad00 O=Entrust.net, OU=www.entrust.net/CPS_2048 incorp. by ref. (limits liab.), OU=(c) 1999 Entrust.net Limited, CN=Entrust.net Certification Authority (2048)
268c.2c50: supR3HardenedWinIsDesiredRootCA: Adding 0xe87add30c52db600 C=BE, O=GlobalSign nv-sa, CN=GlobalSign Code Signing Root R45
268c.2c50: supR3HardenedWinIsDesiredRootCA: Adding 0x357a29080824af00 C=US, O=VeriSign, Inc., OU=VeriSign Trust Network, OU=(c) 2006 VeriSign, Inc. - For authorized use only, CN=VeriSign Class 3 Public Primary Certification Authority - G5
268c.2c50: supR3HardenedWinIsDesiredRootCA: Adding 0xd407c1f75ec7d700 C=NO, O=Buypass AS-983163327, CN=Buypass Class 2 Root CA
268c.2c50: supR3HardenedWinIsDesiredRootCA: Adding 0x59faf1086271bf00 C=US, ST=Arizona, L=Scottsdale, O=GoDaddy.com, Inc., CN=Go Daddy Root Certificate Authority - G2
268c.2c50: supR3HardenedWinIsDesiredRootCA: Adding 0x466cbc09db88c100 C=IL, O=StartCom Ltd., OU=Secure Digital Certificate Signing, CN=StartCom Certification Authority
268c.2c50: supR3HardenedWinIsDesiredRootCA: Adding 0xb16dd37ffeb3b300 C=JP, O=SECOM Trust.net, OU=Security Communication RootCA1
268c.2c50: supR3HardenedWinIsDesiredRootCA: Adding 0x3401b15e3761c700 C=US, O=VeriSign, Inc., OU=VeriSign Trust Network, OU=(c) 2008 VeriSign, Inc. - For authorized use only, CN=VeriSign Universal Root Certification Authority
268c.2c50: supR3HardenedWinIsDesiredRootCA: Adding 0x7cd4ff7b15b8be00 C=US, O=GeoTrust Inc., CN=GeoTrust Primary Certification Authority
268c.2c50: supR3HardenedWinIsDesiredRootCA: Adding 0xc30e361765128000 C=US, ST=New Jersey, L=Jersey City, O=The USERTRUST Network, CN=USERTrust RSA Certification Authority
268c.2c50: supR3HardenedWinIsDesiredRootCA: Adding 0x7b3081c535b843ae C=US, O=Google Trust Services LLC, CN=GTS Root R4
268c.2c50: supR3HardenedWinIsDesiredRootCA: Adding 0x491857ead79dde00 C=US, O=The Go Daddy Group, Inc., OU=Go Daddy Class 2 Certification Authority
268c.2c50: supR3HardenedWinIsDesiredRootCA: Adding 0xb9ff821d139e9bf OU=GlobalSign ECC Root CA - R5, O=GlobalSign, CN=GlobalSign
268c.2c50: supR3HardenedWinIsDesiredRootCA: Adding 0xdc1801b225aea100 C=BM, O=QuoVadis Limited, CN=QuoVadis Root CA 2 G3
268c.2c50: supR3HardenedWinIsDesiredRootCA: Adding 0xc2ba72a37dfbe300 C=PL, O=Unizeto Technologies S.A., OU=Certum Certification Authority, CN=Certum Trusted Network CA
268c.2c50: supR3HardenedWinIsDesiredRootCA: Adding 0xcec3d46562b9be8e C=US, ST=Washington, L=Redmond, O=Microsoft Corporation, CN=Microsoft ECC Product Root Certificate Authority 2018
268c.2c50: supR3HardenedWinIsDesiredRootCA: Adding 0x8043e4ce150ead00 C=US, O=DigiCert Inc, OU=www.digicert.com, CN=DigiCert Assured ID Root CA
268c.2c50: supR3HardenedWinIsDesiredRootCA: Adding 0x331d58625ee2dc00 C=US, O=GeoTrust Inc., OU=(c) 2008 GeoTrust Inc. - For authorized use only, CN=GeoTrust Primary Certification Authority - G3
268c.2c50: supR3HardenedWinIsDesiredRootCA: Adding 0xf2e6331af7b700 C=SE, O=AddTrust AB, OU=AddTrust External TTP Network, CN=AddTrust External CA Root
268c.2c50: supR3HardenedWinIsDesiredRootCA: Adding 0xfc891b3fa9f8c200 C=GR, L=Athens, O=Hellenic Academic and Research Institutions Cert. Authority, CN=Hellenic Academic and Research Institutions RootCA 2015
268c.2c50: supR3HardenedWinRetrieveTrustedRootCAs: cAdded=75
268c.2c50: SUPR3HardenedMain: Load Runtime...
268c.2c50: \Device\HarddiskVolume2\Program Files\Oracle\VirtualBox\VBoxRT.dll: Signature #1/2: info status: 24202
268c.2c50: supR3HardenedMonitor_LdrLoadDll: returns rcNt=0x0 hMod=00007ff814060000 'C:\WINDOWS\system32\rsaenh.dll'
268c.2c50: supR3HardenedMonitor_LdrLoadDll: returns rcNt=0x0 hMod=00007ff8156a0000 'C:\WINDOWS\System32\crypt32.dll'
268c.2c50: supR3HardenedWinVerifyCacheScheduleImports: Import todo: #0 'msvcr100.dll'.
268c.2c50: supR3HardenedWinVerifyCacheScheduleImports: Import todo: #1 'msvcp100.dll'.
268c.2c50: supR3HardenedWinVerifyCacheScheduleImports: Import todo: #3 'rpcrt4.dll'.
268c.2c50: supR3HardenedWinVerifyCacheScheduleImports: Import todo: #5 'ws2_32.dll'.
268c.2c50: supHardenedWinVerifyImageByHandle: -> 0 (\Device\HarddiskVolume2\Program Files\Oracle\VirtualBox\VBoxRT.dll) WinVerifyTrust
268c.2c50: supR3HardenedWinVerifyCacheInsert: \Device\HarddiskVolume2\Program Files\Oracle\VirtualBox\VBoxRT.dll
268c.2c50: supR3HardenedWinVerifyCacheProcessImportTodos: Processing 'ws2_32.dll'...
268c.2c50: supR3HardenedWinVerifyCacheProcessImportTodos: 'ws2_32.dll' -> '\Device\HarddiskVolume2\Windows\System32\ws2_32.dll' [rcNtRedir=0xc0150008]
268c.2c50: supR3HardenedMonitor_LdrLoadDll: returns rcNt=0x0 hMod=00007ff814060000 'C:\WINDOWS\system32\rsaenh.dll'
268c.2c50: supR3HardenedMonitor_LdrLoadDll: returns rcNt=0x0 hMod=00007ff8156a0000 'C:\WINDOWS\System32\crypt32.dll'
268c.2c50: supR3HardenedWinVerifyCacheScheduleImports: Import todo: #26 'rpcrt4.dll'.
268c.2c50: supHardenedWinVerifyImageByHandle: -> 0 (\Device\HarddiskVolume2\Windows\System32\ws2_32.dll) WinVerifyTrust
268c.2c50: supR3HardenedWinVerifyCacheInsert: \Device\HarddiskVolume2\Windows\System32\ws2_32.dll
268c.2c50: supR3HardenedWinVerifyCacheProcessImportTodos: Processing 'rpcrt4.dll'...
268c.2c50: supR3HardenedWinVerifyCacheProcessImportTodos: 'rpcrt4.dll' -> '\Device\HarddiskVolume2\Windows\System32\rpcrt4.dll' [rcNtRedir=0xc0150008]
268c.2c50: supR3HardenedScreenImage/Imports: cache hit (VINF_SUCCESS) on \Device\HarddiskVolume2\Windows\System32\rpcrt4.dll
268c.2c50: supR3HardenedWinVerifyCacheProcessImportTodos: Processing 'msvcp100.dll'...
268c.2c50: supR3HardenedWinVerifyCacheProcessImportTodos: 'msvcp100.dll' -> '\Device\HarddiskVolume2\Program Files\Oracle\VirtualBox\msvcp100.dll' [rcNtRedir=0xc0150008]
268c.2c50: \Device\HarddiskVolume2\Program Files\Oracle\VirtualBox\msvcp100.dll: Signature #1/2: info status: 24202
268c.2c50: supR3HardenedWinVerifyCacheProcessImportTodos: Processing 'rpcrt4.dll'...
268c.2c50: supR3HardenedWinVerifyCacheProcessImportTodos: 'rpcrt4.dll' -> '\Device\HarddiskVolume2\Windows\System32\rpcrt4.dll' [rcNtRedir=0xc0150008]
268c.2c50: supR3HardenedScreenImage/Imports: cache hit (VINF_SUCCESS) on \Device\HarddiskVolume2\Windows\System32\rpcrt4.dll
268c.2c50: supR3HardenedMonitor_LdrLoadDll: returns rcNt=0x0 hMod=00007ff814060000 'C:\WINDOWS\system32\rsaenh.dll'
268c.2c50: supR3HardenedMonitor_LdrLoadDll: returns rcNt=0x0 hMod=00007ff8156a0000 'C:\WINDOWS\System32\crypt32.dll'
268c.2c50: supR3HardenedWinVerifyCacheScheduleImports: Import todo: #0 'msvcr100.dll'.
268c.2c50: supHardenedWinVerifyImageByHandle: -> 0 (\Device\HarddiskVolume2\Program Files\Oracle\VirtualBox\msvcp100.dll) WinVerifyTrust
268c.2c50: supR3HardenedWinVerifyCacheInsert: \Device\HarddiskVolume2\Program Files\Oracle\VirtualBox\msvcp100.dll
268c.2c50: supR3HardenedWinVerifyCacheProcessImportTodos: Processing 'msvcr100.dll'...
268c.2c50: supR3HardenedWinVerifyCacheProcessImportTodos: 'msvcr100.dll' -> '\Device\HarddiskVolume2\Program Files\Oracle\VirtualBox\msvcr100.dll' [rcNtRedir=0xc0150008]
268c.2c50: \Device\HarddiskVolume2\Program Files\Oracle\VirtualBox\msvcr100.dll: Signature #1/2: info status: 24202
268c.2c50: supR3HardenedWinVerifyCacheProcessImportTodos: Processing 'msvcr100.dll'...
268c.2c50: supR3HardenedWinVerifyCacheProcessImportTodos: 'msvcr100.dll' -> '\Device\HarddiskVolume2\Program Files\Oracle\VirtualBox\msvcr100.dll' [rcNtRedir=0xc0150008]
268c.2c50: \Device\HarddiskVolume2\Program Files\Oracle\VirtualBox\msvcr100.dll: Signature #1/2: info status: 24202
268c.2c50: Detected WinVerifyTrust recursion: rc=Unknown Status 24202 (0x5e8a) '\Device\HarddiskVolume2\Program Files\Oracle\VirtualBox\msvcr100.dll'.
268c.2c50: supHardenedWinVerifyImageByHandle: -> 24202 (\Device\HarddiskVolume2\Program Files\Oracle\VirtualBox\msvcr100.dll)
268c.2c50: supR3HardenedWinVerifyCacheInsert: \Device\HarddiskVolume2\Program Files\Oracle\VirtualBox\msvcr100.dll
268c.2c50: supR3HardenedMonitor_LdrLoadDll: returns rcNt=0x0 hMod=00007ff814060000 'C:\WINDOWS\system32\rsaenh.dll'
268c.2c50: supR3HardenedScreenImage/LdrLoadDll: cache hit (VINF_SUCCESS) on \Device\HarddiskVolume2\Windows\System32\crypt32.dll
268c.2c50: supR3HardenedMonitor_LdrLoadDll: pName=C:\WINDOWS\System32\crypt32.dll (Input=crypt32.dll, rcNtResolve=0xc0150008) *pfFlags=0x0 pwszSearchPath=0000000000000001:<flags> [calling]
268c.2c50: supR3HardenedMonitor_LdrLoadDll: returns rcNt=0x0 hMod=00007ff8156a0000 'C:\WINDOWS\System32\crypt32.dll'
268c.2c50: supHardenedWinVerifyImageByHandle: -> 0 (\Device\HarddiskVolume2\Program Files\Oracle\VirtualBox\msvcr100.dll) WinVerifyTrust
268c.2c50: supR3HardenedMonitor_LdrLoadDll: pName=C:\Program Files\Oracle\VirtualBox\VBoxRT.dll (rcNtResolve=0xc0150008) *pfFlags=0x0 pwszSearchPath=0000000000000a01:<flags> [calling]
268c.2c50: supR3HardenedScreenImage/NtCreateSection: cache hit (VINF_SUCCESS) on \Device\HarddiskVolume2\Program Files\Oracle\VirtualBox\VBoxRT.dll
268c.2c50: supR3HardenedScreenImage/NtCreateSection: cache hit (Unknown Status 24202 (0x5e8a)) on \Device\HarddiskVolume2\Program Files\Oracle\VirtualBox\msvcr100.dll [avoiding WinVerifyTrust]
268c.2c50: supR3HardenedScreenImage/NtCreateSection: cache hit (VINF_SUCCESS) on \Device\HarddiskVolume2\Program Files\Oracle\VirtualBox\msvcp100.dll
268c.2c50: supR3HardenedDllNotificationCallback: load   0000000057470000 LB 0x000d2000 C:\Program Files\Oracle\VirtualBox\MSVCR100.dll [fFlags=0x0]
268c.2c50: supR3HardenedScreenImage/LdrLoadDll: cache hit (Unknown Status 24202 (0x5e8a)) on \Device\HarddiskVolume2\Program Files\Oracle\VirtualBox\msvcr100.dll [avoiding WinVerifyTrust]
268c.2c50: supR3HardenedDllNotificationCallback: load   0000000056e60000 LB 0x00098000 C:\Program Files\Oracle\VirtualBox\MSVCP100.dll [fFlags=0x0]
268c.2c50: supR3HardenedScreenImage/LdrLoadDll: cache hit (VINF_SUCCESS) on \Device\HarddiskVolume2\Program Files\Oracle\VirtualBox\msvcp100.dll
268c.2c50: supR3HardenedDllNotificationCallback: load   00007ff816c20000 LB 0x0006b000 C:\WINDOWS\System32\WS2_32.dll [fFlags=0x0]
268c.2c50: supR3HardenedScreenImage/LdrLoadDll: cache hit (VINF_SUCCESS) on \Device\HarddiskVolume2\Windows\System32\ws2_32.dll
268c.2c50: supR3HardenedDllNotificationCallback: load   00007fffe11d0000 LB 0x005fb000 C:\Program Files\Oracle\VirtualBox\VBoxRT.dll [fFlags=0x0]
268c.2c50: supR3HardenedScreenImage/LdrLoadDll: cache hit (VINF_SUCCESS) on \Device\HarddiskVolume2\Program Files\Oracle\VirtualBox\VBoxRT.dll
268c.2c50: Detected loader lock ownership: rc=Unknown Status 24202 (0x5e8a) '\Device\HarddiskVolume2\Program Files\Oracle\VirtualBox\msvcr100.dll'.
268c.2c50: supR3HardenedWinVerifyCacheProcessWvtTodos: 24202 (was 24202) fWinVerifyTrust=0 for '\Device\HarddiskVolume2\Program Files\Oracle\VirtualBox\msvcr100.dll' [rescheduled]
268c.2c50: supR3HardenedScreenImage/LdrLoadDll: cache hit (VINF_SUCCESS) on \Device\HarddiskVolume2\Program Files\Oracle\VirtualBox\VBoxRT.dll
268c.2c50: supR3HardenedMonitor_LdrLoadDll: pName=C:\Program Files\Oracle\VirtualBox\VBoxRT.dll (rcNtResolve=0xc0150008) *pfFlags=0x0 pwszSearchPath=0000000000000001:<flags> [calling]
268c.2c50: supR3HardenedMonitor_LdrLoadDll: returns rcNt=0x0 hMod=00007fffe11d0000 'C:\Program Files\Oracle\VirtualBox\VBoxRT.dll'
268c.2c50: Detected loader lock ownership: rc=Unknown Status 24202 (0x5e8a) '\Device\HarddiskVolume2\Program Files\Oracle\VirtualBox\msvcr100.dll'.
268c.2c50: supR3HardenedWinVerifyCacheProcessWvtTodos: 24202 (was 24202) fWinVerifyTrust=0 for '\Device\HarddiskVolume2\Program Files\Oracle\VirtualBox\msvcr100.dll' [rescheduled]
268c.2c50: Detected loader lock ownership: rc=Unknown Status 24202 (0x5e8a) '\Device\HarddiskVolume2\Program Files\Oracle\VirtualBox\msvcr100.dll'.
268c.2c50: supR3HardenedWinVerifyCacheProcessWvtTodos: 24202 (was 24202) fWinVerifyTrust=0 for '\Device\HarddiskVolume2\Program Files\Oracle\VirtualBox\msvcr100.dll' [rescheduled]
268c.2c50: supR3HardenedScreenImage/LdrLoadDll: cache hit (VINF_SUCCESS) on \Device\HarddiskVolume2\Program Files\Oracle\VirtualBox\VBoxRT.dll
268c.2c50: supR3HardenedMonitor_LdrLoadDll: pName=C:\Program Files\Oracle\VirtualBox\VBoxRT.dll (rcNtResolve=0xc0150008) *pfFlags=0x0 pwszSearchPath=0000000000000001:<flags> [calling]
268c.2c50: supR3HardenedMonitor_LdrLoadDll: returns rcNt=0x0 hMod=00007fffe11d0000 'C:\Program Files\Oracle\VirtualBox\VBoxRT.dll'
268c.2c50: Detected loader lock ownership: rc=Unknown Status 24202 (0x5e8a) '\Device\HarddiskVolume2\Program Files\Oracle\VirtualBox\msvcr100.dll'.
268c.2c50: supR3HardenedWinVerifyCacheProcessWvtTodos: 24202 (was 24202) fWinVerifyTrust=0 for '\Device\HarddiskVolume2\Program Files\Oracle\VirtualBox\msvcr100.dll' [rescheduled]
268c.2c50: Detected loader lock ownership: rc=Unknown Status 24202 (0x5e8a) '\Device\HarddiskVolume2\Program Files\Oracle\VirtualBox\msvcr100.dll'.
268c.2c50: supR3HardenedWinVerifyCacheProcessWvtTodos: 24202 (was 24202) fWinVerifyTrust=0 for '\Device\HarddiskVolume2\Program Files\Oracle\VirtualBox\msvcr100.dll' [rescheduled]
268c.2c50: supR3HardenedScreenImage/LdrLoadDll: cache hit (VINF_SUCCESS) on \Device\HarddiskVolume2\Program Files\Oracle\VirtualBox\VBoxRT.dll
268c.2c50: supR3HardenedMonitor_LdrLoadDll: pName=C:\Program Files\Oracle\VirtualBox\VBoxRT.dll (rcNtResolve=0xc0150008) *pfFlags=0x0 pwszSearchPath=0000000000000001:<flags> [calling]
268c.2c50: supR3HardenedMonitor_LdrLoadDll: returns rcNt=0x0 hMod=00007fffe11d0000 'C:\Program Files\Oracle\VirtualBox\VBoxRT.dll'
268c.2c50: Detected loader lock ownership: rc=Unknown Status 24202 (0x5e8a) '\Device\HarddiskVolume2\Program Files\Oracle\VirtualBox\msvcr100.dll'.
268c.2c50: supR3HardenedWinVerifyCacheProcessWvtTodos: 24202 (was 24202) fWinVerifyTrust=0 for '\Device\HarddiskVolume2\Program Files\Oracle\VirtualBox\msvcr100.dll' [rescheduled]
268c.2c50: Detected loader lock ownership: rc=Unknown Status 24202 (0x5e8a) '\Device\HarddiskVolume2\Program Files\Oracle\VirtualBox\msvcr100.dll'.
268c.2c50: supR3HardenedWinVerifyCacheProcessWvtTodos: 24202 (was 24202) fWinVerifyTrust=0 for '\Device\HarddiskVolume2\Program Files\Oracle\VirtualBox\msvcr100.dll' [rescheduled]
268c.2c50: supR3HardenedScreenImage/LdrLoadDll: cache hit (VINF_SUCCESS) on \Device\HarddiskVolume2\Program Files\Oracle\VirtualBox\VBoxRT.dll
268c.2c50: supR3HardenedMonitor_LdrLoadDll: pName=C:\Program Files\Oracle\VirtualBox\VBoxRT.dll (rcNtResolve=0xc0150008) *pfFlags=0x0 pwszSearchPath=0000000000000001:<flags> [calling]
268c.2c50: supR3HardenedMonitor_LdrLoadDll: returns rcNt=0x0 hMod=00007fffe11d0000 'C:\Program Files\Oracle\VirtualBox\VBoxRT.dll'
268c.2c50: Detected loader lock ownership: rc=Unknown Status 24202 (0x5e8a) '\Device\HarddiskVolume2\Program Files\Oracle\VirtualBox\msvcr100.dll'.
268c.2c50: supR3HardenedWinVerifyCacheProcessWvtTodos: 24202 (was 24202) fWinVerifyTrust=0 for '\Device\HarddiskVolume2\Program Files\Oracle\VirtualBox\msvcr100.dll' [rescheduled]
268c.2c50: Detected loader lock ownership: rc=Unknown Status 24202 (0x5e8a) '\Device\HarddiskVolume2\Program Files\Oracle\VirtualBox\msvcr100.dll'.
268c.2c50: supR3HardenedWinVerifyCacheProcessWvtTodos: 24202 (was 24202) fWinVerifyTrust=0 for '\Device\HarddiskVolume2\Program Files\Oracle\VirtualBox\msvcr100.dll' [rescheduled]
268c.2c50: supR3HardenedScreenImage/LdrLoadDll: cache hit (VINF_SUCCESS) on \Device\HarddiskVolume2\Program Files\Oracle\VirtualBox\VBoxRT.dll
268c.2c50: supR3HardenedMonitor_LdrLoadDll: pName=C:\Program Files\Oracle\VirtualBox\VBoxRT.dll (rcNtResolve=0xc0150008) *pfFlags=0x0 pwszSearchPath=0000000000000001:<flags> [calling]
268c.2c50: supR3HardenedMonitor_LdrLoadDll: returns rcNt=0x0 hMod=00007fffe11d0000 'C:\Program Files\Oracle\VirtualBox\VBoxRT.dll'
268c.2c50: Detected loader lock ownership: rc=Unknown Status 24202 (0x5e8a) '\Device\HarddiskVolume2\Program Files\Oracle\VirtualBox\msvcr100.dll'.
268c.2c50: supR3HardenedWinVerifyCacheProcessWvtTodos: 24202 (was 24202) fWinVerifyTrust=0 for '\Device\HarddiskVolume2\Program Files\Oracle\VirtualBox\msvcr100.dll' [rescheduled]
268c.2c50: Detected loader lock ownership: rc=Unknown Status 24202 (0x5e8a) '\Device\HarddiskVolume2\Program Files\Oracle\VirtualBox\msvcr100.dll'.
268c.2c50: supR3HardenedWinVerifyCacheProcessWvtTodos: 24202 (was 24202) fWinVerifyTrust=0 for '\Device\HarddiskVolume2\Program Files\Oracle\VirtualBox\msvcr100.dll' [rescheduled]
268c.2c50: supR3HardenedScreenImage/LdrLoadDll: cache hit (VINF_SUCCESS) on \Device\HarddiskVolume2\Program Files\Oracle\VirtualBox\VBoxRT.dll
268c.2c50: supR3HardenedMonitor_LdrLoadDll: pName=C:\Program Files\Oracle\VirtualBox\VBoxRT.dll (rcNtResolve=0xc0150008) *pfFlags=0x0 pwszSearchPath=0000000000000001:<flags> [calling]
268c.2c50: supR3HardenedMonitor_LdrLoadDll: returns rcNt=0x0 hMod=00007fffe11d0000 'C:\Program Files\Oracle\VirtualBox\VBoxRT.dll'
268c.2c50: Detected loader lock ownership: rc=Unknown Status 24202 (0x5e8a) '\Device\HarddiskVolume2\Program Files\Oracle\VirtualBox\msvcr100.dll'.
268c.2c50: supR3HardenedWinVerifyCacheProcessWvtTodos: 24202 (was 24202) fWinVerifyTrust=0 for '\Device\HarddiskVolume2\Program Files\Oracle\VirtualBox\msvcr100.dll' [rescheduled]
268c.2c50: Detected loader lock ownership: rc=Unknown Status 24202 (0x5e8a) '\Device\HarddiskVolume2\Program Files\Oracle\VirtualBox\msvcr100.dll'.
268c.2c50: supR3HardenedWinVerifyCacheProcessWvtTodos: 24202 (was 24202) fWinVerifyTrust=0 for '\Device\HarddiskVolume2\Program Files\Oracle\VirtualBox\msvcr100.dll' [rescheduled]
268c.2c50: supR3HardenedMonitor_LdrLoadDll: returns rcNt=0x0 hMod=00007fffe11d0000 'C:\Program Files\Oracle\VirtualBox\VBoxRT.dll'
268c.2c50: Detected loader lock ownership: rc=Unknown Status 24202 (0x5e8a) '\Device\HarddiskVolume2\Program Files\Oracle\VirtualBox\msvcr100.dll'.
268c.2c50: supR3HardenedWinVerifyCacheProcessWvtTodos: 24202 (was 24202) fWinVerifyTrust=0 for '\Device\HarddiskVolume2\Program Files\Oracle\VirtualBox\msvcr100.dll' [rescheduled]
268c.2c50: Detected loader lock ownership: rc=Unknown Status 24202 (0x5e8a) '\Device\HarddiskVolume2\Program Files\Oracle\VirtualBox\msvcr100.dll'.
268c.2c50: supR3HardenedWinVerifyCacheProcessWvtTodos: 24202 (was 24202) fWinVerifyTrust=0 for '\Device\HarddiskVolume2\Program Files\Oracle\VirtualBox\msvcr100.dll' [rescheduled]
268c.2c50: supR3HardenedMonitor_LdrLoadDll: returns rcNt=0x0 hMod=00007fffe11d0000 'C:\Program Files\Oracle\VirtualBox\VBoxRT.dll'
268c.2c50: Detected loader lock ownership: rc=Unknown Status 24202 (0x5e8a) '\Device\HarddiskVolume2\Program Files\Oracle\VirtualBox\msvcr100.dll'.
268c.2c50: supR3HardenedWinVerifyCacheProcessWvtTodos: 24202 (was 24202) fWinVerifyTrust=0 for '\Device\HarddiskVolume2\Program Files\Oracle\VirtualBox\msvcr100.dll' [rescheduled]
268c.2c50: Detected loader lock ownership: rc=Unknown Status 24202 (0x5e8a) '\Device\HarddiskVolume2\Program Files\Oracle\VirtualBox\msvcr100.dll'.
268c.2c50: supR3HardenedWinVerifyCacheProcessWvtTodos: 24202 (was 24202) fWinVerifyTrust=0 for '\Device\HarddiskVolume2\Program Files\Oracle\VirtualBox\msvcr100.dll' [rescheduled]
268c.2c50: supR3HardenedMonitor_LdrLoadDll: returns rcNt=0x0 hMod=00007fffe11d0000 'C:\Program Files\Oracle\VirtualBox\VBoxRT.dll'
268c.2c50: Detected loader lock ownership: rc=Unknown Status 24202 (0x5e8a) '\Device\HarddiskVolume2\Program Files\Oracle\VirtualBox\msvcr100.dll'.
268c.2c50: supR3HardenedWinVerifyCacheProcessWvtTodos: 24202 (was 24202) fWinVerifyTrust=0 for '\Device\HarddiskVolume2\Program Files\Oracle\VirtualBox\msvcr100.dll' [rescheduled]
268c.2c50: Detected loader lock ownership: rc=Unknown Status 24202 (0x5e8a) '\Device\HarddiskVolume2\Program Files\Oracle\VirtualBox\msvcr100.dll'.
268c.2c50: supR3HardenedWinVerifyCacheProcessWvtTodos: 24202 (was 24202) fWinVerifyTrust=0 for '\Device\HarddiskVolume2\Program Files\Oracle\VirtualBox\msvcr100.dll' [rescheduled]
268c.2c50: supR3HardenedMonitor_LdrLoadDll: returns rcNt=0x0 hMod=00007fffe11d0000 'C:\Program Files\Oracle\VirtualBox\VBoxRT.dll'
268c.2c50: Detected loader lock ownership: rc=Unknown Status 24202 (0x5e8a) '\Device\HarddiskVolume2\Program Files\Oracle\VirtualBox\msvcr100.dll'.
268c.2c50: supR3HardenedWinVerifyCacheProcessWvtTodos: 24202 (was 24202) fWinVerifyTrust=0 for '\Device\HarddiskVolume2\Program Files\Oracle\VirtualBox\msvcr100.dll' [rescheduled]
268c.2c50: Detected loader lock ownership: rc=Unknown Status 24202 (0x5e8a) '\Device\HarddiskVolume2\Program Files\Oracle\VirtualBox\msvcr100.dll'.
268c.2c50: supR3HardenedWinVerifyCacheProcessWvtTodos: 24202 (was 24202) fWinVerifyTrust=0 for '\Device\HarddiskVolume2\Program Files\Oracle\VirtualBox\msvcr100.dll' [rescheduled]
268c.2c50: supR3HardenedMonitor_LdrLoadDll: returns rcNt=0x0 hMod=00007fffe11d0000 'C:\Program Files\Oracle\VirtualBox\VBoxRT.dll'
268c.2c50: Detected loader lock ownership: rc=Unknown Status 24202 (0x5e8a) '\Device\HarddiskVolume2\Program Files\Oracle\VirtualBox\msvcr100.dll'.
268c.2c50: supR3HardenedWinVerifyCacheProcessWvtTodos: 24202 (was 24202) fWinVerifyTrust=0 for '\Device\HarddiskVolume2\Program Files\Oracle\VirtualBox\msvcr100.dll' [rescheduled]
268c.2c50: Detected loader lock ownership: rc=Unknown Status 24202 (0x5e8a) '\Device\HarddiskVolume2\Program Files\Oracle\VirtualBox\msvcr100.dll'.
268c.2c50: supR3HardenedWinVerifyCacheProcessWvtTodos: 24202 (was 24202) fWinVerifyTrust=0 for '\Device\HarddiskVolume2\Program Files\Oracle\VirtualBox\msvcr100.dll' [rescheduled]
268c.2c50: supR3HardenedMonitor_LdrLoadDll: returns rcNt=0x0 hMod=00007fffe11d0000 'C:\Program Files\Oracle\VirtualBox\VBoxRT.dll'
268c.2c50: Detected loader lock ownership: rc=Unknown Status 24202 (0x5e8a) '\Device\HarddiskVolume2\Program Files\Oracle\VirtualBox\msvcr100.dll'.
268c.2c50: supR3HardenedWinVerifyCacheProcessWvtTodos: 24202 (was 24202) fWinVerifyTrust=0 for '\Device\HarddiskVolume2\Program Files\Oracle\VirtualBox\msvcr100.dll' [rescheduled]
268c.2c50: Detected loader lock ownership: rc=Unknown Status 24202 (0x5e8a) '\Device\HarddiskVolume2\Program Files\Oracle\VirtualBox\msvcr100.dll'.
268c.2c50: supR3HardenedWinVerifyCacheProcessWvtTodos: 24202 (was 24202) fWinVerifyTrust=0 for '\Device\HarddiskVolume2\Program Files\Oracle\VirtualBox\msvcr100.dll' [rescheduled]
268c.2c50: supR3HardenedMonitor_LdrLoadDll: returns rcNt=0x0 hMod=00007fffe11d0000 'C:\Program Files\Oracle\VirtualBox\VBoxRT.dll'
268c.2c50: Detected loader lock ownership: rc=Unknown Status 24202 (0x5e8a) '\Device\HarddiskVolume2\Program Files\Oracle\VirtualBox\msvcr100.dll'.
268c.2c50: supR3HardenedWinVerifyCacheProcessWvtTodos: 24202 (was 24202) fWinVerifyTrust=0 for '\Device\HarddiskVolume2\Program Files\Oracle\VirtualBox\msvcr100.dll' [rescheduled]
268c.2c50: Detected loader lock ownership: rc=Unknown Status 24202 (0x5e8a) '\Device\HarddiskVolume2\Program Files\Oracle\VirtualBox\msvcr100.dll'.
268c.2c50: supR3HardenedWinVerifyCacheProcessWvtTodos: 24202 (was 24202) fWinVerifyTrust=0 for '\Device\HarddiskVolume2\Program Files\Oracle\VirtualBox\msvcr100.dll' [rescheduled]
268c.2c50: supR3HardenedScreenImage/LdrLoadDll: cache hit (VINF_SUCCESS) on \Device\HarddiskVolume2\Program Files\Oracle\VirtualBox\VBoxRT.dll
268c.2c50: supR3HardenedMonitor_LdrLoadDll: pName=C:\Program Files\Oracle\VirtualBox\VBoxRT.dll (rcNtResolve=0xc0150008) *pfFlags=0x0 pwszSearchPath=0000000000000001:<flags> [calling]
268c.2c50: supR3HardenedMonitor_LdrLoadDll: returns rcNt=0x0 hMod=00007fffe11d0000 'C:\Program Files\Oracle\VirtualBox\VBoxRT.dll'
268c.2c50: Detected loader lock ownership: rc=Unknown Status 24202 (0x5e8a) '\Device\HarddiskVolume2\Program Files\Oracle\VirtualBox\msvcr100.dll'.
268c.2c50: supR3HardenedWinVerifyCacheProcessWvtTodos: 24202 (was 24202) fWinVerifyTrust=0 for '\Device\HarddiskVolume2\Program Files\Oracle\VirtualBox\msvcr100.dll' [rescheduled]
268c.2c50: Detected loader lock ownership: rc=Unknown Status 24202 (0x5e8a) '\Device\HarddiskVolume2\Program Files\Oracle\VirtualBox\msvcr100.dll'.
268c.2c50: supR3HardenedWinVerifyCacheProcessWvtTodos: 24202 (was 24202) fWinVerifyTrust=0 for '\Device\HarddiskVolume2\Program Files\Oracle\VirtualBox\msvcr100.dll' [rescheduled]
268c.2c50: supR3HardenedMonitor_LdrLoadDll: returns rcNt=0x0 hMod=00007fffe11d0000 'C:\Program Files\Oracle\VirtualBox\VBoxRT.dll'
268c.2c50: Detected loader lock ownership: rc=Unknown Status 24202 (0x5e8a) '\Device\HarddiskVolume2\Program Files\Oracle\VirtualBox\msvcr100.dll'.
268c.2c50: supR3HardenedWinVerifyCacheProcessWvtTodos: 24202 (was 24202) fWinVerifyTrust=0 for '\Device\HarddiskVolume2\Program Files\Oracle\VirtualBox\msvcr100.dll' [rescheduled]
268c.2c50: Detected loader lock ownership: rc=Unknown Status 24202 (0x5e8a) '\Device\HarddiskVolume2\Program Files\Oracle\VirtualBox\msvcr100.dll'.
268c.2c50: supR3HardenedWinVerifyCacheProcessWvtTodos: 24202 (was 24202) fWinVerifyTrust=0 for '\Device\HarddiskVolume2\Program Files\Oracle\VirtualBox\msvcr100.dll' [rescheduled]
268c.2c50: supR3HardenedMonitor_LdrLoadDll: returns rcNt=0x0 hMod=00007fffe11d0000 'C:\Program Files\Oracle\VirtualBox\VBoxRT.dll'
268c.2c50: Detected loader lock ownership: rc=Unknown Status 24202 (0x5e8a) '\Device\HarddiskVolume2\Program Files\Oracle\VirtualBox\msvcr100.dll'.
268c.2c50: supR3HardenedWinVerifyCacheProcessWvtTodos: 24202 (was 24202) fWinVerifyTrust=0 for '\Device\HarddiskVolume2\Program Files\Oracle\VirtualBox\msvcr100.dll' [rescheduled]
268c.2c50: Detected loader lock ownership: rc=Unknown Status 24202 (0x5e8a) '\Device\HarddiskVolume2\Program Files\Oracle\VirtualBox\msvcr100.dll'.
268c.2c50: supR3HardenedWinVerifyCacheProcessWvtTodos: 24202 (was 24202) fWinVerifyTrust=0 for '\Device\HarddiskVolume2\Program Files\Oracle\VirtualBox\msvcr100.dll' [rescheduled]
268c.2c50: supR3HardenedMonitor_LdrLoadDll: returns rcNt=0x0 hMod=00007fffe11d0000 'C:\Program Files\Oracle\VirtualBox\VBoxRT.dll'
268c.2c50: Detected loader lock ownership: rc=Unknown Status 24202 (0x5e8a) '\Device\HarddiskVolume2\Program Files\Oracle\VirtualBox\msvcr100.dll'.
268c.2c50: supR3HardenedWinVerifyCacheProcessWvtTodos: 24202 (was 24202) fWinVerifyTrust=0 for '\Device\HarddiskVolume2\Program Files\Oracle\VirtualBox\msvcr100.dll' [rescheduled]
268c.2c50: Detected loader lock ownership: rc=Unknown Status 24202 (0x5e8a) '\Device\HarddiskVolume2\Program Files\Oracle\VirtualBox\msvcr100.dll'.
268c.2c50: supR3HardenedWinVerifyCacheProcessWvtTodos: 24202 (was 24202) fWinVerifyTrust=0 for '\Device\HarddiskVolume2\Program Files\Oracle\VirtualBox\msvcr100.dll' [rescheduled]
268c.2c50: supR3HardenedMonitor_LdrLoadDll: returns rcNt=0x0 hMod=00007fffe11d0000 'C:\Program Files\Oracle\VirtualBox\VBoxRT.dll'
268c.2c50: Detected loader lock ownership: rc=Unknown Status 24202 (0x5e8a) '\Device\HarddiskVolume2\Program Files\Oracle\VirtualBox\msvcr100.dll'.
268c.2c50: supR3HardenedWinVerifyCacheProcessWvtTodos: 24202 (was 24202) fWinVerifyTrust=0 for '\Device\HarddiskVolume2\Program Files\Oracle\VirtualBox\msvcr100.dll' [rescheduled]
268c.2c50: Detected loader lock ownership: rc=Unknown Status 24202 (0x5e8a) '\Device\HarddiskVolume2\Program Files\Oracle\VirtualBox\msvcr100.dll'.
268c.2c50: supR3HardenedWinVerifyCacheProcessWvtTodos: 24202 (was 24202) fWinVerifyTrust=0 for '\Device\HarddiskVolume2\Program Files\Oracle\VirtualBox\msvcr100.dll' [rescheduled]
268c.2c50: supR3HardenedMonitor_LdrLoadDll: returns rcNt=0x0 hMod=00007fffe11d0000 'C:\Program Files\Oracle\VirtualBox\VBoxRT.dll'
268c.2c50: Detected loader lock ownership: rc=Unknown Status 24202 (0x5e8a) '\Device\HarddiskVolume2\Program Files\Oracle\VirtualBox\msvcr100.dll'.
268c.2c50: supR3HardenedWinVerifyCacheProcessWvtTodos: 24202 (was 24202) fWinVerifyTrust=0 for '\Device\HarddiskVolume2\Program Files\Oracle\VirtualBox\msvcr100.dll' [rescheduled]
268c.2c50: Detected loader lock ownership: rc=Unknown Status 24202 (0x5e8a) '\Device\HarddiskVolume2\Program Files\Oracle\VirtualBox\msvcr100.dll'.
268c.2c50: supR3HardenedWinVerifyCacheProcessWvtTodos: 24202 (was 24202) fWinVerifyTrust=0 for '\Device\HarddiskVolume2\Program Files\Oracle\VirtualBox\msvcr100.dll' [rescheduled]
268c.2c50: supR3HardenedMonitor_LdrLoadDll: returns rcNt=0x0 hMod=00007fffe11d0000 'C:\Program Files\Oracle\VirtualBox\VBoxRT.dll'
268c.2c50: Detected loader lock ownership: rc=Unknown Status 24202 (0x5e8a) '\Device\HarddiskVolume2\Program Files\Oracle\VirtualBox\msvcr100.dll'.
268c.2c50: supR3HardenedWinVerifyCacheProcessWvtTodos: 24202 (was 24202) fWinVerifyTrust=0 for '\Device\HarddiskVolume2\Program Files\Oracle\VirtualBox\msvcr100.dll' [rescheduled]
268c.2c50: Detected loader lock ownership: rc=Unknown Status 24202 (0x5e8a) '\Device\HarddiskVolume2\Program Files\Oracle\VirtualBox\msvcr100.dll'.
268c.2c50: supR3HardenedWinVerifyCacheProcessWvtTodos: 24202 (was 24202) fWinVerifyTrust=0 for '\Device\HarddiskVolume2\Program Files\Oracle\VirtualBox\msvcr100.dll' [rescheduled]
268c.2c50: supR3HardenedMonitor_LdrLoadDll: returns rcNt=0x0 hMod=00007fffe11d0000 'C:\Program Files\Oracle\VirtualBox\VBoxRT.dll'
268c.2c50: Detected loader lock ownership: rc=Unknown Status 24202 (0x5e8a) '\Device\HarddiskVolume2\Program Files\Oracle\VirtualBox\msvcr100.dll'.
268c.2c50: supR3HardenedWinVerifyCacheProcessWvtTodos: 24202 (was 24202) fWinVerifyTrust=0 for '\Device\HarddiskVolume2\Program Files\Oracle\VirtualBox\msvcr100.dll' [rescheduled]
268c.2c50: Detected loader lock ownership: rc=Unknown Status 24202 (0x5e8a) '\Device\HarddiskVolume2\Program Files\Oracle\VirtualBox\msvcr100.dll'.
268c.2c50: supR3HardenedWinVerifyCacheProcessWvtTodos: 24202 (was 24202) fWinVerifyTrust=0 for '\Device\HarddiskVolume2\Program Files\Oracle\VirtualBox\msvcr100.dll' [rescheduled]
268c.2c50: supR3HardenedMonitor_LdrLoadDll: returns rcNt=0x0 hMod=00007fffe11d0000 'C:\Program Files\Oracle\VirtualBox\VBoxRT.dll'
268c.2c50: Detected loader lock ownership: rc=Unknown Status 24202 (0x5e8a) '\Device\HarddiskVolume2\Program Files\Oracle\VirtualBox\msvcr100.dll'.
268c.2c50: supR3HardenedWinVerifyCacheProcessWvtTodos: 24202 (was 24202) fWinVerifyTrust=0 for '\Device\HarddiskVolume2\Program Files\Oracle\VirtualBox\msvcr100.dll' [rescheduled]
268c.2c50: Detected loader lock ownership: rc=Unknown Status 24202 (0x5e8a) '\Device\HarddiskVolume2\Program Files\Oracle\VirtualBox\msvcr100.dll'.
268c.2c50: supR3HardenedWinVerifyCacheProcessWvtTodos: 24202 (was 24202) fWinVerifyTrust=0 for '\Device\HarddiskVolume2\Program Files\Oracle\VirtualBox\msvcr100.dll' [rescheduled]
268c.2c50: supR3HardenedMonitor_LdrLoadDll: returns rcNt=0x0 hMod=00007fffe11d0000 'C:\Program Files\Oracle\VirtualBox\VBoxRT.dll'
268c.2c50: Detected loader lock ownership: rc=Unknown Status 24202 (0x5e8a) '\Device\HarddiskVolume2\Program Files\Oracle\VirtualBox\msvcr100.dll'.
268c.2c50: supR3HardenedWinVerifyCacheProcessWvtTodos: 24202 (was 24202) fWinVerifyTrust=0 for '\Device\HarddiskVolume2\Program Files\Oracle\VirtualBox\msvcr100.dll' [rescheduled]
268c.2c50: Detected loader lock ownership: rc=Unknown Status 24202 (0x5e8a) '\Device\HarddiskVolume2\Program Files\Oracle\VirtualBox\msvcr100.dll'.
268c.2c50: supR3HardenedWinVerifyCacheProcessWvtTodos: 24202 (was 24202) fWinVerifyTrust=0 for '\Device\HarddiskVolume2\Program Files\Oracle\VirtualBox\msvcr100.dll' [rescheduled]
268c.2c50: supR3HardenedMonitor_LdrLoadDll: returns rcNt=0x0 hMod=00007fffe11d0000 'C:\Program Files\Oracle\VirtualBox\VBoxRT.dll'
268c.2c50: Detected loader lock ownership: rc=Unknown Status 24202 (0x5e8a) '\Device\HarddiskVolume2\Program Files\Oracle\VirtualBox\msvcr100.dll'.
268c.2c50: supR3HardenedWinVerifyCacheProcessWvtTodos: 24202 (was 24202) fWinVerifyTrust=0 for '\Device\HarddiskVolume2\Program Files\Oracle\VirtualBox\msvcr100.dll' [rescheduled]
268c.2c50: Detected loader lock ownership: rc=Unknown Status 24202 (0x5e8a) '\Device\HarddiskVolume2\Program Files\Oracle\VirtualBox\msvcr100.dll'.
268c.2c50: supR3HardenedWinVerifyCacheProcessWvtTodos: 24202 (was 24202) fWinVerifyTrust=0 for '\Device\HarddiskVolume2\Program Files\Oracle\VirtualBox\msvcr100.dll' [rescheduled]
268c.2c50: supR3HardenedMonitor_LdrLoadDll: returns rcNt=0x0 hMod=00007fffe11d0000 'C:\Program Files\Oracle\VirtualBox\VBoxRT.dll'
268c.2c50: Detected loader lock ownership: rc=Unknown Status 24202 (0x5e8a) '\Device\HarddiskVolume2\Program Files\Oracle\VirtualBox\msvcr100.dll'.
268c.2c50: supR3HardenedWinVerifyCacheProcessWvtTodos: 24202 (was 24202) fWinVerifyTrust=0 for '\Device\HarddiskVolume2\Program Files\Oracle\VirtualBox\msvcr100.dll' [rescheduled]
268c.2c50: Detected loader lock ownership: rc=Unknown Status 24202 (0x5e8a) '\Device\HarddiskVolume2\Program Files\Oracle\VirtualBox\msvcr100.dll'.
268c.2c50: supR3HardenedWinVerifyCacheProcessWvtTodos: 24202 (was 24202) fWinVerifyTrust=0 for '\Device\HarddiskVolume2\Program Files\Oracle\VirtualBox\msvcr100.dll' [rescheduled]
268c.2c50: supR3HardenedMonitor_LdrLoadDll: returns rcNt=0x0 hMod=00007fffe11d0000 'C:\Program Files\Oracle\VirtualBox\VBoxRT.dll'
268c.2c50: Detected loader lock ownership: rc=Unknown Status 24202 (0x5e8a) '\Device\HarddiskVolume2\Program Files\Oracle\VirtualBox\msvcr100.dll'.
268c.2c50: supR3HardenedWinVerifyCacheProcessWvtTodos: 24202 (was 24202) fWinVerifyTrust=0 for '\Device\HarddiskVolume2\Program Files\Oracle\VirtualBox\msvcr100.dll' [rescheduled]
268c.2c50: Detected loader lock ownership: rc=Unknown Status 24202 (0x5e8a) '\Device\HarddiskVolume2\Program Files\Oracle\VirtualBox\msvcr100.dll'.
268c.2c50: supR3HardenedWinVerifyCacheProcessWvtTodos: 24202 (was 24202) fWinVerifyTrust=0 for '\Device\HarddiskVolume2\Program Files\Oracle\VirtualBox\msvcr100.dll' [rescheduled]
268c.2c50: supR3HardenedMonitor_LdrLoadDll: returns rcNt=0x0 hMod=00007fffe11d0000 'C:\Program Files\Oracle\VirtualBox\VBoxRT.dll'
268c.2c50: Detected loader lock ownership: rc=Unknown Status 24202 (0x5e8a) '\Device\HarddiskVolume2\Program Files\Oracle\VirtualBox\msvcr100.dll'.
268c.2c50: supR3HardenedWinVerifyCacheProcessWvtTodos: 24202 (was 24202) fWinVerifyTrust=0 for '\Device\HarddiskVolume2\Program Files\Oracle\VirtualBox\msvcr100.dll' [rescheduled]
268c.2c50: Detected loader lock ownership: rc=Unknown Status 24202 (0x5e8a) '\Device\HarddiskVolume2\Program Files\Oracle\VirtualBox\msvcr100.dll'.
268c.2c50: supR3HardenedWinVerifyCacheProcessWvtTodos: 24202 (was 24202) fWinVerifyTrust=0 for '\Device\HarddiskVolume2\Program Files\Oracle\VirtualBox\msvcr100.dll' [rescheduled]
268c.2c50: supR3HardenedMonitor_LdrLoadDll: returns rcNt=0x0 hMod=00007fffe11d0000 'C:\Program Files\Oracle\VirtualBox\VBoxRT.dll'
268c.2c50: Detected loader lock ownership: rc=Unknown Status 24202 (0x5e8a) '\Device\HarddiskVolume2\Program Files\Oracle\VirtualBox\msvcr100.dll'.
268c.2c50: supR3HardenedWinVerifyCacheProcessWvtTodos: 24202 (was 24202) fWinVerifyTrust=0 for '\Device\HarddiskVolume2\Program Files\Oracle\VirtualBox\msvcr100.dll' [rescheduled]
268c.2c50: Detected loader lock ownership: rc=Unknown Status 24202 (0x5e8a) '\Device\HarddiskVolume2\Program Files\Oracle\VirtualBox\msvcr100.dll'.
268c.2c50: supR3HardenedWinVerifyCacheProcessWvtTodos: 24202 (was 24202) fWinVerifyTrust=0 for '\Device\HarddiskVolume2\Program Files\Oracle\VirtualBox\msvcr100.dll' [rescheduled]
268c.2c50: supR3HardenedMonitor_LdrLoadDll: returns rcNt=0x0 hMod=00007fffe11d0000 'C:\Program Files\Oracle\VirtualBox\VBoxRT.dll'
268c.2c50: Detected loader lock ownership: rc=Unknown Status 24202 (0x5e8a) '\Device\HarddiskVolume2\Program Files\Oracle\VirtualBox\msvcr100.dll'.
268c.2c50: supR3HardenedWinVerifyCacheProcessWvtTodos: 24202 (was 24202) fWinVerifyTrust=0 for '\Device\HarddiskVolume2\Program Files\Oracle\VirtualBox\msvcr100.dll' [rescheduled]
268c.2c50: Detected loader lock ownership: rc=Unknown Status 24202 (0x5e8a) '\Device\HarddiskVolume2\Program Files\Oracle\VirtualBox\msvcr100.dll'.
268c.2c50: supR3HardenedWinVerifyCacheProcessWvtTodos: 24202 (was 24202) fWinVerifyTrust=0 for '\Device\HarddiskVolume2\Program Files\Oracle\VirtualBox\msvcr100.dll' [rescheduled]
268c.2c50: supR3HardenedScreenImage/LdrLoadDll: cache hit (VINF_SUCCESS) on \Device\HarddiskVolume2\Program Files\Oracle\VirtualBox\VBoxRT.dll
268c.2c50: supR3HardenedMonitor_LdrLoadDll: pName=C:\Program Files\Oracle\VirtualBox\VBoxRT.dll (rcNtResolve=0xc0150008) *pfFlags=0x0 pwszSearchPath=0000000000000001:<flags> [calling]
268c.2c50: supR3HardenedMonitor_LdrLoadDll: returns rcNt=0x0 hMod=00007fffe11d0000 'C:\Program Files\Oracle\VirtualBox\VBoxRT.dll'
268c.2c50: Detected loader lock ownership: rc=Unknown Status 24202 (0x5e8a) '\Device\HarddiskVolume2\Program Files\Oracle\VirtualBox\msvcr100.dll'.
268c.2c50: supR3HardenedWinVerifyCacheProcessWvtTodos: 24202 (was 24202) fWinVerifyTrust=0 for '\Device\HarddiskVolume2\Program Files\Oracle\VirtualBox\msvcr100.dll' [rescheduled]
268c.2c50: Detected loader lock ownership: rc=Unknown Status 24202 (0x5e8a) '\Device\HarddiskVolume2\Program Files\Oracle\VirtualBox\msvcr100.dll'.
268c.2c50: supR3HardenedWinVerifyCacheProcessWvtTodos: 24202 (was 24202) fWinVerifyTrust=0 for '\Device\HarddiskVolume2\Program Files\Oracle\VirtualBox\msvcr100.dll' [rescheduled]
268c.2c50: supR3HardenedMonitor_LdrLoadDll: returns rcNt=0x0 hMod=00007fffe11d0000 'C:\Program Files\Oracle\VirtualBox\VBoxRT.dll'
268c.2c50: Detected loader lock ownership: rc=Unknown Status 24202 (0x5e8a) '\Device\HarddiskVolume2\Program Files\Oracle\VirtualBox\msvcr100.dll'.
268c.2c50: supR3HardenedWinVerifyCacheProcessWvtTodos: 24202 (was 24202) fWinVerifyTrust=0 for '\Device\HarddiskVolume2\Program Files\Oracle\VirtualBox\msvcr100.dll' [rescheduled]
268c.2c50: Detected loader lock ownership: rc=Unknown Status 24202 (0x5e8a) '\Device\HarddiskVolume2\Program Files\Oracle\VirtualBox\msvcr100.dll'.
268c.2c50: supR3HardenedWinVerifyCacheProcessWvtTodos: 24202 (was 24202) fWinVerifyTrust=0 for '\Device\HarddiskVolume2\Program Files\Oracle\VirtualBox\msvcr100.dll' [rescheduled]
268c.2c50: supR3HardenedMonitor_LdrLoadDll: returns rcNt=0x0 hMod=00007fffe11d0000 'C:\Program Files\Oracle\VirtualBox\VBoxRT.dll'
268c.2c50: Detected loader lock ownership: rc=Unknown Status 24202 (0x5e8a) '\Device\HarddiskVolume2\Program Files\Oracle\VirtualBox\msvcr100.dll'.
268c.2c50: supR3HardenedWinVerifyCacheProcessWvtTodos: 24202 (was 24202) fWinVerifyTrust=0 for '\Device\HarddiskVolume2\Program Files\Oracle\VirtualBox\msvcr100.dll' [rescheduled]
268c.2c50: supR3HardenedMonitor_LdrLoadDll: returns rcNt=0x0 hMod=00007fffe11d0000 'C:\Program Files\Oracle\VirtualBox\VBoxRT.dll'
268c.2c50: supR3HardenedMonitor_LdrLoadDll: returns rcNt=0x0 hMod=00007ff814060000 'C:\WINDOWS\system32\rsaenh.dll'
268c.2c50: supR3HardenedMonitor_LdrLoadDll: returns rcNt=0x0 hMod=00007ff8156a0000 'C:\WINDOWS\System32\crypt32.dll'
268c.2c50: supR3HardenedWinVerifyCacheProcessWvtTodos: 0 (was 24202) fWinVerifyTrust=1 for '\Device\HarddiskVolume2\Program Files\Oracle\VirtualBox\msvcr100.dll'
268c.2c50: supR3HardenedScreenImage/LdrLoadDll: cache hit (VINF_SUCCESS) on \Device\HarddiskVolume2\Windows\System32\wintrust.dll
268c.2c50: supR3HardenedMonitor_LdrLoadDll: pName=C:\WINDOWS\system32\Wintrust.dll (rcNtResolve=0xc0150008) *pfFlags=0x0 pwszSearchPath=0000000000000801:<flags> [calling]
268c.2c50: supR3HardenedMonitor_LdrLoadDll: returns rcNt=0x0 hMod=00007ff815630000 'C:\WINDOWS\system32\Wintrust.dll'
268c.2c50: supR3HardenedScreenImage/LdrLoadDll: cache hit (VINF_SUCCESS) on \Device\HarddiskVolume2\Windows\System32\rsaenh.dll
268c.2c50: supR3HardenedMonitor_LdrLoadDll: pName=C:\WINDOWS\system32\rsaenh.dll (rcNtResolve=0xc0150008) *pfFlags=0x0 pwszSearchPath=0000000000000001:<flags> [calling]
268c.2c50: supR3HardenedMonitor_LdrLoadDll: returns rcNt=0x0 hMod=00007ff814060000 'C:\WINDOWS\system32\rsaenh.dll'
268c.2c50: supR3HardenedMonitor_LdrLoadDll: returns rcNt=0x0 hMod=00007ff8156a0000 'C:\WINDOWS\System32\crypt32.dll'
268c.2c50: supR3HardenedMonitor_LdrLoadDll: returns rcNt=0x0 hMod=00007ff814060000 'C:\WINDOWS\system32\rsaenh.dll'
268c.2c50: supR3HardenedMonitor_LdrLoadDll: returns rcNt=0x0 hMod=00007ff8156a0000 'C:\WINDOWS\System32\crypt32.dll'
268c.2c50: supR3HardenedMonitor_LdrLoadDll: returns rcNt=0x0 hMod=00007ff8156a0000 'C:\WINDOWS\system32\crypt32.dll'
268c.2c50: SUPR3HardenedMain: Load TrustedMain...
268c.2c50: \Device\HarddiskVolume2\Program Files\Oracle\VirtualBox\VirtualBoxVM.dll: Signature #1/2: info status: 24202
268c.2c50: supR3HardenedMonitor_LdrLoadDll: returns rcNt=0x0 hMod=00007ff814060000 'C:\WINDOWS\system32\rsaenh.dll'
268c.2c50: supR3HardenedMonitor_LdrLoadDll: returns rcNt=0x0 hMod=00007ff8156a0000 'C:\WINDOWS\System32\crypt32.dll'
268c.2c50: supR3HardenedWinVerifyCacheScheduleImports: Import todo: #0 'opengl32.dll'.
268c.2c50: supR3HardenedWinVerifyCacheScheduleImports: Import todo: #1 'uicommon.dll'.
268c.2c50: supR3HardenedWinVerifyCacheScheduleImports: Import todo: #2 'vboxrt.dll'.
268c.2c50: supR3HardenedWinVerifyCacheScheduleImports: Import todo: #3 'msvcp100.dll'.
268c.2c50: supR3HardenedWinVerifyCacheScheduleImports: Import todo: #4 'msvcr100.dll'.
268c.2c50: supR3HardenedWinVerifyCacheScheduleImports: Import todo: #5 'qt5corevbox.dll'.
268c.2c50: supR3HardenedWinVerifyCacheScheduleImports: Import todo: #6 'qt5guivbox.dll'.
268c.2c50: supR3HardenedWinVerifyCacheScheduleImports: Import todo: #7 'qt5widgetsvbox.dll'.
268c.2c50: supR3HardenedWinVerifyCacheScheduleImports: Import todo: #8 'qt5openglvbox.dll'.
268c.2c50: supR3HardenedWinVerifyCacheScheduleImports: Import todo: #10 'user32.dll'.
268c.2c50: supR3HardenedWinVerifyCacheScheduleImports: Import todo: #11 'ole32.dll'.
268c.2c50: supR3HardenedWinVerifyCacheScheduleImports: Import todo: #12 'oleaut32.dll'.
268c.2c50: supR3HardenedWinVerifyCacheScheduleImports: Import todo: #13 'winmm.dll'.
268c.2c50: supHardenedWinVerifyImageByHandle: -> 0 (\Device\HarddiskVolume2\Program Files\Oracle\VirtualBox\VirtualBoxVM.dll) WinVerifyTrust
268c.2c50: supR3HardenedWinVerifyCacheInsert: \Device\HarddiskVolume2\Program Files\Oracle\VirtualBox\VirtualBoxVM.dll
268c.2c50: supR3HardenedWinVerifyCacheProcessImportTodos: Processing 'winmm.dll'...
268c.2c50: supR3HardenedWinVerifyCacheProcessImportTodos: 'winmm.dll' -> '\Device\HarddiskVolume2\Windows\System32\winmm.dll' [rcNtRedir=0xc0150008]
268c.2c50: supR3HardenedMonitor_LdrLoadDll: returns rcNt=0x0 hMod=00007ff814060000 'C:\WINDOWS\system32\rsaenh.dll'
268c.2c50: supR3HardenedMonitor_LdrLoadDll: returns rcNt=0x0 hMod=00007ff8156a0000 'C:\WINDOWS\System32\crypt32.dll'
268c.2c50: supR3HardenedWinVerifyCacheScheduleImports: Import todo: #1 'msvcrt.dll'.
268c.2c50: supHardenedWinVerifyImageByHandle: -> 0 (\Device\HarddiskVolume2\Windows\System32\winmm.dll) WinVerifyTrust
268c.2c50: supR3HardenedWinVerifyCacheInsert: \Device\HarddiskVolume2\Windows\System32\winmm.dll
268c.2c50: supR3HardenedWinVerifyCacheProcessImportTodos: Processing 'oleaut32.dll'...
268c.2c50: supR3HardenedWinVerifyCacheProcessImportTodos: 'oleaut32.dll' -> '\Device\HarddiskVolume2\Windows\System32\oleaut32.dll' [rcNtRedir=0xc0150008]
268c.2c50: supR3HardenedWinVerifyCacheProcessImportTodos: Processing 'msvcrt.dll'...
268c.2c50: supR3HardenedWinVerifyCacheProcessImportTodos: 'msvcrt.dll' -> '\Device\HarddiskVolume2\Windows\System32\msvcrt.dll' [rcNtRedir=0xc0150008]
268c.2c50: supR3HardenedScreenImage/Imports: cache hit (VINF_SUCCESS) on \Device\HarddiskVolume2\Windows\System32\msvcrt.dll
268c.2c50: supR3HardenedMonitor_LdrLoadDll: returns rcNt=0x0 hMod=00007ff814060000 'C:\WINDOWS\system32\rsaenh.dll'
268c.2c50: supR3HardenedMonitor_LdrLoadDll: returns rcNt=0x0 hMod=00007ff8156a0000 'C:\WINDOWS\System32\crypt32.dll'
268c.2c50: supR3HardenedWinVerifyCacheScheduleImports: Import todo: #0 'msvcp_win.dll'.
268c.2c50: supR3HardenedWinVerifyCacheScheduleImports: Import todo: #5 'combase.dll'.
268c.2c50: supR3HardenedWinVerifyCacheScheduleImports: Import todo: #21 'rpcrt4.dll'.
268c.2c50: supHardenedWinVerifyImageByHandle: -> 0 (\Device\HarddiskVolume2\Windows\System32\oleaut32.dll) WinVerifyTrust
268c.2c50: supR3HardenedWinVerifyCacheInsert: \Device\HarddiskVolume2\Windows\System32\oleaut32.dll
268c.2c50: supR3HardenedWinVerifyCacheProcessImportTodos: Processing 'ole32.dll'...
268c.2c50: supR3HardenedWinVerifyCacheProcessImportTodos: 'ole32.dll' -> '\Device\HarddiskVolume2\Windows\System32\ole32.dll' [rcNtRedir=0xc0150008]
268c.2c50: supR3HardenedWinVerifyCacheProcessImportTodos: Processing 'rpcrt4.dll'...
268c.2c50: supR3HardenedWinVerifyCacheProcessImportTodos: 'rpcrt4.dll' -> '\Device\HarddiskVolume2\Windows\System32\rpcrt4.dll' [rcNtRedir=0xc0150008]
268c.2c50: supR3HardenedScreenImage/Imports: cache hit (VINF_SUCCESS) on \Device\HarddiskVolume2\Windows\System32\rpcrt4.dll
268c.2c50: supR3HardenedWinVerifyCacheProcessImportTodos: Processing 'combase.dll'...
268c.2c50: supR3HardenedWinVerifyCacheProcessImportTodos: 'combase.dll' -> '\Device\HarddiskVolume2\Windows\System32\combase.dll' [rcNtRedir=0xc0150008]
268c.2c50: Detected WinVerifyTrust recursion: rc=VINF_SUCCESS '\Device\HarddiskVolume2\Windows\System32\combase.dll'.
268c.2c50: supR3HardenedWinVerifyCacheScheduleImports: Import todo: #3 'rpcrt4.dll'.
268c.2c50: supHardenedWinVerifyImageByHandle: -> 0 (\Device\HarddiskVolume2\Windows\System32\combase.dll)
268c.2c50: supR3HardenedWinVerifyCacheInsert: \Device\HarddiskVolume2\Windows\System32\combase.dll
268c.2c50: supR3HardenedWinVerifyCacheProcessImportTodos: Processing 'msvcp_win.dll'...
268c.2c50: supR3HardenedWinVerifyCacheProcessImportTodos: 'msvcp_win.dll' -> '\Device\HarddiskVolume2\Windows\System32\msvcp_win.dll' [rcNtRedir=0xc0150008]
268c.2c50: Detected WinVerifyTrust recursion: rc=VINF_SUCCESS '\Device\HarddiskVolume2\Windows\System32\msvcp_win.dll'.
268c.2c50: supHardenedWinVerifyImageByHandle: -> 0 (\Device\HarddiskVolume2\Windows\System32\msvcp_win.dll)
268c.2c50: supR3HardenedWinVerifyCacheInsert: \Device\HarddiskVolume2\Windows\System32\msvcp_win.dll
268c.2c50: supR3HardenedWinVerifyCacheProcessImportTodos: Processing 'rpcrt4.dll'...
268c.2c50: supR3HardenedWinVerifyCacheProcessImportTodos: 'rpcrt4.dll' -> '\Device\HarddiskVolume2\Windows\System32\rpcrt4.dll' [rcNtRedir=0xc0150008]
268c.2c50: supR3HardenedMonitor_LdrLoadDll: returns rcNt=0x0 hMod=00007ff814060000 'C:\WINDOWS\system32\rsaenh.dll'
268c.2c50: supR3HardenedMonitor_LdrLoadDll: returns rcNt=0x0 hMod=00007ff8156a0000 'C:\WINDOWS\System32\crypt32.dll'
268c.2c50: supR3HardenedWinVerifyCacheScheduleImports: Import todo: #21 'rpcrt4.dll'.
268c.2c50: supR3HardenedWinVerifyCacheScheduleImports: Import todo: #49 'gdi32.dll'.
268c.2c50: supR3HardenedWinVerifyCacheScheduleImports: Import todo: #50 'user32.dll'.
268c.2c50: supR3HardenedWinVerifyCacheScheduleImports: Import todo: #51 'combase.dll'.
268c.2c50: supHardenedWinVerifyImageByHandle: -> 0 (\Device\HarddiskVolume2\Windows\System32\ole32.dll) WinVerifyTrust
268c.2c50: supR3HardenedWinVerifyCacheInsert: \Device\HarddiskVolume2\Windows\System32\ole32.dll
268c.2c50: supR3HardenedWinVerifyCacheProcessImportTodos: Processing 'user32.dll'...
268c.2c50: supR3HardenedWinVerifyCacheProcessImportTodos: 'user32.dll' -> '\Device\HarddiskVolume2\Windows\System32\user32.dll' [rcNtRedir=0xc0150008]
268c.2c50: supR3HardenedWinVerifyCacheProcessImportTodos: Processing 'combase.dll'...
268c.2c50: supR3HardenedWinVerifyCacheProcessImportTodos: 'combase.dll' -> '\Device\HarddiskVolume2\Windows\System32\combase.dll' [rcNtRedir=0xc0150008]
268c.2c50: supR3HardenedScreenImage/Imports: cache hit (VINF_SUCCESS) on \Device\HarddiskVolume2\Windows\System32\combase.dll [lacks WinVerifyTrust]
268c.2c50: supR3HardenedWinVerifyCacheProcessImportTodos: Processing 'user32.dll'...
268c.2c50: supR3HardenedWinVerifyCacheProcessImportTodos: 'user32.dll' -> '\Device\HarddiskVolume2\Windows\System32\user32.dll' [rcNtRedir=0xc0150008]
268c.2c50: Detected WinVerifyTrust recursion: rc=VINF_SUCCESS '\Device\HarddiskVolume2\Windows\System32\user32.dll'.
268c.2c50: supR3HardenedWinVerifyCacheScheduleImports: Import todo: #0 'win32u.dll'.
268c.2c50: supR3HardenedWinVerifyCacheScheduleImports: Import todo: #36 'gdi32.dll'.
268c.2c50: supHardenedWinVerifyImageByHandle: -> 0 (\Device\HarddiskVolume2\Windows\System32\user32.dll)
268c.2c50: supR3HardenedWinVerifyCacheInsert: \Device\HarddiskVolume2\Windows\System32\user32.dll
268c.2c50: supR3HardenedWinVerifyCacheProcessImportTodos: Processing 'gdi32.dll'...
268c.2c50: supR3HardenedWinVerifyCacheProcessImportTodos: 'gdi32.dll' -> '\Device\HarddiskVolume2\Windows\System32\gdi32.dll' [rcNtRedir=0xc0150008]
268c.2c50: Detected WinVerifyTrust recursion: rc=VINF_SUCCESS '\Device\HarddiskVolume2\Windows\System32\gdi32.dll'.
268c.2c50: supR3HardenedWinVerifyCacheScheduleImports: Import todo: #9 'win32u.dll'.
268c.2c50: supHardenedWinVerifyImageByHandle: -> 0 (\Device\HarddiskVolume2\Windows\System32\gdi32.dll)
268c.2c50: supR3HardenedWinVerifyCacheInsert: \Device\HarddiskVolume2\Windows\System32\gdi32.dll
268c.2c50: supR3HardenedWinVerifyCacheProcessImportTodos: Processing 'rpcrt4.dll'...
268c.2c50: supR3HardenedWinVerifyCacheProcessImportTodos: 'rpcrt4.dll' -> '\Device\HarddiskVolume2\Windows\System32\rpcrt4.dll' [rcNtRedir=0xc0150008]
268c.2c50: supR3HardenedWinVerifyCacheProcessImportTodos: Processing 'win32u.dll'...
268c.2c50: supR3HardenedWinVerifyCacheProcessImportTodos: 'win32u.dll' -> '\Device\HarddiskVolume2\Windows\System32\win32u.dll' [rcNtRedir=0xc0150008]
268c.2c50: Detected WinVerifyTrust recursion: rc=VINF_SUCCESS '\Device\HarddiskVolume2\Windows\System32\win32u.dll'.
268c.2c50: '\Device\HarddiskVolume2\Windows\System32\win32u.dll' has no imports
268c.2c50: supHardenedWinVerifyImageByHandle: -> 0 (\Device\HarddiskVolume2\Windows\System32\win32u.dll)
268c.2c50: supR3HardenedWinVerifyCacheInsert: \Device\HarddiskVolume2\Windows\System32\win32u.dll
268c.2c50: supR3HardenedWinVerifyCacheProcessImportTodos: Processing 'gdi32.dll'...
268c.2c50: supR3HardenedWinVerifyCacheProcessImportTodos: 'gdi32.dll' -> '\Device\HarddiskVolume2\Windows\System32\gdi32.dll' [rcNtRedir=0xc0150008]
268c.2c50: supR3HardenedScreenImage/Imports: cache hit (VINF_SUCCESS) on \Device\HarddiskVolume2\Windows\System32\gdi32.dll [lacks WinVerifyTrust]
268c.2c50: supR3HardenedWinVerifyCacheProcessImportTodos: Processing 'win32u.dll'...
268c.2c50: supR3HardenedWinVerifyCacheProcessImportTodos: 'win32u.dll' -> '\Device\HarddiskVolume2\Windows\System32\win32u.dll' [rcNtRedir=0xc0150008]
268c.2c50: supR3HardenedScreenImage/Imports: cache hit (VINF_SUCCESS) on \Device\HarddiskVolume2\Windows\System32\win32u.dll [lacks WinVerifyTrust]
268c.2c50: supR3HardenedMonitor_LdrLoadDll: returns rcNt=0x0 hMod=00007ff814060000 'C:\WINDOWS\system32\rsaenh.dll'
268c.2c50: supR3HardenedMonitor_LdrLoadDll: returns rcNt=0x0 hMod=00007ff8156a0000 'C:\WINDOWS\System32\crypt32.dll'
268c.2c50: supR3HardenedWinVerifyCacheScheduleImports: Import todo: #0 'win32u.dll'.
268c.2c50: supR3HardenedWinVerifyCacheScheduleImports: Import todo: #36 'gdi32.dll'.
268c.2c50: supHardenedWinVerifyImageByHandle: -> 0 (\Device\HarddiskVolume2\Windows\System32\user32.dll) WinVerifyTrust
268c.2c50: supR3HardenedWinVerifyCacheProcessImportTodos: Processing 'qt5openglvbox.dll'...
268c.2c50: supR3HardenedWinVerifyCacheProcessImportTodos: 'qt5openglvbox.dll' -> '\Device\HarddiskVolume2\Program Files\Oracle\VirtualBox\qt5openglvbox.dll' [rcNtRedir=0xc0150008]
268c.2c50: \Device\HarddiskVolume2\Program Files\Oracle\VirtualBox\Qt5OpenGLVBox.dll: Signature #1/2: info status: 24202
268c.2c50: supR3HardenedWinVerifyCacheProcessImportTodos: Processing 'gdi32.dll'...
268c.2c50: supR3HardenedWinVerifyCacheProcessImportTodos: 'gdi32.dll' -> '\Device\HarddiskVolume2\Windows\System32\gdi32.dll' [rcNtRedir=0xc0150008]
268c.2c50: supR3HardenedScreenImage/Imports: cache hit (VINF_SUCCESS) on \Device\HarddiskVolume2\Windows\System32\gdi32.dll [lacks WinVerifyTrust]
268c.2c50: supR3HardenedWinVerifyCacheProcessImportTodos: Processing 'win32u.dll'...
268c.2c50: supR3HardenedWinVerifyCacheProcessImportTodos: 'win32u.dll' -> '\Device\HarddiskVolume2\Windows\System32\win32u.dll' [rcNtRedir=0xc0150008]
268c.2c50: supR3HardenedScreenImage/Imports: cache hit (VINF_SUCCESS) on \Device\HarddiskVolume2\Windows\System32\win32u.dll [lacks WinVerifyTrust]
268c.2c50: supR3HardenedMonitor_LdrLoadDll: returns rcNt=0x0 hMod=00007ff814060000 'C:\WINDOWS\system32\rsaenh.dll'
268c.2c50: supR3HardenedMonitor_LdrLoadDll: returns rcNt=0x0 hMod=00007ff8156a0000 'C:\WINDOWS\System32\crypt32.dll'
268c.2c50: supR3HardenedWinVerifyCacheScheduleImports: Import todo: #0 'qt5widgetsvbox.dll'.
268c.2c50: supR3HardenedWinVerifyCacheScheduleImports: Import todo: #1 'qt5guivbox.dll'.
268c.2c50: supR3HardenedWinVerifyCacheScheduleImports: Import todo: #2 'qt5corevbox.dll'.
268c.2c50: supR3HardenedWinVerifyCacheScheduleImports: Import todo: #3 'msvcr100.dll'.
268c.2c50: supHardenedWinVerifyImageByHandle: -> 0 (\Device\HarddiskVolume2\Program Files\Oracle\VirtualBox\Qt5OpenGLVBox.dll) WinVerifyTrust
268c.2c50: supR3HardenedWinVerifyCacheInsert: \Device\HarddiskVolume2\Program Files\Oracle\VirtualBox\Qt5OpenGLVBox.dll
268c.2c50: supR3HardenedWinVerifyCacheProcessImportTodos: Processing 'qt5widgetsvbox.dll'...
268c.2c50: supR3HardenedWinVerifyCacheProcessImportTodos: 'qt5widgetsvbox.dll' -> '\Device\HarddiskVolume2\Program Files\Oracle\VirtualBox\qt5widgetsvbox.dll' [rcNtRedir=0xc0150008]
268c.2c50: \Device\HarddiskVolume2\Program Files\Oracle\VirtualBox\Qt5WidgetsVBox.dll: Signature #1/2: info status: 24202
268c.2c50: supR3HardenedWinVerifyCacheProcessImportTodos: Processing 'msvcr100.dll'...
268c.2c50: supR3HardenedWinVerifyCacheProcessImportTodos: 'msvcr100.dll' -> '\Device\HarddiskVolume2\Program Files\Oracle\VirtualBox\msvcr100.dll' [rcNtRedir=0xc0150008]
268c.2c50: supR3HardenedScreenImage/Imports: cache hit (VINF_SUCCESS) on \Device\HarddiskVolume2\Program Files\Oracle\VirtualBox\msvcr100.dll
268c.2c50: supR3HardenedWinVerifyCacheProcessImportTodos: Processing 'qt5corevbox.dll'...
268c.2c50: supR3HardenedWinVerifyCacheProcessImportTodos: 'qt5corevbox.dll' -> '\Device\HarddiskVolume2\Program Files\Oracle\VirtualBox\qt5corevbox.dll' [rcNtRedir=0xc0150008]
268c.2c50: \Device\HarddiskVolume2\Program Files\Oracle\VirtualBox\Qt5CoreVBox.dll: Signature #1/2: info status: 24202
268c.2c50: Detected WinVerifyTrust recursion: rc=Unknown Status 24202 (0x5e8a) '\Device\HarddiskVolume2\Program Files\Oracle\VirtualBox\Qt5CoreVBox.dll'.
268c.2c50: supR3HardenedWinVerifyCacheScheduleImports: Import todo: #1 'user32.dll'.
268c.2c50: supR3HardenedWinVerifyCacheScheduleImports: Import todo: #2 'shell32.dll'.
268c.2c50: supR3HardenedWinVerifyCacheScheduleImports: Import todo: #3 'ole32.dll'.
268c.2c50: supR3HardenedWinVerifyCacheScheduleImports: Import todo: #4 'advapi32.dll'.
268c.2c50: supR3HardenedWinVerifyCacheScheduleImports: Import todo: #5 'ws2_32.dll'.
268c.2c50: supR3HardenedWinVerifyCacheScheduleImports: Import todo: #6 'mpr.dll'.
268c.2c50: supR3HardenedWinVerifyCacheScheduleImports: Import todo: #7 'msvcp100.dll'.
268c.2c50: supR3HardenedWinVerifyCacheScheduleImports: Import todo: #8 'msvcr100.dll'.
268c.2c50: supHardenedWinVerifyImageByHandle: -> 24202 (\Device\HarddiskVolume2\Program Files\Oracle\VirtualBox\Qt5CoreVBox.dll)
268c.2c50: supR3HardenedWinVerifyCacheInsert: \Device\HarddiskVolume2\Program Files\Oracle\VirtualBox\Qt5CoreVBox.dll
268c.2c50: supR3HardenedWinVerifyCacheProcessImportTodos: Processing 'qt5guivbox.dll'...
268c.2c50: supR3HardenedWinVerifyCacheProcessImportTodos: 'qt5guivbox.dll' -> '\Device\HarddiskVolume2\Program Files\Oracle\VirtualBox\qt5guivbox.dll' [rcNtRedir=0xc0150008]
268c.2c50: \Device\HarddiskVolume2\Program Files\Oracle\VirtualBox\Qt5GuiVBox.dll: Signature #1/2: info status: 24202
268c.2c50: Detected WinVerifyTrust recursion: rc=Unknown Status 24202 (0x5e8a) '\Device\HarddiskVolume2\Program Files\Oracle\VirtualBox\Qt5GuiVBox.dll'.
268c.2c50: supR3HardenedWinVerifyCacheScheduleImports: Import todo: #0 'ole32.dll'.
268c.2c50: supR3HardenedWinVerifyCacheScheduleImports: Import todo: #1 'opengl32.dll'.
268c.2c50: supR3HardenedWinVerifyCacheScheduleImports: Import todo: #2 'gdi32.dll'.
268c.2c50: supR3HardenedWinVerifyCacheScheduleImports: Import todo: #3 'user32.dll'.
268c.2c50: supR3HardenedWinVerifyCacheScheduleImports: Import todo: #4 'qt5corevbox.dll'.
268c.2c50: supR3HardenedWinVerifyCacheScheduleImports: Import todo: #5 'msvcp100.dll'.
268c.2c50: supR3HardenedWinVerifyCacheScheduleImports: Import todo: #6 'msvcr100.dll'.
268c.2c50: supHardenedWinVerifyImageByHandle: -> 24202 (\Device\HarddiskVolume2\Program Files\Oracle\VirtualBox\Qt5GuiVBox.dll)
268c.2c50: supR3HardenedWinVerifyCacheInsert: \Device\HarddiskVolume2\Program Files\Oracle\VirtualBox\Qt5GuiVBox.dll
268c.2c50: supR3HardenedWinVerifyCacheProcessImportTodos: Processing 'qt5widgetsvbox.dll'...
268c.2c50: supR3HardenedWinVerifyCacheProcessImportTodos: 'qt5widgetsvbox.dll' -> '\Device\HarddiskVolume2\Program Files\Oracle\VirtualBox\qt5widgetsvbox.dll' [rcNtRedir=0xc0150008]
268c.2c50: \Device\HarddiskVolume2\Program Files\Oracle\VirtualBox\Qt5WidgetsVBox.dll: Signature #1/2: info status: 24202
268c.2c50: Detected WinVerifyTrust recursion: rc=Unknown Status 24202 (0x5e8a) '\Device\HarddiskVolume2\Program Files\Oracle\VirtualBox\Qt5WidgetsVBox.dll'.
268c.2c50: supR3HardenedWinVerifyCacheScheduleImports: Import todo: #0 'gdi32.dll'.
268c.2c50: supR3HardenedWinVerifyCacheScheduleImports: Import todo: #1 'user32.dll'.
268c.2c50: supR3HardenedWinVerifyCacheScheduleImports: Import todo: #2 'qt5guivbox.dll'.
268c.2c50: supR3HardenedWinVerifyCacheScheduleImports: Import todo: #3 'qt5corevbox.dll'.
268c.2c50: supR3HardenedWinVerifyCacheScheduleImports: Import todo: #4 'shell32.dll'.
268c.2c50: supR3HardenedWinVerifyCacheScheduleImports: Import todo: #5 'msvcp100.dll'.
268c.2c50: supR3HardenedWinVerifyCacheScheduleImports: Import todo: #6 'msvcr100.dll'.
268c.2c50: supHardenedWinVerifyImageByHandle: -> 24202 (\Device\HarddiskVolume2\Program Files\Oracle\VirtualBox\Qt5WidgetsVBox.dll)
268c.2c50: supR3HardenedWinVerifyCacheInsert: \Device\HarddiskVolume2\Program Files\Oracle\VirtualBox\Qt5WidgetsVBox.dll
268c.2c50: supR3HardenedWinVerifyCacheProcessImportTodos: Processing 'msvcr100.dll'...
268c.2c50: supR3HardenedWinVerifyCacheProcessImportTodos: 'msvcr100.dll' -> '\Device\HarddiskVolume2\Program Files\Oracle\VirtualBox\msvcr100.dll' [rcNtRedir=0xc0150008]
268c.2c50: supR3HardenedScreenImage/Imports: cache hit (VINF_SUCCESS) on \Device\HarddiskVolume2\Program Files\Oracle\VirtualBox\msvcr100.dll
268c.2c50: supR3HardenedWinVerifyCacheProcessImportTodos: Processing 'msvcp100.dll'...
268c.2c50: supR3HardenedWinVerifyCacheProcessImportTodos: 'msvcp100.dll' -> '\Device\HarddiskVolume2\Program Files\Oracle\VirtualBox\msvcp100.dll' [rcNtRedir=0xc0150008]
268c.2c50: supR3HardenedScreenImage/Imports: cache hit (VINF_SUCCESS) on \Device\HarddiskVolume2\Program Files\Oracle\VirtualBox\msvcp100.dll
268c.2c50: supR3HardenedWinVerifyCacheProcessImportTodos: Processing 'shell32.dll'...
268c.2c50: supR3HardenedWinVerifyCacheProcessImportTodos: 'shell32.dll' -> '\Device\HarddiskVolume2\Windows\System32\shell32.dll' [rcNtRedir=0xc0150008]
268c.2c50: Detected WinVerifyTrust recursion: rc=VINF_SUCCESS '\Device\HarddiskVolume2\Windows\System32\shell32.dll'.
268c.2c50: supR3HardenedWinVerifyCacheScheduleImports: Import todo: #0 'msvcp_win.dll'.
268c.2c50: supR3HardenedWinVerifyCacheScheduleImports: Import todo: #72 'user32.dll'.
268c.2c50: supR3HardenedWinVerifyCacheScheduleImports: Import todo: #74 'gdi32.dll'.
268c.2c50: supHardenedWinVerifyImageByHandle: -> 0 (\Device\HarddiskVolume2\Windows\System32\shell32.dll)
268c.2c50: supR3HardenedWinVerifyCacheInsert: \Device\HarddiskVolume2\Windows\System32\shell32.dll
268c.2c50: supR3HardenedWinVerifyCacheProcessImportTodos: Processing 'qt5corevbox.dll'...
268c.2c50: supR3HardenedWinVerifyCacheProcessImportTodos: 'qt5corevbox.dll' -> '\Device\HarddiskVolume2\Program Files\Oracle\VirtualBox\qt5corevbox.dll' [rcNtRedir=0xc0150008]
268c.2c50: supR3HardenedScreenImage/Imports: cache hit (Unknown Status 24202 (0x5e8a)) on \Device\HarddiskVolume2\Program Files\Oracle\VirtualBox\Qt5CoreVBox.dll [lacks WinVerifyTrust]
268c.2c50: supR3HardenedWinVerifyCacheProcessImportTodos: Processing 'qt5guivbox.dll'...
268c.2c50: supR3HardenedWinVerifyCacheProcessImportTodos: 'qt5guivbox.dll' -> '\Device\HarddiskVolume2\Program Files\Oracle\VirtualBox\qt5guivbox.dll' [rcNtRedir=0xc0150008]
268c.2c50: supR3HardenedScreenImage/Imports: cache hit (Unknown Status 24202 (0x5e8a)) on \Device\HarddiskVolume2\Program Files\Oracle\VirtualBox\Qt5GuiVBox.dll [lacks WinVerifyTrust]
268c.2c50: supR3HardenedWinVerifyCacheProcessImportTodos: Processing 'user32.dll'...
268c.2c50: supR3HardenedWinVerifyCacheProcessImportTodos: 'user32.dll' -> '\Device\HarddiskVolume2\Windows\System32\user32.dll' [rcNtRedir=0xc0150008]
268c.2c50: supR3HardenedScreenImage/Imports: cache hit (VINF_SUCCESS) on \Device\HarddiskVolume2\Windows\System32\user32.dll [lacks WinVerifyTrust]
268c.2c50: supR3HardenedWinVerifyCacheProcessImportTodos: Processing 'gdi32.dll'...
268c.2c50: supR3HardenedWinVerifyCacheProcessImportTodos: 'gdi32.dll' -> '\Device\HarddiskVolume2\Windows\System32\gdi32.dll' [rcNtRedir=0xc0150008]
268c.2c50: supR3HardenedScreenImage/Imports: cache hit (VINF_SUCCESS) on \Device\HarddiskVolume2\Windows\System32\gdi32.dll [lacks WinVerifyTrust]
268c.2c50: supR3HardenedWinVerifyCacheProcessImportTodos: Processing 'msvcr100.dll'...
268c.2c50: supR3HardenedWinVerifyCacheProcessImportTodos: 'msvcr100.dll' -> '\Device\HarddiskVolume2\Program Files\Oracle\VirtualBox\msvcr100.dll' [rcNtRedir=0xc0150008]
268c.2c50: supR3HardenedScreenImage/Imports: cache hit (VINF_SUCCESS) on \Device\HarddiskVolume2\Program Files\Oracle\VirtualBox\msvcr100.dll
268c.2c50: supR3HardenedWinVerifyCacheProcessImportTodos: Processing 'msvcp100.dll'...
268c.2c50: supR3HardenedWinVerifyCacheProcessImportTodos: 'msvcp100.dll' -> '\Device\HarddiskVolume2\Program Files\Oracle\VirtualBox\msvcp100.dll' [rcNtRedir=0xc0150008]
268c.2c50: supR3HardenedScreenImage/Imports: cache hit (VINF_SUCCESS) on \Device\HarddiskVolume2\Program Files\Oracle\VirtualBox\msvcp100.dll
268c.2c50: supR3HardenedWinVerifyCacheProcessImportTodos: Processing 'qt5corevbox.dll'...
268c.2c50: supR3HardenedWinVerifyCacheProcessImportTodos: 'qt5corevbox.dll' -> '\Device\HarddiskVolume2\Program Files\Oracle\VirtualBox\qt5corevbox.dll' [rcNtRedir=0xc0150008]
268c.2c50: supR3HardenedScreenImage/Imports: cache hit (Unknown Status 24202 (0x5e8a)) on \Device\HarddiskVolume2\Program Files\Oracle\VirtualBox\Qt5CoreVBox.dll [lacks WinVerifyTrust]
268c.2c50: supR3HardenedWinVerifyCacheProcessImportTodos: Processing 'user32.dll'...
268c.2c50: supR3HardenedWinVerifyCacheProcessImportTodos: 'user32.dll' -> '\Device\HarddiskVolume2\Windows\System32\user32.dll' [rcNtRedir=0xc0150008]
268c.2c50: supR3HardenedScreenImage/Imports: cache hit (VINF_SUCCESS) on \Device\HarddiskVolume2\Windows\System32\user32.dll [lacks WinVerifyTrust]
268c.2c50: supR3HardenedWinVerifyCacheProcessImportTodos: Processing 'gdi32.dll'...
268c.2c50: supR3HardenedWinVerifyCacheProcessImportTodos: 'gdi32.dll' -> '\Device\HarddiskVolume2\Windows\System32\gdi32.dll' [rcNtRedir=0xc0150008]
268c.2c50: supR3HardenedScreenImage/Imports: cache hit (VINF_SUCCESS) on \Device\HarddiskVolume2\Windows\System32\gdi32.dll [lacks WinVerifyTrust]
268c.2c50: supR3HardenedWinVerifyCacheProcessImportTodos: Processing 'opengl32.dll'...
268c.2c50: supR3HardenedWinVerifyCacheProcessImportTodos: 'opengl32.dll' -> '\Device\HarddiskVolume2\Windows\System32\opengl32.dll' [rcNtRedir=0xc0150008]
268c.2c50: Detected WinVerifyTrust recursion: rc=Unknown Status 22900 (0x5974) '\Device\HarddiskVolume2\Windows\System32\opengl32.dll'.
268c.2c50: supR3HardenedWinVerifyCacheScheduleImports: Import todo: #0 'msvcrt.dll'.
268c.2c50: supR3HardenedWinVerifyCacheScheduleImports: Import todo: #2 'advapi32.dll'.
268c.2c50: supR3HardenedWinVerifyCacheScheduleImports: Import todo: #3 'user32.dll'.
268c.2c50: supR3HardenedWinVerifyCacheScheduleImports: Import todo: #7 'gdi32.dll'.
268c.2c50: supR3HardenedWinVerifyCacheScheduleImports: Import todo: #8 'glu32.dll'.
268c.2c50: supHardenedWinVerifyImageByHandle: -> 22900 (\Device\HarddiskVolume2\Windows\System32\opengl32.dll)
268c.2c50: supR3HardenedWinVerifyCacheInsert: \Device\HarddiskVolume2\Windows\System32\opengl32.dll
268c.2c50: supR3HardenedWinVerifyCacheProcessImportTodos: Processing 'ole32.dll'...
268c.2c50: supR3HardenedWinVerifyCacheProcessImportTodos: 'ole32.dll' -> '\Device\HarddiskVolume2\Windows\System32\ole32.dll' [rcNtRedir=0xc0150008]
268c.2c50: supR3HardenedScreenImage/Imports: cache hit (VINF_SUCCESS) on \Device\HarddiskVolume2\Windows\System32\ole32.dll
268c.2c50: supR3HardenedWinVerifyCacheProcessImportTodos: Processing 'msvcr100.dll'...
268c.2c50: supR3HardenedWinVerifyCacheProcessImportTodos: 'msvcr100.dll' -> '\Device\HarddiskVolume2\Program Files\Oracle\VirtualBox\msvcr100.dll' [rcNtRedir=0xc0150008]
268c.2c50: supR3HardenedScreenImage/Imports: cache hit (VINF_SUCCESS) on \Device\HarddiskVolume2\Program Files\Oracle\VirtualBox\msvcr100.dll
268c.2c50: supR3HardenedWinVerifyCacheProcessImportTodos: Processing 'msvcp100.dll'...
268c.2c50: supR3HardenedWinVerifyCacheProcessImportTodos: 'msvcp100.dll' -> '\Device\HarddiskVolume2\Program Files\Oracle\VirtualBox\msvcp100.dll' [rcNtRedir=0xc0150008]
268c.2c50: supR3HardenedScreenImage/Imports: cache hit (VINF_SUCCESS) on \Device\HarddiskVolume2\Program Files\Oracle\VirtualBox\msvcp100.dll
268c.2c50: supR3HardenedWinVerifyCacheProcessImportTodos: Processing 'mpr.dll'...
268c.2c50: supR3HardenedWinVerifyCacheProcessImportTodos: 'mpr.dll' -> '\Device\HarddiskVolume2\Windows\System32\mpr.dll' [rcNtRedir=0xc0150008]
268c.2c50: Detected WinVerifyTrust recursion: rc=VINF_SUCCESS '\Device\HarddiskVolume2\Windows\System32\mpr.dll'.
268c.2c50: supHardenedWinVerifyImageByHandle: -> 0 (\Device\HarddiskVolume2\Windows\System32\mpr.dll)
268c.2c50: supR3HardenedWinVerifyCacheInsert: \Device\HarddiskVolume2\Windows\System32\mpr.dll
268c.2c50: supR3HardenedWinVerifyCacheProcessImportTodos: Processing 'ws2_32.dll'...
268c.2c50: supR3HardenedWinVerifyCacheProcessImportTodos: 'ws2_32.dll' -> '\Device\HarddiskVolume2\Windows\System32\ws2_32.dll' [rcNtRedir=0xc0150008]
268c.2c50: supR3HardenedScreenImage/Imports: cache hit (VINF_SUCCESS) on \Device\HarddiskVolume2\Windows\System32\ws2_32.dll
268c.2c50: supR3HardenedWinVerifyCacheProcessImportTodos: Processing 'advapi32.dll'...
268c.2c50: supR3HardenedWinVerifyCacheProcessImportTodos: 'advapi32.dll' -> '\Device\HarddiskVolume2\Windows\System32\advapi32.dll' [rcNtRedir=0xc0150008]
268c.2c50: supR3HardenedScreenImage/Imports: cache hit (VINF_SUCCESS) on \Device\HarddiskVolume2\Windows\System32\advapi32.dll
268c.2c50: supR3HardenedWinVerifyCacheProcessImportTodos: Processing 'ole32.dll'...
268c.2c50: supR3HardenedWinVerifyCacheProcessImportTodos: 'ole32.dll' -> '\Device\HarddiskVolume2\Windows\System32\ole32.dll' [rcNtRedir=0xc0150008]
268c.2c50: supR3HardenedScreenImage/Imports: cache hit (VINF_SUCCESS) on \Device\HarddiskVolume2\Windows\System32\ole32.dll
268c.2c50: supR3HardenedWinVerifyCacheProcessImportTodos: Processing 'shell32.dll'...
268c.2c50: supR3HardenedWinVerifyCacheProcessImportTodos: 'shell32.dll' -> '\Device\HarddiskVolume2\Windows\System32\shell32.dll' [rcNtRedir=0xc0150008]
268c.2c50: supR3HardenedScreenImage/Imports: cache hit (VINF_SUCCESS) on \Device\HarddiskVolume2\Windows\System32\shell32.dll [lacks WinVerifyTrust]
268c.2c50: supR3HardenedWinVerifyCacheProcessImportTodos: Processing 'user32.dll'...
268c.2c50: supR3HardenedWinVerifyCacheProcessImportTodos: 'user32.dll' -> '\Device\HarddiskVolume2\Windows\System32\user32.dll' [rcNtRedir=0xc0150008]
268c.2c50: supR3HardenedScreenImage/Imports: cache hit (VINF_SUCCESS) on \Device\HarddiskVolume2\Windows\System32\user32.dll [lacks WinVerifyTrust]
268c.2c50: supR3HardenedWinVerifyCacheProcessImportTodos: Processing 'glu32.dll'...
268c.2c50: supR3HardenedWinVerifyCacheProcessImportTodos: 'glu32.dll' -> '\Device\HarddiskVolume2\Windows\System32\glu32.dll' [rcNtRedir=0xc0150008]
268c.2c50: Detected WinVerifyTrust recursion: rc=Unknown Status 22900 (0x5974) '\Device\HarddiskVolume2\Windows\System32\glu32.dll'.
268c.2c50: supR3HardenedWinVerifyCacheScheduleImports: Import todo: #0 'msvcrt.dll'.
268c.2c50: supR3HardenedWinVerifyCacheScheduleImports: Import todo: #2 'user32.dll'.
268c.2c50: supR3HardenedWinVerifyCacheScheduleImports: Import todo: #3 'opengl32.dll'.
268c.2c50: supHardenedWinVerifyImageByHandle: -> 22900 (\Device\HarddiskVolume2\Windows\System32\glu32.dll)
268c.2c50: supR3HardenedWinVerifyCacheInsert: \Device\HarddiskVolume2\Windows\System32\glu32.dll
268c.2c50: supR3HardenedWinVerifyCacheProcessImportTodos: Processing 'gdi32.dll'...
268c.2c50: supR3HardenedWinVerifyCacheProcessImportTodos: 'gdi32.dll' -> '\Device\HarddiskVolume2\Windows\System32\gdi32.dll' [rcNtRedir=0xc0150008]
268c.2c50: supR3HardenedScreenImage/Imports: cache hit (VINF_SUCCESS) on \Device\HarddiskVolume2\Windows\System32\gdi32.dll [lacks WinVerifyTrust]
268c.2c50: supR3HardenedWinVerifyCacheProcessImportTodos: Processing 'user32.dll'...
268c.2c50: supR3HardenedWinVerifyCacheProcessImportTodos: 'user32.dll' -> '\Device\HarddiskVolume2\Windows\System32\user32.dll' [rcNtRedir=0xc0150008]
268c.2c50: supR3HardenedScreenImage/Imports: cache hit (VINF_SUCCESS) on \Device\HarddiskVolume2\Windows\System32\user32.dll [lacks WinVerifyTrust]
268c.2c50: supR3HardenedWinVerifyCacheProcessImportTodos: Processing 'advapi32.dll'...
268c.2c50: supR3HardenedWinVerifyCacheProcessImportTodos: 'advapi32.dll' -> '\Device\HarddiskVolume2\Windows\System32\advapi32.dll' [rcNtRedir=0xc0150008]
268c.2c50: supR3HardenedScreenImage/Imports: cache hit (VINF_SUCCESS) on \Device\HarddiskVolume2\Windows\System32\advapi32.dll
268c.2c50: supR3HardenedWinVerifyCacheProcessImportTodos: Processing 'msvcrt.dll'...
268c.2c50: supR3HardenedWinVerifyCacheProcessImportTodos: 'msvcrt.dll' -> '\Device\HarddiskVolume2\Windows\System32\msvcrt.dll' [rcNtRedir=0xc0150008]
268c.2c50: supR3HardenedScreenImage/Imports: cache hit (VINF_SUCCESS) on \Device\HarddiskVolume2\Windows\System32\msvcrt.dll
268c.2c50: supR3HardenedWinVerifyCacheProcessImportTodos: Processing 'gdi32.dll'...
268c.2c50: supR3HardenedWinVerifyCacheProcessImportTodos: 'gdi32.dll' -> '\Device\HarddiskVolume2\Windows\System32\gdi32.dll' [rcNtRedir=0xc0150008]
268c.2c50: supR3HardenedScreenImage/Imports: cache hit (VINF_SUCCESS) on \Device\HarddiskVolume2\Windows\System32\gdi32.dll [lacks WinVerifyTrust]
268c.2c50: supR3HardenedWinVerifyCacheProcessImportTodos: Processing 'user32.dll'...
268c.2c50: supR3HardenedWinVerifyCacheProcessImportTodos: 'user32.dll' -> '\Device\HarddiskVolume2\Windows\System32\user32.dll' [rcNtRedir=0xc0150008]
268c.2c50: supR3HardenedScreenImage/Imports: cache hit (VINF_SUCCESS) on \Device\HarddiskVolume2\Windows\System32\user32.dll [lacks WinVerifyTrust]
268c.2c50: supR3HardenedWinVerifyCacheProcessImportTodos: Processing 'msvcp_win.dll'...
268c.2c50: supR3HardenedWinVerifyCacheProcessImportTodos: 'msvcp_win.dll' -> '\Device\HarddiskVolume2\Windows\System32\msvcp_win.dll' [rcNtRedir=0xc0150008]
268c.2c50: supR3HardenedScreenImage/Imports: cache hit (VINF_SUCCESS) on \Device\HarddiskVolume2\Windows\System32\msvcp_win.dll [lacks WinVerifyTrust]
268c.2c50: supR3HardenedWinVerifyCacheProcessImportTodos: Processing 'opengl32.dll'...
268c.2c50: supR3HardenedWinVerifyCacheProcessImportTodos: 'opengl32.dll' -> '\Device\HarddiskVolume2\Windows\System32\opengl32.dll' [rcNtRedir=0xc0150008]
268c.2c50: supR3HardenedScreenImage/Imports: cache hit (Unknown Status 22900 (0x5974)) on \Device\HarddiskVolume2\Windows\System32\opengl32.dll [lacks WinVerifyTrust]
268c.2c50: supR3HardenedWinVerifyCacheProcessImportTodos: Processing 'user32.dll'...
268c.2c50: supR3HardenedWinVerifyCacheProcessImportTodos: 'user32.dll' -> '\Device\HarddiskVolume2\Windows\System32\user32.dll' [rcNtRedir=0xc0150008]
268c.2c50: supR3HardenedScreenImage/Imports: cache hit (VINF_SUCCESS) on \Device\HarddiskVolume2\Windows\System32\user32.dll [lacks WinVerifyTrust]
268c.2c50: supR3HardenedWinVerifyCacheProcessImportTodos: Processing 'msvcrt.dll'...
268c.2c50: supR3HardenedWinVerifyCacheProcessImportTodos: 'msvcrt.dll' -> '\Device\HarddiskVolume2\Windows\System32\msvcrt.dll' [rcNtRedir=0xc0150008]
268c.2c50: supR3HardenedScreenImage/Imports: cache hit (VINF_SUCCESS) on \Device\HarddiskVolume2\Windows\System32\msvcrt.dll
268c.2c50: supR3HardenedMonitor_LdrLoadDll: returns rcNt=0x0 hMod=00007ff814060000 'C:\WINDOWS\system32\rsaenh.dll'
268c.2c50: supR3HardenedMonitor_LdrLoadDll: returns rcNt=0x0 hMod=00007ff8156a0000 'C:\WINDOWS\System32\crypt32.dll'
268c.2c50: supR3HardenedWinVerifyCacheScheduleImports: Import todo: #0 'gdi32.dll'.
268c.2c50: supR3HardenedWinVerifyCacheScheduleImports: Import todo: #1 'user32.dll'.
268c.2c50: supR3HardenedWinVerifyCacheScheduleImports: Import todo: #2 'qt5guivbox.dll'.
268c.2c50: supR3HardenedWinVerifyCacheScheduleImports: Import todo: #3 'qt5corevbox.dll'.
268c.2c50: supR3HardenedWinVerifyCacheScheduleImports: Import todo: #4 'shell32.dll'.
268c.2c50: supR3HardenedWinVerifyCacheScheduleImports: Import todo: #5 'msvcp100.dll'.
268c.2c50: supR3HardenedWinVerifyCacheScheduleImports: Import todo: #6 'msvcr100.dll'.
268c.2c50: supHardenedWinVerifyImageByHandle: -> 0 (\Device\HarddiskVolume2\Program Files\Oracle\VirtualBox\Qt5WidgetsVBox.dll) WinVerifyTrust
268c.2c50: supR3HardenedWinVerifyCacheProcessImportTodos: Processing 'qt5guivbox.dll'...
268c.2c50: supR3HardenedWinVerifyCacheProcessImportTodos: 'qt5guivbox.dll' -> '\Device\HarddiskVolume2\Program Files\Oracle\VirtualBox\qt5guivbox.dll' [rcNtRedir=0xc0150008]
268c.2c50: supR3HardenedScreenImage/Imports: cache hit (Unknown Status 24202 (0x5e8a)) on \Device\HarddiskVolume2\Program Files\Oracle\VirtualBox\Qt5GuiVBox.dll [redoing WinVerifyTrust]
268c.2c50: supR3HardenedWinVerifyCacheProcessImportTodos: Processing 'msvcr100.dll'...
268c.2c50: supR3HardenedWinVerifyCacheProcessImportTodos: 'msvcr100.dll' -> '\Device\HarddiskVolume2\Program Files\Oracle\VirtualBox\msvcr100.dll' [rcNtRedir=0xc0150008]
268c.2c50: supR3HardenedScreenImage/Imports: cache hit (VINF_SUCCESS) on \Device\HarddiskVolume2\Program Files\Oracle\VirtualBox\msvcr100.dll
268c.2c50: supR3HardenedWinVerifyCacheProcessImportTodos: Processing 'msvcp100.dll'...
268c.2c50: supR3HardenedWinVerifyCacheProcessImportTodos: 'msvcp100.dll' -> '\Device\HarddiskVolume2\Program Files\Oracle\VirtualBox\msvcp100.dll' [rcNtRedir=0xc0150008]
268c.2c50: supR3HardenedScreenImage/Imports: cache hit (VINF_SUCCESS) on \Device\HarddiskVolume2\Program Files\Oracle\VirtualBox\msvcp100.dll
268c.2c50: supR3HardenedWinVerifyCacheProcessImportTodos: Processing 'shell32.dll'...
268c.2c50: supR3HardenedWinVerifyCacheProcessImportTodos: 'shell32.dll' -> '\Device\HarddiskVolume2\Windows\System32\shell32.dll' [rcNtRedir=0xc0150008]
268c.2c50: supR3HardenedScreenImage/Imports: cache hit (VINF_SUCCESS) on \Device\HarddiskVolume2\Windows\System32\shell32.dll [lacks WinVerifyTrust]
268c.2c50: supR3HardenedWinVerifyCacheProcessImportTodos: Processing 'qt5corevbox.dll'...
268c.2c50: supR3HardenedWinVerifyCacheProcessImportTodos: 'qt5corevbox.dll' -> '\Device\HarddiskVolume2\Program Files\Oracle\VirtualBox\qt5corevbox.dll' [rcNtRedir=0xc0150008]
268c.2c50: supR3HardenedScreenImage/Imports: cache hit (Unknown Status 24202 (0x5e8a)) on \Device\HarddiskVolume2\Program Files\Oracle\VirtualBox\Qt5CoreVBox.dll [lacks WinVerifyTrust]
268c.2c50: supR3HardenedWinVerifyCacheProcessImportTodos: Processing 'qt5guivbox.dll'...
268c.2c50: supR3HardenedWinVerifyCacheProcessImportTodos: 'qt5guivbox.dll' -> '\Device\HarddiskVolume2\Program Files\Oracle\VirtualBox\qt5guivbox.dll' [rcNtRedir=0xc0150008]
268c.2c50: supR3HardenedScreenImage/Imports: cache hit (Unknown Status 24202 (0x5e8a)) on \Device\HarddiskVolume2\Program Files\Oracle\VirtualBox\Qt5GuiVBox.dll [lacks WinVerifyTrust]
268c.2c50: supR3HardenedWinVerifyCacheProcessImportTodos: Processing 'user32.dll'...
268c.2c50: supR3HardenedWinVerifyCacheProcessImportTodos: 'user32.dll' -> '\Device\HarddiskVolume2\Windows\System32\user32.dll' [rcNtRedir=0xc0150008]
268c.2c50: supR3HardenedScreenImage/Imports: cache hit (VINF_SUCCESS) on \Device\HarddiskVolume2\Windows\System32\user32.dll [lacks WinVerifyTrust]
268c.2c50: supR3HardenedWinVerifyCacheProcessImportTodos: Processing 'gdi32.dll'...
268c.2c50: supR3HardenedWinVerifyCacheProcessImportTodos: 'gdi32.dll' -> '\Device\HarddiskVolume2\Windows\System32\gdi32.dll' [rcNtRedir=0xc0150008]
268c.2c50: supR3HardenedScreenImage/Imports: cache hit (VINF_SUCCESS) on \Device\HarddiskVolume2\Windows\System32\gdi32.dll [lacks WinVerifyTrust]
268c.2c50: supR3HardenedMonitor_LdrLoadDll: returns rcNt=0x0 hMod=00007ff814060000 'C:\WINDOWS\system32\rsaenh.dll'
268c.2c50: supR3HardenedMonitor_LdrLoadDll: returns rcNt=0x0 hMod=00007ff8156a0000 'C:\WINDOWS\System32\crypt32.dll'
268c.2c50: supR3HardenedScreenImage/Imports: 0 (was 24202) fWinVerifyTrust=1 for '\Device\HarddiskVolume2\Program Files\Oracle\VirtualBox\Qt5GuiVBox.dll'
268c.2c50: supR3HardenedWinVerifyCacheProcessImportTodos: Processing 'qt5corevbox.dll'...
268c.2c50: supR3HardenedWinVerifyCacheProcessImportTodos: 'qt5corevbox.dll' -> '\Device\HarddiskVolume2\Program Files\Oracle\VirtualBox\qt5corevbox.dll' [rcNtRedir=0xc0150008]
268c.2c50: supR3HardenedScreenImage/Imports: cache hit (Unknown Status 24202 (0x5e8a)) on \Device\HarddiskVolume2\Program Files\Oracle\VirtualBox\Qt5CoreVBox.dll [redoing WinVerifyTrust]
268c.2c50: supR3HardenedMonitor_LdrLoadDll: returns rcNt=0x0 hMod=00007ff814060000 'C:\WINDOWS\system32\rsaenh.dll'
268c.2c50: supR3HardenedMonitor_LdrLoadDll: returns rcNt=0x0 hMod=00007ff8156a0000 'C:\WINDOWS\System32\crypt32.dll'
268c.2c50: supR3HardenedScreenImage/Imports: 0 (was 24202) fWinVerifyTrust=1 for '\Device\HarddiskVolume2\Program Files\Oracle\VirtualBox\Qt5CoreVBox.dll'
268c.2c50: supR3HardenedWinVerifyCacheProcessImportTodos: Processing 'msvcr100.dll'...
268c.2c50: supR3HardenedWinVerifyCacheProcessImportTodos: 'msvcr100.dll' -> '\Device\HarddiskVolume2\Program Files\Oracle\VirtualBox\msvcr100.dll' [rcNtRedir=0xc0150008]
268c.2c50: supR3HardenedScreenImage/Imports: cache hit (VINF_SUCCESS) on \Device\HarddiskVolume2\Program Files\Oracle\VirtualBox\msvcr100.dll
268c.2c50: supR3HardenedWinVerifyCacheProcessImportTodos: Processing 'msvcp100.dll'...
268c.2c50: supR3HardenedWinVerifyCacheProcessImportTodos: 'msvcp100.dll' -> '\Device\HarddiskVolume2\Program Files\Oracle\VirtualBox\msvcp100.dll' [rcNtRedir=0xc0150008]
268c.2c50: supR3HardenedScreenImage/Imports: cache hit (VINF_SUCCESS) on \Device\HarddiskVolume2\Program Files\Oracle\VirtualBox\msvcp100.dll
268c.2c50: supR3HardenedWinVerifyCacheProcessImportTodos: Processing 'vboxrt.dll'...
268c.2c50: supR3HardenedWinVerifyCacheProcessImportTodos: 'vboxrt.dll' -> '\Device\HarddiskVolume2\Program Files\Oracle\VirtualBox\vboxrt.dll' [rcNtRedir=0xc0150008]
268c.2c50: supR3HardenedWinVerifyCacheProcessImportTodos: Processing 'uicommon.dll'...
268c.2c50: supR3HardenedWinVerifyCacheProcessImportTodos: 'uicommon.dll' -> '\Device\HarddiskVolume2\Program Files\Oracle\VirtualBox\uicommon.dll' [rcNtRedir=0xc0150008]
268c.2c50: \Device\HarddiskVolume2\Program Files\Oracle\VirtualBox\UICommon.dll: Signature #1/2: info status: 24202
268c.2c50: supR3HardenedMonitor_LdrLoadDll: returns rcNt=0x0 hMod=00007ff814060000 'C:\WINDOWS\system32\rsaenh.dll'
268c.2c50: supR3HardenedMonitor_LdrLoadDll: returns rcNt=0x0 hMod=00007ff8156a0000 'C:\WINDOWS\System32\crypt32.dll'
268c.2c50: supR3HardenedWinVerifyCacheScheduleImports: Import todo: #0 'vboxrt.dll'.
268c.2c50: supR3HardenedWinVerifyCacheScheduleImports: Import todo: #1 'msvcr100.dll'.
268c.2c50: supR3HardenedWinVerifyCacheScheduleImports: Import todo: #2 'qt5corevbox.dll'.
268c.2c50: supR3HardenedWinVerifyCacheScheduleImports: Import todo: #3 'qt5guivbox.dll'.
268c.2c50: supR3HardenedWinVerifyCacheScheduleImports: Import todo: #4 'qt5widgetsvbox.dll'.
268c.2c50: supR3HardenedWinVerifyCacheScheduleImports: Import todo: #6 'user32.dll'.
268c.2c50: supR3HardenedWinVerifyCacheScheduleImports: Import todo: #7 'advapi32.dll'.
268c.2c50: supR3HardenedWinVerifyCacheScheduleImports: Import todo: #8 'ole32.dll'.
268c.2c50: supR3HardenedWinVerifyCacheScheduleImports: Import todo: #9 'oleaut32.dll'.
268c.2c50: supR3HardenedWinVerifyCacheScheduleImports: Import todo: #10 'rpcrt4.dll'.
268c.2c50: supHardenedWinVerifyImageByHandle: -> 0 (\Device\HarddiskVolume2\Program Files\Oracle\VirtualBox\UICommon.dll) WinVerifyTrust
268c.2c50: supR3HardenedWinVerifyCacheInsert: \Device\HarddiskVolume2\Program Files\Oracle\VirtualBox\UICommon.dll
268c.2c50: supR3HardenedWinVerifyCacheProcessImportTodos: Processing 'opengl32.dll'...
268c.2c50: supR3HardenedWinVerifyCacheProcessImportTodos: 'opengl32.dll' -> '\Device\HarddiskVolume2\Windows\System32\opengl32.dll' [rcNtRedir=0xc0150008]
268c.2c50: supR3HardenedScreenImage/Imports: cache hit (Unknown Status 22900 (0x5974)) on \Device\HarddiskVolume2\Windows\System32\opengl32.dll [redoing WinVerifyTrust]
268c.2c50: supR3HardNtViCallWinVerifyTrustCatFile: hFile=00000000000004e0 pwszName=\Device\HarddiskVolume2\Windows\System32\opengl32.dll
268c.2c50: supR3HardNtViCallWinVerifyTrustCatFile: Cached context 00000000010bdd10
268c.2c50: supR3HardNtViCallWinVerifyTrustCatFile: hCatAdmin=00000000010bdd10
268c.2c50: supR3HardNtViCallWinVerifyTrustCatFile: cbHash=20 wszDigest=C2FA7FD52B0666AF0EE3AF2A942C1749A2DF894E
268c.2c50: supR3HardenedWinVerifyCacheProcessImportTodos: Processing 'rpcrt4.dll'...
268c.2c50: supR3HardenedWinVerifyCacheProcessImportTodos: 'rpcrt4.dll' -> '\Device\HarddiskVolume2\Windows\System32\rpcrt4.dll' [rcNtRedir=0xc0150008]
268c.2c50: supR3HardenedWinVerifyCacheProcessImportTodos: Processing 'oleaut32.dll'...
268c.2c50: supR3HardenedWinVerifyCacheProcessImportTodos: 'oleaut32.dll' -> '\Device\HarddiskVolume2\Windows\System32\oleaut32.dll' [rcNtRedir=0xc0150008]
268c.2c50: supR3HardenedScreenImage/Imports: cache hit (VINF_SUCCESS) on \Device\HarddiskVolume2\Windows\System32\oleaut32.dll
268c.2c50: supR3HardenedWinVerifyCacheProcessImportTodos: Processing 'ole32.dll'...
268c.2c50: supR3HardenedWinVerifyCacheProcessImportTodos: 'ole32.dll' -> '\Device\HarddiskVolume2\Windows\System32\ole32.dll' [rcNtRedir=0xc0150008]
268c.2c50: supR3HardenedScreenImage/Imports: cache hit (VINF_SUCCESS) on \Device\HarddiskVolume2\Windows\System32\ole32.dll
268c.2c50: supR3HardenedWinVerifyCacheProcessImportTodos: Processing 'advapi32.dll'...
268c.2c50: supR3HardenedWinVerifyCacheProcessImportTodos: 'advapi32.dll' -> '\Device\HarddiskVolume2\Windows\System32\advapi32.dll' [rcNtRedir=0xc0150008]
268c.2c50: supR3HardenedScreenImage/Imports: cache hit (VINF_SUCCESS) on \Device\HarddiskVolume2\Windows\System32\advapi32.dll
268c.2c50: supR3HardenedWinVerifyCacheProcessImportTodos: Processing 'user32.dll'...
268c.2c50: supR3HardenedWinVerifyCacheProcessImportTodos: 'user32.dll' -> '\Device\HarddiskVolume2\Windows\System32\user32.dll' [rcNtRedir=0xc0150008]
268c.2c50: supR3HardenedScreenImage/Imports: cache hit (VINF_SUCCESS) on \Device\HarddiskVolume2\Windows\System32\user32.dll [lacks WinVerifyTrust]
268c.2c50: supR3HardenedWinVerifyCacheProcessImportTodos: Processing 'qt5widgetsvbox.dll'...
268c.2c50: supR3HardenedWinVerifyCacheProcessImportTodos: 'qt5widgetsvbox.dll' -> '\Device\HarddiskVolume2\Program Files\Oracle\VirtualBox\qt5widgetsvbox.dll' [rcNtRedir=0xc0150008]
268c.2c50: supR3HardenedScreenImage/Imports: cache hit (Unknown Status 24202 (0x5e8a)) on \Device\HarddiskVolume2\Program Files\Oracle\VirtualBox\Qt5WidgetsVBox.dll [lacks WinVerifyTrust]
268c.2c50: supR3HardenedWinVerifyCacheProcessImportTodos: Processing 'qt5guivbox.dll'...
268c.2c50: supR3HardenedWinVerifyCacheProcessImportTodos: 'qt5guivbox.dll' -> '\Device\HarddiskVolume2\Program Files\Oracle\VirtualBox\qt5guivbox.dll' [rcNtRedir=0xc0150008]
268c.2c50: supR3HardenedScreenImage/Imports: cache hit (VINF_SUCCESS) on \Device\HarddiskVolume2\Program Files\Oracle\VirtualBox\Qt5GuiVBox.dll
268c.2c50: supR3HardenedWinVerifyCacheProcessImportTodos: Processing 'qt5corevbox.dll'...
268c.2c50: supR3HardenedWinVerifyCacheProcessImportTodos: 'qt5corevbox.dll' -> '\Device\HarddiskVolume2\Program Files\Oracle\VirtualBox\qt5corevbox.dll' [rcNtRedir=0xc0150008]
268c.2c50: supR3HardenedScreenImage/Imports: cache hit (VINF_SUCCESS) on \Device\HarddiskVolume2\Program Files\Oracle\VirtualBox\Qt5CoreVBox.dll
268c.2c50: supR3HardenedWinVerifyCacheProcessImportTodos: Processing 'msvcr100.dll'...
268c.2c50: supR3HardenedWinVerifyCacheProcessImportTodos: 'msvcr100.dll' -> '\Device\HarddiskVolume2\Program Files\Oracle\VirtualBox\msvcr100.dll' [rcNtRedir=0xc0150008]
268c.2c50: supR3HardenedWinVerifyCacheProcessImportTodos: Processing 'vboxrt.dll'...
268c.2c50: supR3HardenedWinVerifyCacheProcessImportTodos: 'vboxrt.dll' -> '\Device\HarddiskVolume2\Program Files\Oracle\VirtualBox\vboxrt.dll' [rcNtRedir=0xc0150008]
268c.2c50: supR3HardenedMonitor_LdrLoadDll: returns rcNt=0x0 hMod=00007ff814060000 'C:\WINDOWS\system32\rsaenh.dll'
268c.2c50: supR3HardenedMonitor_LdrLoadDll: returns rcNt=0x0 hMod=00007ff8156a0000 'C:\WINDOWS\System32\crypt32.dll'
268c.2c50: supR3HardNtViCallWinVerifyTrustCatFile: WinVerifyTrust => 0x0; cat='C:\WINDOWS\system32\CatRoot\{F750E6C3-38EE-11D1-85E5-00C04FC295EE}\Microsoft-Windows-Client-Features-Package0312~31bf3856ad364e35~amd64~~10.0.19041.4780.cat'; file='\Device\HarddiskVolume2\Windows\System32\opengl32.dll'
268c.2c50: supR3HardNtViCallWinVerifyTrustCatFile -> 0 (org 22900)
268c.2c50: supR3HardenedScreenImage/Imports: 0 (was 22900) fWinVerifyTrust=1 for '\Device\HarddiskVolume2\Windows\System32\opengl32.dll'
268c.2c50: supR3HardenedMonitor_LdrLoadDll: pName=C:\Program Files\Oracle\VirtualBox\VirtualBoxVM.dll (rcNtResolve=0xc0150008) *pfFlags=0x0 pwszSearchPath=0000000000000a01:<flags> [calling]
268c.2c50: supR3HardenedScreenImage/NtCreateSection: cache hit (VINF_SUCCESS) on \Device\HarddiskVolume2\Program Files\Oracle\VirtualBox\VirtualBoxVM.dll
268c.2c50: supR3HardenedScreenImage/NtCreateSection: cache hit (VINF_SUCCESS) on \Device\HarddiskVolume2\Windows\System32\opengl32.dll
268c.2c50: supR3HardenedScreenImage/NtCreateSection: cache hit (VINF_SUCCESS) on \Device\HarddiskVolume2\Program Files\Oracle\VirtualBox\UICommon.dll
268c.2c50: supR3HardenedScreenImage/NtCreateSection: cache hit (VINF_SUCCESS) on \Device\HarddiskVolume2\Program Files\Oracle\VirtualBox\Qt5CoreVBox.dll
268c.2c50: supR3HardenedScreenImage/NtCreateSection: cache hit (VINF_SUCCESS) on \Device\HarddiskVolume2\Program Files\Oracle\VirtualBox\Qt5GuiVBox.dll
268c.2c50: supR3HardenedScreenImage/NtCreateSection: cache hit (Unknown Status 24202 (0x5e8a)) on \Device\HarddiskVolume2\Program Files\Oracle\VirtualBox\Qt5WidgetsVBox.dll [avoiding WinVerifyTrust]
268c.2c50: supR3HardenedScreenImage/NtCreateSection: cache hit (VINF_SUCCESS) on \Device\HarddiskVolume2\Program Files\Oracle\VirtualBox\Qt5OpenGLVBox.dll
268c.2c50: supR3HardenedScreenImage/NtCreateSection: cache hit (VINF_SUCCESS) on \Device\HarddiskVolume2\Windows\System32\winmm.dll
268c.2c50: supR3HardenedScreenImage/NtCreateSection: cache hit (Unknown Status 22900 (0x5974)) on \Device\HarddiskVolume2\Windows\System32\glu32.dll [avoiding WinVerifyTrust]
268c.2c50: supR3HardenedScreenImage/NtCreateSection: cache hit (VINF_SUCCESS) on \Device\HarddiskVolume2\Windows\System32\mpr.dll [avoiding WinVerifyTrust]
268c.2c50: supR3HardenedDllNotificationCallback: load   00007ff815900000 LB 0x00022000 C:\WINDOWS\System32\win32u.dll [fFlags=0x0]
268c.2c50: supR3HardenedScreenImage/LdrLoadDll: cache hit (VINF_SUCCESS) on \Device\HarddiskVolume2\Windows\System32\win32u.dll [avoiding WinVerifyTrust]
268c.2c50: supR3HardenedDllNotificationCallback: load   00007ff815240000 LB 0x0009d000 C:\WINDOWS\System32\msvcp_win.dll [fFlags=0x0]
268c.2c50: supR3HardenedScreenImage/LdrLoadDll: cache hit (VINF_SUCCESS) on \Device\HarddiskVolume2\Windows\System32\msvcp_win.dll [avoiding WinVerifyTrust]
268c.2c50: supR3HardenedDllNotificationCallback: load   00007ff815090000 LB 0x00117000 C:\WINDOWS\System32\gdi32full.dll [fFlags=0x0]
268c.2c50: supR3HardenedWinVerifyCacheScheduleImports: Import todo: #0 'msvcp_win.dll'.
268c.2c50: supR3HardenedWinVerifyCacheScheduleImports: Import todo: #39 'gdi32.dll'.
268c.2c50: supR3HardenedWinVerifyCacheScheduleImports: Import todo: #42 'user32.dll'.
268c.2c50: supR3HardenedWinVerifyCacheScheduleImports: Import todo: #43 'win32u.dll'.
268c.2c50: supHardenedWinVerifyImageByHandle: -> 0 (\Device\HarddiskVolume2\Windows\System32\gdi32full.dll)
268c.2c50: supR3HardenedWinVerifyCacheInsert: \Device\HarddiskVolume2\Windows\System32\gdi32full.dll
268c.2c50: supR3HardenedDllNotificationCallback: load   00007ff816be0000 LB 0x0002b000 C:\WINDOWS\System32\GDI32.dll [fFlags=0x0]
268c.2c50: supR3HardenedScreenImage/LdrLoadDll: cache hit (VINF_SUCCESS) on \Device\HarddiskVolume2\Windows\System32\gdi32.dll [avoiding WinVerifyTrust]
268c.2c50: supR3HardenedDllNotificationCallback: load   00007ff8169a0000 LB 0x0019d000 C:\WINDOWS\System32\USER32.dll [fFlags=0x0]
268c.2c50: supR3HardenedScreenImage/LdrLoadDll: cache hit (VINF_SUCCESS) on \Device\HarddiskVolume2\Windows\System32\user32.dll [avoiding WinVerifyTrust]
268c.2c50: supR3HardenedDllNotificationCallback: load   00007ff815a10000 LB 0x00353000 C:\WINDOWS\System32\combase.dll [fFlags=0x0]
268c.2c50: supR3HardenedScreenImage/LdrLoadDll: cache hit (VINF_SUCCESS) on \Device\HarddiskVolume2\Windows\System32\combase.dll [avoiding WinVerifyTrust]
268c.2c50: supR3HardenedDllNotificationCallback: load   00007ff8018c0000 LB 0x0002c000 C:\WINDOWS\SYSTEM32\GLU32.dll [fFlags=0x0]
268c.2c50: supR3HardenedScreenImage/LdrLoadDll: cache hit (Unknown Status 22900 (0x5974)) on \Device\HarddiskVolume2\Windows\System32\glu32.dll [avoiding WinVerifyTrust]
268c.2c50: supR3HardenedDllNotificationCallback: load   00007ff801c40000 LB 0x00128000 C:\WINDOWS\SYSTEM32\OPENGL32.dll [fFlags=0x0]
268c.2c50: supR3HardenedScreenImage/LdrLoadDll: cache hit (VINF_SUCCESS) on \Device\HarddiskVolume2\Windows\System32\opengl32.dll
268c.2c50: supR3HardenedDllNotificationCallback: load   00007ff816010000 LB 0x0076f000 C:\WINDOWS\System32\SHELL32.dll [fFlags=0x0]
268c.2c50: supR3HardenedScreenImage/LdrLoadDll: cache hit (VINF_SUCCESS) on \Device\HarddiskVolume2\Windows\System32\shell32.dll [avoiding WinVerifyTrust]
268c.2c50: supR3HardenedDllNotificationCallback: load   00007ff817070000 LB 0x0012b000 C:\WINDOWS\System32\ole32.dll [fFlags=0x0]
268c.2c50: supR3HardenedScreenImage/LdrLoadDll: cache hit (VINF_SUCCESS) on \Device\HarddiskVolume2\Windows\System32\ole32.dll
268c.2c50: supR3HardenedDllNotificationCallback: load   00007ff801e70000 LB 0x0001d000 C:\WINDOWS\SYSTEM32\MPR.dll [fFlags=0x0]
268c.2c50: supR3HardenedScreenImage/LdrLoadDll: cache hit (VINF_SUCCESS) on \Device\HarddiskVolume2\Windows\System32\mpr.dll [avoiding WinVerifyTrust]
268c.2c50: supR3HardenedDllNotificationCallback: load   0000000056f00000 LB 0x00565000 C:\Program Files\Oracle\VirtualBox\Qt5CoreVBox.dll [fFlags=0x0]
268c.2c50: supR3HardenedScreenImage/LdrLoadDll: cache hit (VINF_SUCCESS) on \Device\HarddiskVolume2\Program Files\Oracle\VirtualBox\Qt5CoreVBox.dll
268c.2c50: supR3HardenedDllNotificationCallback: load   00007fffe0bd0000 LB 0x005f7000 C:\Program Files\Oracle\VirtualBox\Qt5GuiVBox.dll [fFlags=0x0]
268c.2c50: supR3HardenedScreenImage/LdrLoadDll: cache hit (VINF_SUCCESS) on \Device\HarddiskVolume2\Program Files\Oracle\VirtualBox\Qt5GuiVBox.dll
268c.2c50: supR3HardenedDllNotificationCallback: load   00000000568f0000 LB 0x00561000 C:\Program Files\Oracle\VirtualBox\Qt5WidgetsVBox.dll [fFlags=0x0]
268c.2c50: supR3HardenedScreenImage/LdrLoadDll: cache hit (Unknown Status 24202 (0x5e8a)) on \Device\HarddiskVolume2\Program Files\Oracle\VirtualBox\Qt5WidgetsVBox.dll [avoiding WinVerifyTrust]
268c.2c50: supR3HardenedDllNotificationCallback: load   00007ff816c90000 LB 0x000cd000 C:\WINDOWS\System32\OLEAUT32.dll [fFlags=0x0]
268c.2c50: supR3HardenedScreenImage/LdrLoadDll: cache hit (VINF_SUCCESS) on \Device\HarddiskVolume2\Windows\System32\oleaut32.dll
268c.2c50: supR3HardenedDllNotificationCallback: load   00007fffd40a0000 LB 0x02320000 C:\Program Files\Oracle\VirtualBox\UICommon.dll [fFlags=0x0]
268c.2c50: supR3HardenedScreenImage/LdrLoadDll: cache hit (VINF_SUCCESS) on \Device\HarddiskVolume2\Program Files\Oracle\VirtualBox\UICommon.dll
268c.2c50: supR3HardenedDllNotificationCallback: load   0000000056890000 LB 0x00054000 C:\Program Files\Oracle\VirtualBox\Qt5OpenGLVBox.dll [fFlags=0x0]
268c.2c50: supR3HardenedScreenImage/LdrLoadDll: cache hit (VINF_SUCCESS) on \Device\HarddiskVolume2\Program Files\Oracle\VirtualBox\Qt5OpenGLVBox.dll
268c.2c50: supR3HardenedDllNotificationCallback: load   00007ff801e40000 LB 0x00027000 C:\WINDOWS\SYSTEM32\WINMM.dll [fFlags=0x0]
268c.2c50: supR3HardenedScreenImage/LdrLoadDll: cache hit (VINF_SUCCESS) on \Device\HarddiskVolume2\Windows\System32\winmm.dll
268c.2c50: supR3HardenedDllNotificationCallback: load   00007fffe8360000 LB 0x001c9000 C:\Program Files\Oracle\VirtualBox\VirtualBoxVM.dll [fFlags=0x0]
268c.2c50: supR3HardenedScreenImage/LdrLoadDll: cache hit (VINF_SUCCESS) on \Device\HarddiskVolume2\Program Files\Oracle\VirtualBox\VirtualBoxVM.dll
268c.2c50: Detected loader lock ownership: rc=VINF_SUCCESS '\Device\HarddiskVolume2\Windows\System32\gdi32full.dll'.
268c.2c50: supR3HardenedWinVerifyCacheProcessWvtTodos: 0 (was 0) fWinVerifyTrust=0 for '\Device\HarddiskVolume2\Windows\System32\gdi32full.dll' [rescheduled]
268c.2c50: Detected loader lock ownership: rc=Unknown Status 22900 (0x5974) '\Device\HarddiskVolume2\Windows\System32\glu32.dll'.
268c.2c50: supR3HardenedWinVerifyCacheProcessWvtTodos: 22900 (was 22900) fWinVerifyTrust=0 for '\Device\HarddiskVolume2\Windows\System32\glu32.dll' [rescheduled]
268c.2c50: Detected loader lock ownership: rc=VINF_SUCCESS '\Device\HarddiskVolume2\Windows\System32\mpr.dll'.
268c.2c50: supR3HardenedWinVerifyCacheProcessWvtTodos: 0 (was 0) fWinVerifyTrust=0 for '\Device\HarddiskVolume2\Windows\System32\mpr.dll' [rescheduled]
268c.2c50: Detected loader lock ownership: rc=VINF_SUCCESS '\Device\HarddiskVolume2\Windows\System32\shell32.dll'.
268c.2c50: supR3HardenedWinVerifyCacheProcessWvtTodos: 0 (was 0) fWinVerifyTrust=0 for '\Device\HarddiskVolume2\Windows\System32\shell32.dll' [rescheduled]
268c.2c50: Detected loader lock ownership: rc=Unknown Status 24202 (0x5e8a) '\Device\HarddiskVolume2\Program Files\Oracle\VirtualBox\Qt5WidgetsVBox.dll'.
268c.2c50: supR3HardenedWinVerifyCacheProcessWvtTodos: 24202 (was 24202) fWinVerifyTrust=0 for '\Device\HarddiskVolume2\Program Files\Oracle\VirtualBox\Qt5WidgetsVBox.dll' [rescheduled]
268c.2c50: Detected loader lock ownership: rc=VINF_SUCCESS '\Device\HarddiskVolume2\Windows\System32\win32u.dll'.
268c.2c50: supR3HardenedWinVerifyCacheProcessWvtTodos: 0 (was 0) fWinVerifyTrust=0 for '\Device\HarddiskVolume2\Windows\System32\win32u.dll' [rescheduled]
268c.2c50: Detected loader lock ownership: rc=VINF_SUCCESS '\Device\HarddiskVolume2\Windows\System32\gdi32.dll'.
268c.2c50: supR3HardenedWinVerifyCacheProcessWvtTodos: 0 (was 0) fWinVerifyTrust=0 for '\Device\HarddiskVolume2\Windows\System32\gdi32.dll' [rescheduled]
268c.2c50: Detected loader lock ownership: rc=VINF_SUCCESS '\Device\HarddiskVolume2\Windows\System32\user32.dll'.
268c.2c50: supR3HardenedWinVerifyCacheProcessWvtTodos: 0 (was 0) fWinVerifyTrust=0 for '\Device\HarddiskVolume2\Windows\System32\user32.dll' [rescheduled]
268c.2c50: Detected loader lock ownership: rc=VINF_SUCCESS '\Device\HarddiskVolume2\Windows\System32\msvcp_win.dll'.
268c.2c50: supR3HardenedWinVerifyCacheProcessWvtTodos: 0 (was 0) fWinVerifyTrust=0 for '\Device\HarddiskVolume2\Windows\System32\msvcp_win.dll' [rescheduled]
268c.2c50: Detected loader lock ownership: rc=VINF_SUCCESS '\Device\HarddiskVolume2\Windows\System32\combase.dll'.
268c.2c50: supR3HardenedWinVerifyCacheProcessWvtTodos: 0 (was 0) fWinVerifyTrust=0 for '\Device\HarddiskVolume2\Windows\System32\combase.dll' [rescheduled]
268c.2c50: supR3HardenedScreenImage/LdrLoadDll: cache hit (VINF_SUCCESS) on \Device\HarddiskVolume2\Windows\System32\kernel32.dll
268c.2c50: supR3HardenedWinVerifyCacheProcessImportTodos: Processing 'win32u.dll'...
268c.2c50: supR3HardenedWinVerifyCacheProcessImportTodos: 'win32u.dll' -> '\Device\HarddiskVolume2\Windows\System32\win32u.dll' [rcNtRedir=0xc0150008]
268c.2c50: supR3HardenedScreenImage/Imports: cache hit (VINF_SUCCESS) on \Device\HarddiskVolume2\Windows\System32\win32u.dll [redoing WinVerifyTrust]
268c.2c50: Detected loader lock ownership: rc=VINF_SUCCESS '\Device\HarddiskVolume2\Windows\System32\win32u.dll'.
268c.2c50: supR3HardenedScreenImage/Imports: WinVerifyTrust not available, rescheduling \Device\HarddiskVolume2\Windows\System32\win32u.dll
268c.2c50: supR3HardenedWinVerifyCacheProcessImportTodos: Processing 'user32.dll'...
268c.2c50: supR3HardenedWinVerifyCacheProcessImportTodos: 'user32.dll' -> '\Device\HarddiskVolume2\Windows\System32\user32.dll' [rcNtRedir=0xc0150008]
268c.2c50: supR3HardenedScreenImage/Imports: cache hit (VINF_SUCCESS) on \Device\HarddiskVolume2\Windows\System32\user32.dll [redoing WinVerifyTrust]
268c.2c50: Detected loader lock ownership: rc=VINF_SUCCESS '\Device\HarddiskVolume2\Windows\System32\user32.dll'.
268c.2c50: supR3HardenedScreenImage/Imports: WinVerifyTrust not available, rescheduling \Device\HarddiskVolume2\Windows\System32\user32.dll
268c.2c50: supR3HardenedWinVerifyCacheProcessImportTodos: Processing 'gdi32.dll'...
268c.2c50: supR3HardenedWinVerifyCacheProcessImportTodos: 'gdi32.dll' -> '\Device\HarddiskVolume2\Windows\System32\gdi32.dll' [rcNtRedir=0xc0150008]
268c.2c50: supR3HardenedScreenImage/Imports: cache hit (VINF_SUCCESS) on \Device\HarddiskVolume2\Windows\System32\gdi32.dll [redoing WinVerifyTrust]
268c.2c50: Detected loader lock ownership: rc=VINF_SUCCESS '\Device\HarddiskVolume2\Windows\System32\gdi32.dll'.
268c.2c50: supR3HardenedScreenImage/Imports: WinVerifyTrust not available, rescheduling \Device\HarddiskVolume2\Windows\System32\gdi32.dll
268c.2c50: supR3HardenedWinVerifyCacheProcessImportTodos: Processing 'msvcp_win.dll'...
268c.2c50: supR3HardenedWinVerifyCacheProcessImportTodos: 'msvcp_win.dll' -> '\Device\HarddiskVolume2\Windows\System32\msvcp_win.dll' [rcNtRedir=0xc0150008]
268c.2c50: supR3HardenedScreenImage/Imports: cache hit (VINF_SUCCESS) on \Device\HarddiskVolume2\Windows\System32\msvcp_win.dll [redoing WinVerifyTrust]
268c.2c50: Detected loader lock ownership: rc=VINF_SUCCESS '\Device\HarddiskVolume2\Windows\System32\msvcp_win.dll'.
268c.2c50: supR3HardenedScreenImage/Imports: WinVerifyTrust not available, rescheduling \Device\HarddiskVolume2\Windows\System32\msvcp_win.dll
268c.2c50: supR3HardenedMonitor_LdrLoadDll: pName=C:\WINDOWS\System32\kernel32.dll (Input=kernel32, rcNtResolve=0xc0150008) *pfFlags=0x0 pwszSearchPath=0000000000000801:<flags> [calling]
268c.2c50: supR3HardenedMonitor_LdrLoadDll: returns rcNt=0x0 hMod=00007ff816e10000 'C:\WINDOWS\System32\kernel32.dll'
268c.2c50: Detected loader lock ownership: rc=VINF_SUCCESS '\Device\HarddiskVolume2\Windows\System32\gdi32full.dll'.
268c.2c50: supR3HardenedWinVerifyCacheProcessWvtTodos: 0 (was 0) fWinVerifyTrust=0 for '\Device\HarddiskVolume2\Windows\System32\gdi32full.dll' [rescheduled]
268c.2c50: Detected loader lock ownership: rc=Unknown Status 22900 (0x5974) '\Device\HarddiskVolume2\Windows\System32\glu32.dll'.
268c.2c50: supR3HardenedWinVerifyCacheProcessWvtTodos: 22900 (was 22900) fWinVerifyTrust=0 for '\Device\HarddiskVolume2\Windows\System32\glu32.dll' [rescheduled]
268c.2c50: Detected loader lock ownership: rc=VINF_SUCCESS '\Device\HarddiskVolume2\Windows\System32\mpr.dll'.
268c.2c50: supR3HardenedWinVerifyCacheProcessWvtTodos: 0 (was 0) fWinVerifyTrust=0 for '\Device\HarddiskVolume2\Windows\System32\mpr.dll' [rescheduled]
268c.2c50: Detected loader lock ownership: rc=VINF_SUCCESS '\Device\HarddiskVolume2\Windows\System32\shell32.dll'.
268c.2c50: supR3HardenedWinVerifyCacheProcessWvtTodos: 0 (was 0) fWinVerifyTrust=0 for '\Device\HarddiskVolume2\Windows\System32\shell32.dll' [rescheduled]
268c.2c50: Detected loader lock ownership: rc=Unknown Status 24202 (0x5e8a) '\Device\HarddiskVolume2\Program Files\Oracle\VirtualBox\Qt5WidgetsVBox.dll'.
268c.2c50: supR3HardenedWinVerifyCacheProcessWvtTodos: 24202 (was 24202) fWinVerifyTrust=0 for '\Device\HarddiskVolume2\Program Files\Oracle\VirtualBox\Qt5WidgetsVBox.dll' [rescheduled]
268c.2c50: Detected loader lock ownership: rc=VINF_SUCCESS '\Device\HarddiskVolume2\Windows\System32\win32u.dll'.
268c.2c50: supR3HardenedWinVerifyCacheProcessWvtTodos: 0 (was 0) fWinVerifyTrust=0 for '\Device\HarddiskVolume2\Windows\System32\win32u.dll' [rescheduled]
268c.2c50: Detected loader lock ownership: rc=VINF_SUCCESS '\Device\HarddiskVolume2\Windows\System32\gdi32.dll'.
268c.2c50: supR3HardenedWinVerifyCacheProcessWvtTodos: 0 (was 0) fWinVerifyTrust=0 for '\Device\HarddiskVolume2\Windows\System32\gdi32.dll' [rescheduled]
268c.2c50: Detected loader lock ownership: rc=VINF_SUCCESS '\Device\HarddiskVolume2\Windows\System32\user32.dll'.
268c.2c50: supR3HardenedWinVerifyCacheProcessWvtTodos: 0 (was 0) fWinVerifyTrust=0 for '\Device\HarddiskVolume2\Windows\System32\user32.dll' [rescheduled]
268c.2c50: Detected loader lock ownership: rc=VINF_SUCCESS '\Device\HarddiskVolume2\Windows\System32\msvcp_win.dll'.
268c.2c50: supR3HardenedWinVerifyCacheProcessWvtTodos: 0 (was 0) fWinVerifyTrust=0 for '\Device\HarddiskVolume2\Windows\System32\msvcp_win.dll' [rescheduled]
268c.2c50: Detected loader lock ownership: rc=VINF_SUCCESS '\Device\HarddiskVolume2\Windows\System32\combase.dll'.
268c.2c50: supR3HardenedWinVerifyCacheProcessWvtTodos: 0 (was 0) fWinVerifyTrust=0 for '\Device\HarddiskVolume2\Windows\System32\combase.dll' [rescheduled]
268c.2c50: Detected loader lock ownership: rc=VINF_SUCCESS '\Device\HarddiskVolume2\Windows\System32\gdi32full.dll'.
268c.2c50: supR3HardenedWinVerifyCacheProcessWvtTodos: 0 (was 0) fWinVerifyTrust=0 for '\Device\HarddiskVolume2\Windows\System32\gdi32full.dll' [rescheduled]
268c.2c50: Detected loader lock ownership: rc=Unknown Status 22900 (0x5974) '\Device\HarddiskVolume2\Windows\System32\glu32.dll'.
268c.2c50: supR3HardenedWinVerifyCacheProcessWvtTodos: 22900 (was 22900) fWinVerifyTrust=0 for '\Device\HarddiskVolume2\Windows\System32\glu32.dll' [rescheduled]
268c.2c50: Detected loader lock ownership: rc=VINF_SUCCESS '\Device\HarddiskVolume2\Windows\System32\mpr.dll'.
268c.2c50: supR3HardenedWinVerifyCacheProcessWvtTodos: 0 (was 0) fWinVerifyTrust=0 for '\Device\HarddiskVolume2\Windows\System32\mpr.dll' [rescheduled]
268c.2c50: Detected loader lock ownership: rc=VINF_SUCCESS '\Device\HarddiskVolume2\Windows\System32\shell32.dll'.
268c.2c50: supR3HardenedWinVerifyCacheProcessWvtTodos: 0 (was 0) fWinVerifyTrust=0 for '\Device\HarddiskVolume2\Windows\System32\shell32.dll' [rescheduled]
268c.2c50: Detected loader lock ownership: rc=Unknown Status 24202 (0x5e8a) '\Device\HarddiskVolume2\Program Files\Oracle\VirtualBox\Qt5WidgetsVBox.dll'.
268c.2c50: supR3HardenedWinVerifyCacheProcessWvtTodos: 24202 (was 24202) fWinVerifyTrust=0 for '\Device\HarddiskVolume2\Program Files\Oracle\VirtualBox\Qt5WidgetsVBox.dll' [rescheduled]
268c.2c50: Detected loader lock ownership: rc=VINF_SUCCESS '\Device\HarddiskVolume2\Windows\System32\win32u.dll'.
268c.2c50: supR3HardenedWinVerifyCacheProcessWvtTodos: 0 (was 0) fWinVerifyTrust=0 for '\Device\HarddiskVolume2\Windows\System32\win32u.dll' [rescheduled]
268c.2c50: Detected loader lock ownership: rc=VINF_SUCCESS '\Device\HarddiskVolume2\Windows\System32\gdi32.dll'.
268c.2c50: supR3HardenedWinVerifyCacheProcessWvtTodos: 0 (was 0) fWinVerifyTrust=0 for '\Device\HarddiskVolume2\Windows\System32\gdi32.dll' [rescheduled]
268c.2c50: Detected loader lock ownership: rc=VINF_SUCCESS '\Device\HarddiskVolume2\Windows\System32\user32.dll'.
268c.2c50: supR3HardenedWinVerifyCacheProcessWvtTodos: 0 (was 0) fWinVerifyTrust=0 for '\Device\HarddiskVolume2\Windows\System32\user32.dll' [rescheduled]
268c.2c50: Detected loader lock ownership: rc=VINF_SUCCESS '\Device\HarddiskVolume2\Windows\System32\msvcp_win.dll'.
268c.2c50: supR3HardenedWinVerifyCacheProcessWvtTodos: 0 (was 0) fWinVerifyTrust=0 for '\Device\HarddiskVolume2\Windows\System32\msvcp_win.dll' [rescheduled]
268c.2c50: Detected loader lock ownership: rc=VINF_SUCCESS '\Device\HarddiskVolume2\Windows\System32\combase.dll'.
268c.2c50: supR3HardenedWinVerifyCacheProcessWvtTodos: 0 (was 0) fWinVerifyTrust=0 for '\Device\HarddiskVolume2\Windows\System32\combase.dll' [rescheduled]
268c.2c50: supR3HardenedIsApiSetDll: ApiSetQueryApiSetPresence(api-ms-win-core-string-l1-1-0) -> 0x0, fPresent=1
268c.2c50: supR3HardenedMonitor_LdrLoadDll: pName=api-ms-win-core-string-l1-1-0 (rcNtResolve=0x0) *pfFlags=0x0 pwszSearchPath=0000000000000801:<flags> [calling]
268c.2c50: supR3HardenedMonitor_LdrLoadDll: returns rcNt=0x0 hMod=00007ff8152e0000 'api-ms-win-core-string-l1-1-0'
268c.2c50: Detected loader lock ownership: rc=VINF_SUCCESS '\Device\HarddiskVolume2\Windows\System32\gdi32full.dll'.
268c.2c50: supR3HardenedWinVerifyCacheProcessWvtTodos: 0 (was 0) fWinVerifyTrust=0 for '\Device\HarddiskVolume2\Windows\System32\gdi32full.dll' [rescheduled]
268c.2c50: Detected loader lock ownership: rc=Unknown Status 22900 (0x5974) '\Device\HarddiskVolume2\Windows\System32\glu32.dll'.
268c.2c50: supR3HardenedWinVerifyCacheProcessWvtTodos: 22900 (was 22900) fWinVerifyTrust=0 for '\Device\HarddiskVolume2\Windows\System32\glu32.dll' [rescheduled]
268c.2c50: Detected loader lock ownership: rc=VINF_SUCCESS '\Device\HarddiskVolume2\Windows\System32\mpr.dll'.
268c.2c50: supR3HardenedWinVerifyCacheProcessWvtTodos: 0 (was 0) fWinVerifyTrust=0 for '\Device\HarddiskVolume2\Windows\System32\mpr.dll' [rescheduled]
268c.2c50: Detected loader lock ownership: rc=VINF_SUCCESS '\Device\HarddiskVolume2\Windows\System32\shell32.dll'.
268c.2c50: supR3HardenedWinVerifyCacheProcessWvtTodos: 0 (was 0) fWinVerifyTrust=0 for '\Device\HarddiskVolume2\Windows\System32\shell32.dll' [rescheduled]
268c.2c50: Detected loader lock ownership: rc=Unknown Status 24202 (0x5e8a) '\Device\HarddiskVolume2\Program Files\Oracle\VirtualBox\Qt5WidgetsVBox.dll'.
268c.2c50: supR3HardenedWinVerifyCacheProcessWvtTodos: 24202 (was 24202) fWinVerifyTrust=0 for '\Device\HarddiskVolume2\Program Files\Oracle\VirtualBox\Qt5WidgetsVBox.dll' [rescheduled]
268c.2c50: Detected loader lock ownership: rc=VINF_SUCCESS '\Device\HarddiskVolume2\Windows\System32\win32u.dll'.
268c.2c50: supR3HardenedWinVerifyCacheProcessWvtTodos: 0 (was 0) fWinVerifyTrust=0 for '\Device\HarddiskVolume2\Windows\System32\win32u.dll' [rescheduled]
268c.2c50: Detected loader lock ownership: rc=VINF_SUCCESS '\Device\HarddiskVolume2\Windows\System32\gdi32.dll'.
268c.2c50: supR3HardenedWinVerifyCacheProcessWvtTodos: 0 (was 0) fWinVerifyTrust=0 for '\Device\HarddiskVolume2\Windows\System32\gdi32.dll' [rescheduled]
268c.2c50: Detected loader lock ownership: rc=VINF_SUCCESS '\Device\HarddiskVolume2\Windows\System32\user32.dll'.
268c.2c50: supR3HardenedWinVerifyCacheProcessWvtTodos: 0 (was 0) fWinVerifyTrust=0 for '\Device\HarddiskVolume2\Windows\System32\user32.dll' [rescheduled]
268c.2c50: Detected loader lock ownership: rc=VINF_SUCCESS '\Device\HarddiskVolume2\Windows\System32\msvcp_win.dll'.
268c.2c50: supR3HardenedWinVerifyCacheProcessWvtTodos: 0 (was 0) fWinVerifyTrust=0 for '\Device\HarddiskVolume2\Windows\System32\msvcp_win.dll' [rescheduled]
268c.2c50: Detected loader lock ownership: rc=VINF_SUCCESS '\Device\HarddiskVolume2\Windows\System32\combase.dll'.
268c.2c50: supR3HardenedWinVerifyCacheProcessWvtTodos: 0 (was 0) fWinVerifyTrust=0 for '\Device\HarddiskVolume2\Windows\System32\combase.dll' [rescheduled]
268c.2c50: Detected loader lock ownership: rc=VINF_SUCCESS '\Device\HarddiskVolume2\Windows\System32\gdi32full.dll'.
268c.2c50: supR3HardenedWinVerifyCacheProcessWvtTodos: 0 (was 0) fWinVerifyTrust=0 for '\Device\HarddiskVolume2\Windows\System32\gdi32full.dll' [rescheduled]
268c.2c50: Detected loader lock ownership: rc=Unknown Status 22900 (0x5974) '\Device\HarddiskVolume2\Windows\System32\glu32.dll'.
268c.2c50: supR3HardenedWinVerifyCacheProcessWvtTodos: 22900 (was 22900) fWinVerifyTrust=0 for '\Device\HarddiskVolume2\Windows\System32\glu32.dll' [rescheduled]
268c.2c50: Detected loader lock ownership: rc=VINF_SUCCESS '\Device\HarddiskVolume2\Windows\System32\mpr.dll'.
268c.2c50: supR3HardenedWinVerifyCacheProcessWvtTodos: 0 (was 0) fWinVerifyTrust=0 for '\Device\HarddiskVolume2\Windows\System32\mpr.dll' [rescheduled]
268c.2c50: Detected loader lock ownership: rc=VINF_SUCCESS '\Device\HarddiskVolume2\Windows\System32\shell32.dll'.
268c.2c50: supR3HardenedWinVerifyCacheProcessWvtTodos: 0 (was 0) fWinVerifyTrust=0 for '\Device\HarddiskVolume2\Windows\System32\shell32.dll' [rescheduled]
268c.2c50: Detected loader lock ownership: rc=Unknown Status 24202 (0x5e8a) '\Device\HarddiskVolume2\Program Files\Oracle\VirtualBox\Qt5WidgetsVBox.dll'.
268c.2c50: supR3HardenedWinVerifyCacheProcessWvtTodos: 24202 (was 24202) fWinVerifyTrust=0 for '\Device\HarddiskVolume2\Program Files\Oracle\VirtualBox\Qt5WidgetsVBox.dll' [rescheduled]
268c.2c50: Detected loader lock ownership: rc=VINF_SUCCESS '\Device\HarddiskVolume2\Windows\System32\win32u.dll'.
268c.2c50: supR3HardenedWinVerifyCacheProcessWvtTodos: 0 (was 0) fWinVerifyTrust=0 for '\Device\HarddiskVolume2\Windows\System32\win32u.dll' [rescheduled]
268c.2c50: Detected loader lock ownership: rc=VINF_SUCCESS '\Device\HarddiskVolume2\Windows\System32\gdi32.dll'.
268c.2c50: supR3HardenedWinVerifyCacheProcessWvtTodos: 0 (was 0) fWinVerifyTrust=0 for '\Device\HarddiskVolume2\Windows\System32\gdi32.dll' [rescheduled]
268c.2c50: Detected loader lock ownership: rc=VINF_SUCCESS '\Device\HarddiskVolume2\Windows\System32\user32.dll'.
268c.2c50: supR3HardenedWinVerifyCacheProcessWvtTodos: 0 (was 0) fWinVerifyTrust=0 for '\Device\HarddiskVolume2\Windows\System32\user32.dll' [rescheduled]
268c.2c50: Detected loader lock ownership: rc=VINF_SUCCESS '\Device\HarddiskVolume2\Windows\System32\msvcp_win.dll'.
268c.2c50: supR3HardenedWinVerifyCacheProcessWvtTodos: 0 (was 0) fWinVerifyTrust=0 for '\Device\HarddiskVolume2\Windows\System32\msvcp_win.dll' [rescheduled]
268c.2c50: Detected loader lock ownership: rc=VINF_SUCCESS '\Device\HarddiskVolume2\Windows\System32\combase.dll'.
268c.2c50: supR3HardenedWinVerifyCacheProcessWvtTodos: 0 (was 0) fWinVerifyTrust=0 for '\Device\HarddiskVolume2\Windows\System32\combase.dll' [rescheduled]
268c.2c50: supR3HardenedIsApiSetDll: ApiSetQueryApiSetPresence(api-ms-win-core-datetime-l1-1-1) -> 0x0, fPresent=1
268c.2c50: supR3HardenedMonitor_LdrLoadDll: pName=api-ms-win-core-datetime-l1-1-1 (rcNtResolve=0x0) *pfFlags=0x0 pwszSearchPath=0000000000000801:<flags> [calling]
268c.2c50: supR3HardenedMonitor_LdrLoadDll: returns rcNt=0x0 hMod=00007ff8152e0000 'api-ms-win-core-datetime-l1-1-1'
268c.2c50: Detected loader lock ownership: rc=VINF_SUCCESS '\Device\HarddiskVolume2\Windows\System32\gdi32full.dll'.
268c.2c50: supR3HardenedWinVerifyCacheProcessWvtTodos: 0 (was 0) fWinVerifyTrust=0 for '\Device\HarddiskVolume2\Windows\System32\gdi32full.dll' [rescheduled]
268c.2c50: Detected loader lock ownership: rc=Unknown Status 22900 (0x5974) '\Device\HarddiskVolume2\Windows\System32\glu32.dll'.
268c.2c50: supR3HardenedWinVerifyCacheProcessWvtTodos: 22900 (was 22900) fWinVerifyTrust=0 for '\Device\HarddiskVolume2\Windows\System32\glu32.dll' [rescheduled]
268c.2c50: Detected loader lock ownership: rc=VINF_SUCCESS '\Device\HarddiskVolume2\Windows\System32\mpr.dll'.
268c.2c50: supR3HardenedWinVerifyCacheProcessWvtTodos: 0 (was 0) fWinVerifyTrust=0 for '\Device\HarddiskVolume2\Windows\System32\mpr.dll' [rescheduled]
268c.2c50: Detected loader lock ownership: rc=VINF_SUCCESS '\Device\HarddiskVolume2\Windows\System32\shell32.dll'.
268c.2c50: supR3HardenedWinVerifyCacheProcessWvtTodos: 0 (was 0) fWinVerifyTrust=0 for '\Device\HarddiskVolume2\Windows\System32\shell32.dll' [rescheduled]
268c.2c50: Detected loader lock ownership: rc=Unknown Status 24202 (0x5e8a) '\Device\HarddiskVolume2\Program Files\Oracle\VirtualBox\Qt5WidgetsVBox.dll'.
268c.2c50: supR3HardenedWinVerifyCacheProcessWvtTodos: 24202 (was 24202) fWinVerifyTrust=0 for '\Device\HarddiskVolume2\Program Files\Oracle\VirtualBox\Qt5WidgetsVBox.dll' [rescheduled]
268c.2c50: Detected loader lock ownership: rc=VINF_SUCCESS '\Device\HarddiskVolume2\Windows\System32\win32u.dll'.
268c.2c50: supR3HardenedWinVerifyCacheProcessWvtTodos: 0 (was 0) fWinVerifyTrust=0 for '\Device\HarddiskVolume2\Windows\System32\win32u.dll' [rescheduled]
268c.2c50: Detected loader lock ownership: rc=VINF_SUCCESS '\Device\HarddiskVolume2\Windows\System32\gdi32.dll'.
268c.2c50: supR3HardenedWinVerifyCacheProcessWvtTodos: 0 (was 0) fWinVerifyTrust=0 for '\Device\HarddiskVolume2\Windows\System32\gdi32.dll' [rescheduled]
268c.2c50: Detected loader lock ownership: rc=VINF_SUCCESS '\Device\HarddiskVolume2\Windows\System32\user32.dll'.
268c.2c50: supR3HardenedWinVerifyCacheProcessWvtTodos: 0 (was 0) fWinVerifyTrust=0 for '\Device\HarddiskVolume2\Windows\System32\user32.dll' [rescheduled]
268c.2c50: Detected loader lock ownership: rc=VINF_SUCCESS '\Device\HarddiskVolume2\Windows\System32\msvcp_win.dll'.
268c.2c50: supR3HardenedWinVerifyCacheProcessWvtTodos: 0 (was 0) fWinVerifyTrust=0 for '\Device\HarddiskVolume2\Windows\System32\msvcp_win.dll' [rescheduled]
268c.2c50: Detected loader lock ownership: rc=VINF_SUCCESS '\Device\HarddiskVolume2\Windows\System32\combase.dll'.
268c.2c50: supR3HardenedWinVerifyCacheProcessWvtTodos: 0 (was 0) fWinVerifyTrust=0 for '\Device\HarddiskVolume2\Windows\System32\combase.dll' [rescheduled]
268c.2c50: Detected loader lock ownership: rc=VINF_SUCCESS '\Device\HarddiskVolume2\Windows\System32\gdi32full.dll'.
268c.2c50: supR3HardenedWinVerifyCacheProcessWvtTodos: 0 (was 0) fWinVerifyTrust=0 for '\Device\HarddiskVolume2\Windows\System32\gdi32full.dll' [rescheduled]
268c.2c50: Detected loader lock ownership: rc=Unknown Status 22900 (0x5974) '\Device\HarddiskVolume2\Windows\System32\glu32.dll'.
268c.2c50: supR3HardenedWinVerifyCacheProcessWvtTodos: 22900 (was 22900) fWinVerifyTrust=0 for '\Device\HarddiskVolume2\Windows\System32\glu32.dll' [rescheduled]
268c.2c50: Detected loader lock ownership: rc=VINF_SUCCESS '\Device\HarddiskVolume2\Windows\System32\mpr.dll'.
268c.2c50: supR3HardenedWinVerifyCacheProcessWvtTodos: 0 (was 0) fWinVerifyTrust=0 for '\Device\HarddiskVolume2\Windows\System32\mpr.dll' [rescheduled]
268c.2c50: Detected loader lock ownership: rc=VINF_SUCCESS '\Device\HarddiskVolume2\Windows\System32\shell32.dll'.
268c.2c50: supR3HardenedWinVerifyCacheProcessWvtTodos: 0 (was 0) fWinVerifyTrust=0 for '\Device\HarddiskVolume2\Windows\System32\shell32.dll' [rescheduled]
268c.2c50: Detected loader lock ownership: rc=Unknown Status 24202 (0x5e8a) '\Device\HarddiskVolume2\Program Files\Oracle\VirtualBox\Qt5WidgetsVBox.dll'.
268c.2c50: supR3HardenedWinVerifyCacheProcessWvtTodos: 24202 (was 24202) fWinVerifyTrust=0 for '\Device\HarddiskVolume2\Program Files\Oracle\VirtualBox\Qt5WidgetsVBox.dll' [rescheduled]
268c.2c50: Detected loader lock ownership: rc=VINF_SUCCESS '\Device\HarddiskVolume2\Windows\System32\win32u.dll'.
268c.2c50: supR3HardenedWinVerifyCacheProcessWvtTodos: 0 (was 0) fWinVerifyTrust=0 for '\Device\HarddiskVolume2\Windows\System32\win32u.dll' [rescheduled]
268c.2c50: Detected loader lock ownership: rc=VINF_SUCCESS '\Device\HarddiskVolume2\Windows\System32\gdi32.dll'.
268c.2c50: supR3HardenedWinVerifyCacheProcessWvtTodos: 0 (was 0) fWinVerifyTrust=0 for '\Device\HarddiskVolume2\Windows\System32\gdi32.dll' [rescheduled]
268c.2c50: Detected loader lock ownership: rc=VINF_SUCCESS '\Device\HarddiskVolume2\Windows\System32\user32.dll'.
268c.2c50: supR3HardenedWinVerifyCacheProcessWvtTodos: 0 (was 0) fWinVerifyTrust=0 for '\Device\HarddiskVolume2\Windows\System32\user32.dll' [rescheduled]
268c.2c50: Detected loader lock ownership: rc=VINF_SUCCESS '\Device\HarddiskVolume2\Windows\System32\msvcp_win.dll'.
268c.2c50: supR3HardenedWinVerifyCacheProcessWvtTodos: 0 (was 0) fWinVerifyTrust=0 for '\Device\HarddiskVolume2\Windows\System32\msvcp_win.dll' [rescheduled]
268c.2c50: Detected loader lock ownership: rc=VINF_SUCCESS '\Device\HarddiskVolume2\Windows\System32\combase.dll'.
268c.2c50: supR3HardenedWinVerifyCacheProcessWvtTodos: 0 (was 0) fWinVerifyTrust=0 for '\Device\HarddiskVolume2\Windows\System32\combase.dll' [rescheduled]
268c.2c50: supR3HardenedIsApiSetDll: ApiSetQueryApiSetPresence(api-ms-win-core-localization-obsolete-l1-2-0) -> 0x0, fPresent=1
268c.2c50: supR3HardenedMonitor_LdrLoadDll: pName=api-ms-win-core-localization-obsolete-l1-2-0 (rcNtResolve=0x0) *pfFlags=0x0 pwszSearchPath=0000000000000801:<flags> [calling]
268c.2c50: supR3HardenedMonitor_LdrLoadDll: returns rcNt=0x0 hMod=00007ff8152e0000 'api-ms-win-core-localization-obsolete-l1-2-0'
268c.2c50: Detected loader lock ownership: rc=VINF_SUCCESS '\Device\HarddiskVolume2\Windows\System32\gdi32full.dll'.
268c.2c50: supR3HardenedWinVerifyCacheProcessWvtTodos: 0 (was 0) fWinVerifyTrust=0 for '\Device\HarddiskVolume2\Windows\System32\gdi32full.dll' [rescheduled]
268c.2c50: Detected loader lock ownership: rc=Unknown Status 22900 (0x5974) '\Device\HarddiskVolume2\Windows\System32\glu32.dll'.
268c.2c50: supR3HardenedWinVerifyCacheProcessWvtTodos: 22900 (was 22900) fWinVerifyTrust=0 for '\Device\HarddiskVolume2\Windows\System32\glu32.dll' [rescheduled]
268c.2c50: Detected loader lock ownership: rc=VINF_SUCCESS '\Device\HarddiskVolume2\Windows\System32\mpr.dll'.
268c.2c50: supR3HardenedWinVerifyCacheProcessWvtTodos: 0 (was 0) fWinVerifyTrust=0 for '\Device\HarddiskVolume2\Windows\System32\mpr.dll' [rescheduled]
268c.2c50: Detected loader lock ownership: rc=VINF_SUCCESS '\Device\HarddiskVolume2\Windows\System32\shell32.dll'.
268c.2c50: supR3HardenedWinVerifyCacheProcessWvtTodos: 0 (was 0) fWinVerifyTrust=0 for '\Device\HarddiskVolume2\Windows\System32\shell32.dll' [rescheduled]
268c.2c50: Detected loader lock ownership: rc=Unknown Status 24202 (0x5e8a) '\Device\HarddiskVolume2\Program Files\Oracle\VirtualBox\Qt5WidgetsVBox.dll'.
268c.2c50: supR3HardenedWinVerifyCacheProcessWvtTodos: 24202 (was 24202) fWinVerifyTrust=0 for '\Device\HarddiskVolume2\Program Files\Oracle\VirtualBox\Qt5WidgetsVBox.dll' [rescheduled]
268c.2c50: Detected loader lock ownership: rc=VINF_SUCCESS '\Device\HarddiskVolume2\Windows\System32\win32u.dll'.
268c.2c50: supR3HardenedWinVerifyCacheProcessWvtTodos: 0 (was 0) fWinVerifyTrust=0 for '\Device\HarddiskVolume2\Windows\System32\win32u.dll' [rescheduled]
268c.2c50: Detected loader lock ownership: rc=VINF_SUCCESS '\Device\HarddiskVolume2\Windows\System32\gdi32.dll'.
268c.2c50: supR3HardenedWinVerifyCacheProcessWvtTodos: 0 (was 0) fWinVerifyTrust=0 for '\Device\HarddiskVolume2\Windows\System32\gdi32.dll' [rescheduled]
268c.2c50: Detected loader lock ownership: rc=VINF_SUCCESS '\Device\HarddiskVolume2\Windows\System32\user32.dll'.
268c.2c50: supR3HardenedWinVerifyCacheProcessWvtTodos: 0 (was 0) fWinVerifyTrust=0 for '\Device\HarddiskVolume2\Windows\System32\user32.dll' [rescheduled]
268c.2c50: Detected loader lock ownership: rc=VINF_SUCCESS '\Device\HarddiskVolume2\Windows\System32\msvcp_win.dll'.
268c.2c50: supR3HardenedWinVerifyCacheProcessWvtTodos: 0 (was 0) fWinVerifyTrust=0 for '\Device\HarddiskVolume2\Windows\System32\msvcp_win.dll' [rescheduled]
268c.2c50: Detected loader lock ownership: rc=VINF_SUCCESS '\Device\HarddiskVolume2\Windows\System32\combase.dll'.
268c.2c50: supR3HardenedWinVerifyCacheProcessWvtTodos: 0 (was 0) fWinVerifyTrust=0 for '\Device\HarddiskVolume2\Windows\System32\combase.dll' [rescheduled]
268c.2c50: Detected loader lock ownership: rc=VINF_SUCCESS '\Device\HarddiskVolume2\Windows\System32\gdi32full.dll'.
268c.2c50: supR3HardenedWinVerifyCacheProcessWvtTodos: 0 (was 0) fWinVerifyTrust=0 for '\Device\HarddiskVolume2\Windows\System32\gdi32full.dll' [rescheduled]
268c.2c50: Detected loader lock ownership: rc=Unknown Status 22900 (0x5974) '\Device\HarddiskVolume2\Windows\System32\glu32.dll'.
268c.2c50: supR3HardenedWinVerifyCacheProcessWvtTodos: 22900 (was 22900) fWinVerifyTrust=0 for '\Device\HarddiskVolume2\Windows\System32\glu32.dll' [rescheduled]
268c.2c50: Detected loader lock ownership: rc=VINF_SUCCESS '\Device\HarddiskVolume2\Windows\System32\mpr.dll'.
268c.2c50: supR3HardenedWinVerifyCacheProcessWvtTodos: 0 (was 0) fWinVerifyTrust=0 for '\Device\HarddiskVolume2\Windows\System32\mpr.dll' [rescheduled]
268c.2c50: Detected loader lock ownership: rc=VINF_SUCCESS '\Device\HarddiskVolume2\Windows\System32\shell32.dll'.
268c.2c50: supR3HardenedWinVerifyCacheProcessWvtTodos: 0 (was 0) fWinVerifyTrust=0 for '\Device\HarddiskVolume2\Windows\System32\shell32.dll' [rescheduled]
268c.2c50: Detected loader lock ownership: rc=Unknown Status 24202 (0x5e8a) '\Device\HarddiskVolume2\Program Files\Oracle\VirtualBox\Qt5WidgetsVBox.dll'.
268c.2c50: supR3HardenedWinVerifyCacheProcessWvtTodos: 24202 (was 24202) fWinVerifyTrust=0 for '\Device\HarddiskVolume2\Program Files\Oracle\VirtualBox\Qt5WidgetsVBox.dll' [rescheduled]
268c.2c50: Detected loader lock ownership: rc=VINF_SUCCESS '\Device\HarddiskVolume2\Windows\System32\win32u.dll'.
268c.2c50: supR3HardenedWinVerifyCacheProcessWvtTodos: 0 (was 0) fWinVerifyTrust=0 for '\Device\HarddiskVolume2\Windows\System32\win32u.dll' [rescheduled]
268c.2c50: Detected loader lock ownership: rc=VINF_SUCCESS '\Device\HarddiskVolume2\Windows\System32\gdi32.dll'.
268c.2c50: supR3HardenedWinVerifyCacheProcessWvtTodos: 0 (was 0) fWinVerifyTrust=0 for '\Device\HarddiskVolume2\Windows\System32\gdi32.dll' [rescheduled]
268c.2c50: Detected loader lock ownership: rc=VINF_SUCCESS '\Device\HarddiskVolume2\Windows\System32\user32.dll'.
268c.2c50: supR3HardenedWinVerifyCacheProcessWvtTodos: 0 (was 0) fWinVerifyTrust=0 for '\Device\HarddiskVolume2\Windows\System32\user32.dll' [rescheduled]
268c.2c50: Detected loader lock ownership: rc=VINF_SUCCESS '\Device\HarddiskVolume2\Windows\System32\msvcp_win.dll'.
268c.2c50: supR3HardenedWinVerifyCacheProcessWvtTodos: 0 (was 0) fWinVerifyTrust=0 for '\Device\HarddiskVolume2\Windows\System32\msvcp_win.dll' [rescheduled]
268c.2c50: Detected loader lock ownership: rc=VINF_SUCCESS '\Device\HarddiskVolume2\Windows\System32\combase.dll'.
268c.2c50: supR3HardenedWinVerifyCacheProcessWvtTodos: 0 (was 0) fWinVerifyTrust=0 for '\Device\HarddiskVolume2\Windows\System32\combase.dll' [rescheduled]
268c.2c50: Detected loader lock ownership: rc=VINF_SUCCESS '\Device\HarddiskVolume2\Windows\System32\imm32.dll'.
268c.2c50: supR3HardenedWinVerifyCacheScheduleImports: Import todo: #0 'user32.dll'.
268c.2c50: supR3HardenedWinVerifyCacheScheduleImports: Import todo: #25 'win32u.dll'.
268c.2c50: supHardenedWinVerifyImageByHandle: -> 0 (\Device\HarddiskVolume2\Windows\System32\imm32.dll)
268c.2c50: supR3HardenedWinVerifyCacheInsert: \Device\HarddiskVolume2\Windows\System32\imm32.dll
268c.2c50: supR3HardenedWinVerifyCacheProcessImportTodos: Processing 'win32u.dll'...
268c.2c50: supR3HardenedWinVerifyCacheProcessImportTodos: 'win32u.dll' -> '\Device\HarddiskVolume2\Windows\System32\win32u.dll' [rcNtRedir=0xc0150008]
268c.2c50: supR3HardenedScreenImage/Imports: cache hit (VINF_SUCCESS) on \Device\HarddiskVolume2\Windows\System32\win32u.dll [redoing WinVerifyTrust]
268c.2c50: Detected loader lock ownership: rc=VINF_SUCCESS '\Device\HarddiskVolume2\Windows\System32\win32u.dll'.
268c.2c50: supR3HardenedScreenImage/Imports: WinVerifyTrust not available, rescheduling \Device\HarddiskVolume2\Windows\System32\win32u.dll
268c.2c50: supR3HardenedWinVerifyCacheProcessImportTodos: Processing 'user32.dll'...
268c.2c50: supR3HardenedWinVerifyCacheProcessImportTodos: 'user32.dll' -> '\Device\HarddiskVolume2\Windows\System32\user32.dll' [rcNtRedir=0xc0150008]
268c.2c50: supR3HardenedScreenImage/Imports: cache hit (VINF_SUCCESS) on \Device\HarddiskVolume2\Windows\System32\user32.dll [redoing WinVerifyTrust]
268c.2c50: Detected loader lock ownership: rc=VINF_SUCCESS '\Device\HarddiskVolume2\Windows\System32\user32.dll'.
268c.2c50: supR3HardenedScreenImage/Imports: WinVerifyTrust not available, rescheduling \Device\HarddiskVolume2\Windows\System32\user32.dll
268c.2c50: supR3HardenedMonitor_LdrLoadDll: pName=C:\WINDOWS\system32\IMM32.DLL (rcNtResolve=0xc0150008) *pfFlags=0x0 pwszSearchPath=0000000000000009:<flags> [calling]
268c.2c50: supR3HardenedDllNotificationCallback: load   00007ff815f60000 LB 0x0002f000 C:\WINDOWS\System32\IMM32.DLL [fFlags=0x0]
268c.2c50: supR3HardenedScreenImage/LdrLoadDll: cache hit (VINF_SUCCESS) on \Device\HarddiskVolume2\Windows\System32\imm32.dll [avoiding WinVerifyTrust]
268c.2c50: supR3HardenedMonitor_LdrLoadDll: returns rcNt=0x0 hMod=00007ff815f60000 'C:\WINDOWS\system32\IMM32.DLL'
268c.2c50: Detected loader lock ownership: rc=VINF_SUCCESS '\Device\HarddiskVolume2\Windows\System32\imm32.dll'.
268c.2c50: supR3HardenedWinVerifyCacheProcessWvtTodos: 0 (was 0) fWinVerifyTrust=0 for '\Device\HarddiskVolume2\Windows\System32\imm32.dll' [rescheduled]
268c.2c50: Detected loader lock ownership: rc=VINF_SUCCESS '\Device\HarddiskVolume2\Windows\System32\gdi32full.dll'.
268c.2c50: supR3HardenedWinVerifyCacheProcessWvtTodos: 0 (was 0) fWinVerifyTrust=0 for '\Device\HarddiskVolume2\Windows\System32\gdi32full.dll' [rescheduled]
268c.2c50: Detected loader lock ownership: rc=Unknown Status 22900 (0x5974) '\Device\HarddiskVolume2\Windows\System32\glu32.dll'.
268c.2c50: supR3HardenedWinVerifyCacheProcessWvtTodos: 22900 (was 22900) fWinVerifyTrust=0 for '\Device\HarddiskVolume2\Windows\System32\glu32.dll' [rescheduled]
268c.2c50: Detected loader lock ownership: rc=VINF_SUCCESS '\Device\HarddiskVolume2\Windows\System32\mpr.dll'.
268c.2c50: supR3HardenedWinVerifyCacheProcessWvtTodos: 0 (was 0) fWinVerifyTrust=0 for '\Device\HarddiskVolume2\Windows\System32\mpr.dll' [rescheduled]
268c.2c50: Detected loader lock ownership: rc=VINF_SUCCESS '\Device\HarddiskVolume2\Windows\System32\shell32.dll'.
268c.2c50: supR3HardenedWinVerifyCacheProcessWvtTodos: 0 (was 0) fWinVerifyTrust=0 for '\Device\HarddiskVolume2\Windows\System32\shell32.dll' [rescheduled]
268c.2c50: Detected loader lock ownership: rc=Unknown Status 24202 (0x5e8a) '\Device\HarddiskVolume2\Program Files\Oracle\VirtualBox\Qt5WidgetsVBox.dll'.
268c.2c50: supR3HardenedWinVerifyCacheProcessWvtTodos: 24202 (was 24202) fWinVerifyTrust=0 for '\Device\HarddiskVolume2\Program Files\Oracle\VirtualBox\Qt5WidgetsVBox.dll' [rescheduled]
268c.2c50: Detected loader lock ownership: rc=VINF_SUCCESS '\Device\HarddiskVolume2\Windows\System32\win32u.dll'.
268c.2c50: supR3HardenedWinVerifyCacheProcessWvtTodos: 0 (was 0) fWinVerifyTrust=0 for '\Device\HarddiskVolume2\Windows\System32\win32u.dll' [rescheduled]
268c.2c50: Detected loader lock ownership: rc=VINF_SUCCESS '\Device\HarddiskVolume2\Windows\System32\gdi32.dll'.
268c.2c50: supR3HardenedWinVerifyCacheProcessWvtTodos: 0 (was 0) fWinVerifyTrust=0 for '\Device\HarddiskVolume2\Windows\System32\gdi32.dll' [rescheduled]
268c.2c50: Detected loader lock ownership: rc=VINF_SUCCESS '\Device\HarddiskVolume2\Windows\System32\user32.dll'.
268c.2c50: supR3HardenedWinVerifyCacheProcessWvtTodos: 0 (was 0) fWinVerifyTrust=0 for '\Device\HarddiskVolume2\Windows\System32\user32.dll' [rescheduled]
268c.2c50: Detected loader lock ownership: rc=VINF_SUCCESS '\Device\HarddiskVolume2\Windows\System32\msvcp_win.dll'.
268c.2c50: supR3HardenedWinVerifyCacheProcessWvtTodos: 0 (was 0) fWinVerifyTrust=0 for '\Device\HarddiskVolume2\Windows\System32\msvcp_win.dll' [rescheduled]
268c.2c50: Detected loader lock ownership: rc=VINF_SUCCESS '\Device\HarddiskVolume2\Windows\System32\combase.dll'.
268c.2c50: supR3HardenedWinVerifyCacheProcessWvtTodos: 0 (was 0) fWinVerifyTrust=0 for '\Device\HarddiskVolume2\Windows\System32\combase.dll' [rescheduled]
268c.2c50: Detected loader lock ownership: rc=VINF_SUCCESS '\Device\HarddiskVolume2\Windows\System32\imm32.dll'.
268c.2c50: supR3HardenedWinVerifyCacheProcessWvtTodos: 0 (was 0) fWinVerifyTrust=0 for '\Device\HarddiskVolume2\Windows\System32\imm32.dll' [rescheduled]
268c.2c50: Detected loader lock ownership: rc=VINF_SUCCESS '\Device\HarddiskVolume2\Windows\System32\gdi32full.dll'.
268c.2c50: supR3HardenedWinVerifyCacheProcessWvtTodos: 0 (was 0) fWinVerifyTrust=0 for '\Device\HarddiskVolume2\Windows\System32\gdi32full.dll' [rescheduled]
268c.2c50: Detected loader lock ownership: rc=Unknown Status 22900 (0x5974) '\Device\HarddiskVolume2\Windows\System32\glu32.dll'.
268c.2c50: supR3HardenedWinVerifyCacheProcessWvtTodos: 22900 (was 22900) fWinVerifyTrust=0 for '\Device\HarddiskVolume2\Windows\System32\glu32.dll' [rescheduled]
268c.2c50: Detected loader lock ownership: rc=VINF_SUCCESS '\Device\HarddiskVolume2\Windows\System32\mpr.dll'.
268c.2c50: supR3HardenedWinVerifyCacheProcessWvtTodos: 0 (was 0) fWinVerifyTrust=0 for '\Device\HarddiskVolume2\Windows\System32\mpr.dll' [rescheduled]
268c.2c50: Detected loader lock ownership: rc=VINF_SUCCESS '\Device\HarddiskVolume2\Windows\System32\shell32.dll'.
268c.2c50: supR3HardenedWinVerifyCacheProcessWvtTodos: 0 (was 0) fWinVerifyTrust=0 for '\Device\HarddiskVolume2\Windows\System32\shell32.dll' [rescheduled]
268c.2c50: Detected loader lock ownership: rc=Unknown Status 24202 (0x5e8a) '\Device\HarddiskVolume2\Program Files\Oracle\VirtualBox\Qt5WidgetsVBox.dll'.
268c.2c50: supR3HardenedWinVerifyCacheProcessWvtTodos: 24202 (was 24202) fWinVerifyTrust=0 for '\Device\HarddiskVolume2\Program Files\Oracle\VirtualBox\Qt5WidgetsVBox.dll' [rescheduled]
268c.2c50: Detected loader lock ownership: rc=VINF_SUCCESS '\Device\HarddiskVolume2\Windows\System32\win32u.dll'.
268c.2c50: supR3HardenedWinVerifyCacheProcessWvtTodos: 0 (was 0) fWinVerifyTrust=0 for '\Device\HarddiskVolume2\Windows\System32\win32u.dll' [rescheduled]
268c.2c50: Detected loader lock ownership: rc=VINF_SUCCESS '\Device\HarddiskVolume2\Windows\System32\gdi32.dll'.
268c.2c50: supR3HardenedWinVerifyCacheProcessWvtTodos: 0 (was 0) fWinVerifyTrust=0 for '\Device\HarddiskVolume2\Windows\System32\gdi32.dll' [rescheduled]
268c.2c50: Detected loader lock ownership: rc=VINF_SUCCESS '\Device\HarddiskVolume2\Windows\System32\user32.dll'.
268c.2c50: supR3HardenedWinVerifyCacheProcessWvtTodos: 0 (was 0) fWinVerifyTrust=0 for '\Device\HarddiskVolume2\Windows\System32\user32.dll' [rescheduled]
268c.2c50: Detected loader lock ownership: rc=VINF_SUCCESS '\Device\HarddiskVolume2\Windows\System32\msvcp_win.dll'.
268c.2c50: supR3HardenedWinVerifyCacheProcessWvtTodos: 0 (was 0) fWinVerifyTrust=0 for '\Device\HarddiskVolume2\Windows\System32\msvcp_win.dll' [rescheduled]
268c.2c50: Detected loader lock ownership: rc=VINF_SUCCESS '\Device\HarddiskVolume2\Windows\System32\combase.dll'.
268c.2c50: supR3HardenedWinVerifyCacheProcessWvtTodos: 0 (was 0) fWinVerifyTrust=0 for '\Device\HarddiskVolume2\Windows\System32\combase.dll' [rescheduled]
268c.2c50: supR3HardenedScreenImage/LdrLoadDll: cache hit (VINF_SUCCESS) on \Device\HarddiskVolume2\Windows\System32\advapi32.dll
268c.2c50: supR3HardenedMonitor_LdrLoadDll: pName=C:\WINDOWS\System32\ADVAPI32.DLL (Input=ADVAPI32.DLL, rcNtResolve=0xc0150008) *pfFlags=0x0 pwszSearchPath=0000000000000001:<flags> [calling]
268c.2c50: supR3HardenedMonitor_LdrLoadDll: returns rcNt=0x0 hMod=00007ff816780000 'C:\WINDOWS\System32\ADVAPI32.DLL'
268c.2c50: Detected loader lock ownership: rc=VINF_SUCCESS '\Device\HarddiskVolume2\Windows\System32\imm32.dll'.
268c.2c50: supR3HardenedWinVerifyCacheProcessWvtTodos: 0 (was 0) fWinVerifyTrust=0 for '\Device\HarddiskVolume2\Windows\System32\imm32.dll' [rescheduled]
268c.2c50: Detected loader lock ownership: rc=VINF_SUCCESS '\Device\HarddiskVolume2\Windows\System32\gdi32full.dll'.
268c.2c50: supR3HardenedWinVerifyCacheProcessWvtTodos: 0 (was 0) fWinVerifyTrust=0 for '\Device\HarddiskVolume2\Windows\System32\gdi32full.dll' [rescheduled]
268c.2c50: Detected loader lock ownership: rc=Unknown Status 22900 (0x5974) '\Device\HarddiskVolume2\Windows\System32\glu32.dll'.
268c.2c50: supR3HardenedWinVerifyCacheProcessWvtTodos: 22900 (was 22900) fWinVerifyTrust=0 for '\Device\HarddiskVolume2\Windows\System32\glu32.dll' [rescheduled]
268c.2c50: Detected loader lock ownership: rc=VINF_SUCCESS '\Device\HarddiskVolume2\Windows\System32\mpr.dll'.
268c.2c50: supR3HardenedWinVerifyCacheProcessWvtTodos: 0 (was 0) fWinVerifyTrust=0 for '\Device\HarddiskVolume2\Windows\System32\mpr.dll' [rescheduled]
268c.2c50: Detected loader lock ownership: rc=VINF_SUCCESS '\Device\HarddiskVolume2\Windows\System32\shell32.dll'.
268c.2c50: supR3HardenedWinVerifyCacheProcessWvtTodos: 0 (was 0) fWinVerifyTrust=0 for '\Device\HarddiskVolume2\Windows\System32\shell32.dll' [rescheduled]
268c.2c50: Detected loader lock ownership: rc=Unknown Status 24202 (0x5e8a) '\Device\HarddiskVolume2\Program Files\Oracle\VirtualBox\Qt5WidgetsVBox.dll'.
268c.2c50: supR3HardenedWinVerifyCacheProcessWvtTodos: 24202 (was 24202) fWinVerifyTrust=0 for '\Device\HarddiskVolume2\Program Files\Oracle\VirtualBox\Qt5WidgetsVBox.dll' [rescheduled]
268c.2c50: Detected loader lock ownership: rc=VINF_SUCCESS '\Device\HarddiskVolume2\Windows\System32\win32u.dll'.
268c.2c50: supR3HardenedWinVerifyCacheProcessWvtTodos: 0 (was 0) fWinVerifyTrust=0 for '\Device\HarddiskVolume2\Windows\System32\win32u.dll' [rescheduled]
268c.2c50: Detected loader lock ownership: rc=VINF_SUCCESS '\Device\HarddiskVolume2\Windows\System32\gdi32.dll'.
268c.2c50: supR3HardenedWinVerifyCacheProcessWvtTodos: 0 (was 0) fWinVerifyTrust=0 for '\Device\HarddiskVolume2\Windows\System32\gdi32.dll' [rescheduled]
268c.2c50: Detected loader lock ownership: rc=VINF_SUCCESS '\Device\HarddiskVolume2\Windows\System32\user32.dll'.
268c.2c50: supR3HardenedWinVerifyCacheProcessWvtTodos: 0 (was 0) fWinVerifyTrust=0 for '\Device\HarddiskVolume2\Windows\System32\user32.dll' [rescheduled]
268c.2c50: Detected loader lock ownership: rc=VINF_SUCCESS '\Device\HarddiskVolume2\Windows\System32\msvcp_win.dll'.
268c.2c50: supR3HardenedWinVerifyCacheProcessWvtTodos: 0 (was 0) fWinVerifyTrust=0 for '\Device\HarddiskVolume2\Windows\System32\msvcp_win.dll' [rescheduled]
268c.2c50: Detected loader lock ownership: rc=VINF_SUCCESS '\Device\HarddiskVolume2\Windows\System32\combase.dll'.
268c.2c50: supR3HardenedWinVerifyCacheProcessWvtTodos: 0 (was 0) fWinVerifyTrust=0 for '\Device\HarddiskVolume2\Windows\System32\combase.dll' [rescheduled]
268c.2c50: supR3HardenedMonitor_LdrLoadDll: returns rcNt=0x0 hMod=00007fffe8360000 'C:\Program Files\Oracle\VirtualBox\VirtualBoxVM.dll'
268c.2c50: supR3HardenedMonitor_LdrLoadDll: returns rcNt=0x0 hMod=00007ff814060000 'C:\WINDOWS\system32\rsaenh.dll'
268c.2c50: supR3HardenedMonitor_LdrLoadDll: returns rcNt=0x0 hMod=00007ff8156a0000 'C:\WINDOWS\System32\crypt32.dll'
268c.2c50: supR3HardenedWinVerifyCacheProcessWvtTodos: 0 (was 0) fWinVerifyTrust=1 for '\Device\HarddiskVolume2\Windows\System32\imm32.dll'
268c.2c50: supR3HardenedMonitor_LdrLoadDll: returns rcNt=0x0 hMod=00007ff814060000 'C:\WINDOWS\system32\rsaenh.dll'
268c.2c50: supR3HardenedMonitor_LdrLoadDll: returns rcNt=0x0 hMod=00007ff8156a0000 'C:\WINDOWS\System32\crypt32.dll'
268c.2c50: supR3HardenedWinVerifyCacheProcessWvtTodos: 0 (was 0) fWinVerifyTrust=1 for '\Device\HarddiskVolume2\Windows\System32\gdi32full.dll'
268c.2c50: supR3HardNtViCallWinVerifyTrustCatFile: hFile=0000000000000514 pwszName=\Device\HarddiskVolume2\Windows\System32\glu32.dll
268c.2c50: supR3HardNtViCallWinVerifyTrustCatFile: Cached context 00000000010bdd10
268c.2c50: supR3HardNtViCallWinVerifyTrustCatFile: hCatAdmin=00000000010bdd10
268c.2c50: supR3HardNtViCallWinVerifyTrustCatFile: cbHash=20 wszDigest=F9BD657A46E4D2B551057409EEF78877E234338B
268c.2c50: supR3HardenedMonitor_LdrLoadDll: returns rcNt=0x0 hMod=00007ff814060000 'C:\WINDOWS\system32\rsaenh.dll'
268c.2c50: supR3HardenedMonitor_LdrLoadDll: returns rcNt=0x0 hMod=00007ff8156a0000 'C:\WINDOWS\System32\crypt32.dll'
268c.2c50: supR3HardNtViCallWinVerifyTrustCatFile: WinVerifyTrust => 0x0; cat='C:\WINDOWS\system32\CatRoot\{F750E6C3-38EE-11D1-85E5-00C04FC295EE}\Microsoft-Windows-Client-Features-Package0312~31bf3856ad364e35~amd64~~10.0.19041.4780.cat'; file='\Device\HarddiskVolume2\Windows\System32\glu32.dll'
268c.2c50: supR3HardNtViCallWinVerifyTrustCatFile -> 0 (org 22900)
268c.2c50: supR3HardenedWinVerifyCacheProcessWvtTodos: 0 (was 22900) fWinVerifyTrust=1 for '\Device\HarddiskVolume2\Windows\System32\glu32.dll'
268c.2c50: supR3HardenedMonitor_LdrLoadDll: returns rcNt=0x0 hMod=00007ff814060000 'C:\WINDOWS\system32\rsaenh.dll'
268c.2c50: supR3HardenedMonitor_LdrLoadDll: returns rcNt=0x0 hMod=00007ff8156a0000 'C:\WINDOWS\System32\crypt32.dll'
268c.2c50: supR3HardenedWinVerifyCacheProcessWvtTodos: 0 (was 0) fWinVerifyTrust=1 for '\Device\HarddiskVolume2\Windows\System32\mpr.dll'
268c.2c50: supR3HardenedMonitor_LdrLoadDll: returns rcNt=0x0 hMod=00007ff814060000 'C:\WINDOWS\system32\rsaenh.dll'
268c.2c50: supR3HardenedMonitor_LdrLoadDll: returns rcNt=0x0 hMod=00007ff8156a0000 'C:\WINDOWS\System32\crypt32.dll'
268c.2c50: supR3HardenedWinVerifyCacheProcessWvtTodos: 0 (was 0) fWinVerifyTrust=1 for '\Device\HarddiskVolume2\Windows\System32\shell32.dll'
268c.2c50: supR3HardenedMonitor_LdrLoadDll: returns rcNt=0x0 hMod=00007ff814060000 'C:\WINDOWS\system32\rsaenh.dll'
268c.2c50: supR3HardenedMonitor_LdrLoadDll: returns rcNt=0x0 hMod=00007ff8156a0000 'C:\WINDOWS\System32\crypt32.dll'
268c.2c50: supR3HardenedWinVerifyCacheProcessWvtTodos: 0 (was 24202) fWinVerifyTrust=1 for '\Device\HarddiskVolume2\Program Files\Oracle\VirtualBox\Qt5WidgetsVBox.dll'
268c.2c50: supR3HardenedMonitor_LdrLoadDll: returns rcNt=0x0 hMod=00007ff814060000 'C:\WINDOWS\system32\rsaenh.dll'
268c.2c50: supR3HardenedMonitor_LdrLoadDll: returns rcNt=0x0 hMod=00007ff8156a0000 'C:\WINDOWS\System32\crypt32.dll'
268c.2c50: supR3HardenedWinVerifyCacheProcessWvtTodos: 0 (was 0) fWinVerifyTrust=1 for '\Device\HarddiskVolume2\Windows\System32\win32u.dll'
268c.2c50: supR3HardenedMonitor_LdrLoadDll: returns rcNt=0x0 hMod=00007ff814060000 'C:\WINDOWS\system32\rsaenh.dll'
268c.2c50: supR3HardenedMonitor_LdrLoadDll: returns rcNt=0x0 hMod=00007ff8156a0000 'C:\WINDOWS\System32\crypt32.dll'
268c.2c50: supR3HardenedWinVerifyCacheProcessWvtTodos: 0 (was 0) fWinVerifyTrust=1 for '\Device\HarddiskVolume2\Windows\System32\gdi32.dll'
268c.2c50: supR3HardenedMonitor_LdrLoadDll: returns rcNt=0x0 hMod=00007ff814060000 'C:\WINDOWS\system32\rsaenh.dll'
268c.2c50: supR3HardenedMonitor_LdrLoadDll: returns rcNt=0x0 hMod=00007ff8156a0000 'C:\WINDOWS\System32\crypt32.dll'
268c.2c50: supR3HardenedWinVerifyCacheProcessWvtTodos: 0 (was 0) fWinVerifyTrust=1 for '\Device\HarddiskVolume2\Windows\System32\user32.dll'
268c.2c50: supR3HardenedMonitor_LdrLoadDll: returns rcNt=0x0 hMod=00007ff814060000 'C:\WINDOWS\system32\rsaenh.dll'
268c.2c50: supR3HardenedMonitor_LdrLoadDll: returns rcNt=0x0 hMod=00007ff8156a0000 'C:\WINDOWS\System32\crypt32.dll'
268c.2c50: supR3HardenedWinVerifyCacheProcessWvtTodos: 0 (was 0) fWinVerifyTrust=1 for '\Device\HarddiskVolume2\Windows\System32\msvcp_win.dll'
268c.2c50: supR3HardenedMonitor_LdrLoadDll: returns rcNt=0x0 hMod=00007ff814060000 'C:\WINDOWS\system32\rsaenh.dll'
268c.2c50: supR3HardenedMonitor_LdrLoadDll: returns rcNt=0x0 hMod=00007ff8156a0000 'C:\WINDOWS\System32\crypt32.dll'
268c.2c50: supR3HardenedWinVerifyCacheProcessWvtTodos: 0 (was 0) fWinVerifyTrust=1 for '\Device\HarddiskVolume2\Windows\System32\combase.dll'
268c.2c50: SUPR3HardenedMain: Calling TrustedMain (00007fffe83616c0)...
268c.2c50: supR3HardenedWinVerifyCacheScheduleImports: Import todo: #31 'combase.dll'.
268c.2c50: supR3HardenedWinVerifyCacheScheduleImports: Import todo: #32 'msvcp_win.dll'.
268c.2c50: supR3HardenedWinVerifyCacheScheduleImports: Import todo: #34 'wldp.dll'.
268c.2c50: supHardenedWinVerifyImageByHandle: -> 0 (\Device\HarddiskVolume2\Windows\System32\windows.storage.dll)
268c.2c50: supR3HardenedWinVerifyCacheInsert: \Device\HarddiskVolume2\Windows\System32\windows.storage.dll
268c.2c50: supR3HardenedWinVerifyCacheScheduleImports: Import todo: #0 'msvcrt.dll'.
268c.2c50: supR3HardenedWinVerifyCacheScheduleImports: Import todo: #26 'oleaut32.dll'.
268c.2c50: supHardenedWinVerifyImageByHandle: -> 0 (\Device\HarddiskVolume2\Windows\System32\wldp.dll)
268c.2c50: supR3HardenedWinVerifyCacheInsert: \Device\HarddiskVolume2\Windows\System32\wldp.dll
268c.2c50: supR3HardenedDllNotificationCallback: load   00007ff8149e0000 LB 0x0002e000 C:\WINDOWS\SYSTEM32\Wldp.dll [fFlags=0x0]
268c.2c50: supR3HardenedScreenImage/LdrLoadDll: cache hit (VINF_SUCCESS) on \Device\HarddiskVolume2\Windows\System32\wldp.dll [avoiding WinVerifyTrust]
268c.2c50: supR3HardenedDllNotificationCallback: load   00007ff813130000 LB 0x0079f000 C:\WINDOWS\SYSTEM32\windows.storage.dll [fFlags=0x0]
268c.2c50: supR3HardenedScreenImage/LdrLoadDll: cache hit (VINF_SUCCESS) on \Device\HarddiskVolume2\Windows\System32\windows.storage.dll [avoiding WinVerifyTrust]
268c.2c50: supR3HardenedDllNotificationCallback: load   00007ff816d60000 LB 0x000ad000 C:\WINDOWS\System32\SHCORE.dll [fFlags=0x0]
268c.2c50: supR3HardenedWinVerifyCacheScheduleImports: Import todo: #0 'msvcrt.dll'.
268c.2c50: supR3HardenedWinVerifyCacheScheduleImports: Import todo: #42 'combase.dll'.
268c.2c50: supHardenedWinVerifyImageByHandle: -> 0 (\Device\HarddiskVolume2\Windows\System32\SHCore.dll)
268c.2c50: supR3HardenedWinVerifyCacheInsert: \Device\HarddiskVolume2\Windows\System32\SHCore.dll
268c.2c50: supR3HardenedDllNotificationCallback: load   00007ff815f00000 LB 0x00055000 C:\WINDOWS\System32\shlwapi.dll [fFlags=0x0]
268c.2c50: supR3HardenedWinVerifyCacheScheduleImports: Import todo: #1 'msvcrt.dll'.
268c.2c50: supHardenedWinVerifyImageByHandle: -> 0 (\Device\HarddiskVolume2\Windows\System32\shlwapi.dll)
268c.2c50: supR3HardenedWinVerifyCacheInsert: \Device\HarddiskVolume2\Windows\System32\shlwapi.dll
268c.2c50: supR3HardenedWinVerifyCacheProcessImportTodos: Processing 'msvcrt.dll'...
268c.2c50: supR3HardenedWinVerifyCacheProcessImportTodos: 'msvcrt.dll' -> '\Device\HarddiskVolume2\Windows\System32\msvcrt.dll' [rcNtRedir=0xc0150008]
268c.2c50: supR3HardenedScreenImage/Imports: cache hit (VINF_SUCCESS) on \Device\HarddiskVolume2\Windows\System32\msvcrt.dll
268c.2c50: supR3HardenedWinVerifyCacheProcessImportTodos: Processing 'combase.dll'...
268c.2c50: supR3HardenedWinVerifyCacheProcessImportTodos: 'combase.dll' -> '\Device\HarddiskVolume2\Windows\System32\combase.dll' [rcNtRedir=0xc0150008]
268c.2c50: supR3HardenedScreenImage/Imports: cache hit (VINF_SUCCESS) on \Device\HarddiskVolume2\Windows\System32\combase.dll
268c.2c50: supR3HardenedWinVerifyCacheProcessImportTodos: Processing 'msvcrt.dll'...
268c.2c50: supR3HardenedWinVerifyCacheProcessImportTodos: 'msvcrt.dll' -> '\Device\HarddiskVolume2\Windows\System32\msvcrt.dll' [rcNtRedir=0xc0150008]
268c.2c50: supR3HardenedWinVerifyCacheProcessImportTodos: Processing 'oleaut32.dll'...
268c.2c50: supR3HardenedWinVerifyCacheProcessImportTodos: 'oleaut32.dll' -> '\Device\HarddiskVolume2\Windows\System32\oleaut32.dll' [rcNtRedir=0xc0150008]
268c.2c50: supR3HardenedScreenImage/Imports: cache hit (VINF_SUCCESS) on \Device\HarddiskVolume2\Windows\System32\oleaut32.dll
268c.2c50: supR3HardenedWinVerifyCacheProcessImportTodos: Processing 'msvcrt.dll'...
268c.2c50: supR3HardenedWinVerifyCacheProcessImportTodos: 'msvcrt.dll' -> '\Device\HarddiskVolume2\Windows\System32\msvcrt.dll' [rcNtRedir=0xc0150008]
268c.2c50: supR3HardenedWinVerifyCacheProcessImportTodos: Processing 'wldp.dll'...
268c.2c50: supR3HardenedWinVerifyCacheProcessImportTodos: 'wldp.dll' -> '\Device\HarddiskVolume2\Windows\System32\wldp.dll' [rcNtRedir=0xc0150008]
268c.2c50: supR3HardenedScreenImage/Imports: cache hit (VINF_SUCCESS) on \Device\HarddiskVolume2\Windows\System32\wldp.dll [lacks WinVerifyTrust]
268c.2c50: supR3HardenedWinVerifyCacheProcessImportTodos: Processing 'msvcp_win.dll'...
268c.2c50: supR3HardenedWinVerifyCacheProcessImportTodos: 'msvcp_win.dll' -> '\Device\HarddiskVolume2\Windows\System32\msvcp_win.dll' [rcNtRedir=0xc0150008]
268c.2c50: supR3HardenedScreenImage/Imports: cache hit (VINF_SUCCESS) on \Device\HarddiskVolume2\Windows\System32\msvcp_win.dll
268c.2c50: supR3HardenedWinVerifyCacheProcessImportTodos: Processing 'combase.dll'...
268c.2c50: supR3HardenedWinVerifyCacheProcessImportTodos: 'combase.dll' -> '\Device\HarddiskVolume2\Windows\System32\combase.dll' [rcNtRedir=0xc0150008]
268c.2c50: supR3HardenedScreenImage/Imports: cache hit (VINF_SUCCESS) on \Device\HarddiskVolume2\Windows\System32\combase.dll
268c.2c50: supR3HardenedMonitor_LdrLoadDll: returns rcNt=0x0 hMod=00007ff814060000 'C:\WINDOWS\system32\rsaenh.dll'
268c.2c50: supR3HardenedMonitor_LdrLoadDll: returns rcNt=0x0 hMod=00007ff8156a0000 'C:\WINDOWS\System32\crypt32.dll'
268c.2c50: supR3HardenedWinVerifyCacheProcessWvtTodos: 0 (was 0) fWinVerifyTrust=1 for '\Device\HarddiskVolume2\Windows\System32\shlwapi.dll'
268c.2c50: supR3HardenedMonitor_LdrLoadDll: returns rcNt=0x0 hMod=00007ff814060000 'C:\WINDOWS\system32\rsaenh.dll'
268c.2c50: supR3HardenedMonitor_LdrLoadDll: returns rcNt=0x0 hMod=00007ff8156a0000 'C:\WINDOWS\System32\crypt32.dll'
268c.2c50: supR3HardenedWinVerifyCacheProcessWvtTodos: 0 (was 0) fWinVerifyTrust=1 for '\Device\HarddiskVolume2\Windows\System32\SHCore.dll'
268c.2c50: supR3HardenedMonitor_LdrLoadDll: returns rcNt=0x0 hMod=00007ff814060000 'C:\WINDOWS\system32\rsaenh.dll'
268c.2c50: supR3HardenedMonitor_LdrLoadDll: returns rcNt=0x0 hMod=00007ff8156a0000 'C:\WINDOWS\System32\crypt32.dll'
268c.2c50: supR3HardenedWinVerifyCacheProcessWvtTodos: 0 (was 0) fWinVerifyTrust=1 for '\Device\HarddiskVolume2\Windows\System32\wldp.dll'
268c.2c50: supR3HardenedMonitor_LdrLoadDll: returns rcNt=0x0 hMod=00007ff814060000 'C:\WINDOWS\system32\rsaenh.dll'
268c.2c50: supR3HardenedMonitor_LdrLoadDll: returns rcNt=0x0 hMod=00007ff8156a0000 'C:\WINDOWS\System32\crypt32.dll'
268c.2c50: supR3HardenedWinVerifyCacheProcessWvtTodos: 0 (was 0) fWinVerifyTrust=1 for '\Device\HarddiskVolume2\Windows\System32\windows.storage.dll'
268c.2c50: \Device\HarddiskVolume2\Program Files\Oracle\VirtualBox\platforms\qwindows.dll: Signature #1/2: info status: 24202
268c.2c50: supR3HardenedMonitor_LdrLoadDll: returns rcNt=0x0 hMod=00007ff814060000 'C:\WINDOWS\system32\rsaenh.dll'
268c.2c50: supR3HardenedMonitor_LdrLoadDll: returns rcNt=0x0 hMod=00007ff8156a0000 'C:\WINDOWS\System32\crypt32.dll'
268c.2c50: supR3HardenedWinVerifyCacheScheduleImports: Import todo: #0 'gdi32.dll'.
268c.2c50: supR3HardenedWinVerifyCacheScheduleImports: Import todo: #1 'ole32.dll'.
268c.2c50: supR3HardenedWinVerifyCacheScheduleImports: Import todo: #2 'user32.dll'.
268c.2c50: supR3HardenedWinVerifyCacheScheduleImports: Import todo: #3 'imm32.dll'.
268c.2c50: supR3HardenedWinVerifyCacheScheduleImports: Import todo: #4 'winmm.dll'.
268c.2c50: supR3HardenedWinVerifyCacheScheduleImports: Import todo: #5 'oleaut32.dll'.
268c.2c50: supR3HardenedWinVerifyCacheScheduleImports: Import todo: #6 'shell32.dll'.
268c.2c50: supR3HardenedWinVerifyCacheScheduleImports: Import todo: #7 'advapi32.dll'.
268c.2c50: supR3HardenedWinVerifyCacheScheduleImports: Import todo: #8 'qt5guivbox.dll'.
268c.2c50: supR3HardenedWinVerifyCacheScheduleImports: Import todo: #9 'qt5corevbox.dll'.
268c.2c50: supR3HardenedWinVerifyCacheScheduleImports: Import todo: #10 'msvcr100.dll'.
268c.2c50: supHardenedWinVerifyImageByHandle: -> 0 (\Device\HarddiskVolume2\Program Files\Oracle\VirtualBox\platforms\qwindows.dll) WinVerifyTrust
268c.2c50: supR3HardenedWinVerifyCacheInsert: \Device\HarddiskVolume2\Program Files\Oracle\VirtualBox\platforms\qwindows.dll
268c.2c50: supR3HardenedWinVerifyCacheProcessImportTodos: Processing 'msvcr100.dll'...
268c.2c50: supR3HardenedWinVerifyCacheProcessImportTodos: 'msvcr100.dll' -> '\Device\HarddiskVolume2\Program Files\Oracle\VirtualBox\msvcr100.dll' [rcNtRedir=0xc0150008]
268c.2c50: supR3HardenedWinVerifyCacheProcessImportTodos: Processing 'qt5corevbox.dll'...
268c.2c50: supR3HardenedWinVerifyCacheProcessImportTodos: 'qt5corevbox.dll' -> '\Device\HarddiskVolume2\Program Files\Oracle\VirtualBox\qt5corevbox.dll' [rcNtRedir=0xc0150008]
268c.2c50: supR3HardenedScreenImage/Imports: cache hit (VINF_SUCCESS) on \Device\HarddiskVolume2\Program Files\Oracle\VirtualBox\Qt5CoreVBox.dll
268c.2c50: supR3HardenedWinVerifyCacheProcessImportTodos: Processing 'qt5guivbox.dll'...
268c.2c50: supR3HardenedWinVerifyCacheProcessImportTodos: 'qt5guivbox.dll' -> '\Device\HarddiskVolume2\Program Files\Oracle\VirtualBox\qt5guivbox.dll' [rcNtRedir=0xc0150008]
268c.2c50: supR3HardenedScreenImage/Imports: cache hit (VINF_SUCCESS) on \Device\HarddiskVolume2\Program Files\Oracle\VirtualBox\Qt5GuiVBox.dll
268c.2c50: supR3HardenedWinVerifyCacheProcessImportTodos: Processing 'advapi32.dll'...
268c.2c50: supR3HardenedWinVerifyCacheProcessImportTodos: 'advapi32.dll' -> '\Device\HarddiskVolume2\Windows\System32\advapi32.dll' [rcNtRedir=0xc0150008]
268c.2c50: supR3HardenedScreenImage/Imports: cache hit (VINF_SUCCESS) on \Device\HarddiskVolume2\Windows\System32\advapi32.dll
268c.2c50: supR3HardenedWinVerifyCacheProcessImportTodos: Processing 'shell32.dll'...
268c.2c50: supR3HardenedWinVerifyCacheProcessImportTodos: 'shell32.dll' -> '\Device\HarddiskVolume2\Windows\System32\shell32.dll' [rcNtRedir=0xc0150008]
268c.2c50: supR3HardenedScreenImage/Imports: cache hit (VINF_SUCCESS) on \Device\HarddiskVolume2\Windows\System32\shell32.dll
268c.2c50: supR3HardenedWinVerifyCacheProcessImportTodos: Processing 'oleaut32.dll'...
268c.2c50: supR3HardenedWinVerifyCacheProcessImportTodos: 'oleaut32.dll' -> '\Device\HarddiskVolume2\Windows\System32\oleaut32.dll' [rcNtRedir=0xc0150008]
268c.2c50: supR3HardenedScreenImage/Imports: cache hit (VINF_SUCCESS) on \Device\HarddiskVolume2\Windows\System32\oleaut32.dll
268c.2c50: supR3HardenedWinVerifyCacheProcessImportTodos: Processing 'winmm.dll'...
268c.2c50: supR3HardenedWinVerifyCacheProcessImportTodos: 'winmm.dll' -> '\Device\HarddiskVolume2\Windows\System32\winmm.dll' [rcNtRedir=0xc0150008]
268c.2c50: supR3HardenedScreenImage/Imports: cache hit (VINF_SUCCESS) on \Device\HarddiskVolume2\Windows\System32\winmm.dll
268c.2c50: supR3HardenedWinVerifyCacheProcessImportTodos: Processing 'imm32.dll'...
268c.2c50: supR3HardenedWinVerifyCacheProcessImportTodos: 'imm32.dll' -> '\Device\HarddiskVolume2\Windows\System32\imm32.dll' [rcNtRedir=0xc0150008]
268c.2c50: supR3HardenedScreenImage/Imports: cache hit (VINF_SUCCESS) on \Device\HarddiskVolume2\Windows\System32\imm32.dll
268c.2c50: supR3HardenedWinVerifyCacheProcessImportTodos: Processing 'user32.dll'...
268c.2c50: supR3HardenedWinVerifyCacheProcessImportTodos: 'user32.dll' -> '\Device\HarddiskVolume2\Windows\System32\user32.dll' [rcNtRedir=0xc0150008]
268c.2c50: supR3HardenedWinVerifyCacheProcessImportTodos: Processing 'ole32.dll'...
268c.2c50: supR3HardenedWinVerifyCacheProcessImportTodos: 'ole32.dll' -> '\Device\HarddiskVolume2\Windows\System32\ole32.dll' [rcNtRedir=0xc0150008]
268c.2c50: supR3HardenedScreenImage/Imports: cache hit (VINF_SUCCESS) on \Device\HarddiskVolume2\Windows\System32\ole32.dll
268c.2c50: supR3HardenedWinVerifyCacheProcessImportTodos: Processing 'gdi32.dll'...
268c.2c50: supR3HardenedWinVerifyCacheProcessImportTodos: 'gdi32.dll' -> '\Device\HarddiskVolume2\Windows\System32\gdi32.dll' [rcNtRedir=0xc0150008]
268c.2c50: supR3HardenedMonitor_LdrLoadDll: pName=C:\Program Files\Oracle\VirtualBox\platforms\qwindows.dll (rcNtResolve=0xc0150008) *pfFlags=0x0 pwszSearchPath=0000000000000001:<flags> [calling]
268c.2c50: supR3HardenedScreenImage/NtCreateSection: cache hit (VINF_SUCCESS) on \Device\HarddiskVolume2\Program Files\Oracle\VirtualBox\platforms\qwindows.dll
268c.2c50: supR3HardenedDllNotificationCallback: load   00007fffecaa0000 LB 0x0012e000 C:\Program Files\Oracle\VirtualBox\platforms\qwindows.dll [fFlags=0x0]
268c.2c50: supR3HardenedScreenImage/LdrLoadDll: cache hit (VINF_SUCCESS) on \Device\HarddiskVolume2\Program Files\Oracle\VirtualBox\platforms\qwindows.dll
268c.2c50: supR3HardenedMonitor_LdrLoadDll: returns rcNt=0x0 hMod=00007fffecaa0000 'C:\Program Files\Oracle\VirtualBox\platforms\qwindows.dll'
268c.2c50: supR3HardenedWinVerifyCacheScheduleImports: Import todo: #7 'msvcrt.dll'.
268c.2c50: supR3HardenedWinVerifyCacheScheduleImports: Import todo: #8 'rpcrt4.dll'.
268c.2c50: supHardenedWinVerifyImageByHandle: -> 0 (\Device\HarddiskVolume2\Windows\System32\kernel.appcore.dll)
268c.2c50: supR3HardenedWinVerifyCacheInsert: \Device\HarddiskVolume2\Windows\System32\kernel.appcore.dll
268c.2c50: supR3HardenedDllNotificationCallback: load   00007ff812f30000 LB 0x00012000 C:\WINDOWS\SYSTEM32\kernel.appcore.dll [fFlags=0x0]
268c.2c50: supR3HardenedScreenImage/LdrLoadDll: cache hit (VINF_SUCCESS) on \Device\HarddiskVolume2\Windows\System32\kernel.appcore.dll [avoiding WinVerifyTrust]
268c.2c50: supR3HardenedWinVerifyCacheProcessImportTodos: Processing 'rpcrt4.dll'...
268c.2c50: supR3HardenedWinVerifyCacheProcessImportTodos: 'rpcrt4.dll' -> '\Device\HarddiskVolume2\Windows\System32\rpcrt4.dll' [rcNtRedir=0xc0150008]
268c.2c50: supR3HardenedWinVerifyCacheProcessImportTodos: Processing 'msvcrt.dll'...
268c.2c50: supR3HardenedWinVerifyCacheProcessImportTodos: 'msvcrt.dll' -> '\Device\HarddiskVolume2\Windows\System32\msvcrt.dll' [rcNtRedir=0xc0150008]
268c.2c50: supR3HardenedMonitor_LdrLoadDll: returns rcNt=0x0 hMod=00007ff814060000 'C:\WINDOWS\system32\rsaenh.dll'
268c.2c50: supR3HardenedScreenImage/LdrLoadDll: cache hit (VINF_SUCCESS) on \Device\HarddiskVolume2\Windows\System32\crypt32.dll
268c.2c50: supR3HardenedMonitor_LdrLoadDll: pName=C:\WINDOWS\System32\crypt32.dll (Input=crypt32.dll, rcNtResolve=0xc0150008) *pfFlags=0x0 pwszSearchPath=0000000000000001:<flags> [calling]
268c.2c50: supR3HardenedMonitor_LdrLoadDll: returns rcNt=0x0 hMod=00007ff8156a0000 'C:\WINDOWS\System32\crypt32.dll'
268c.2c50: supR3HardenedWinVerifyCacheProcessWvtTodos: 0 (was 0) fWinVerifyTrust=1 for '\Device\HarddiskVolume2\Windows\System32\kernel.appcore.dll'
268c.2c50: supR3HardNtViCallWinVerifyTrustCatFile: hFile=0000000000000670 pwszName=\Device\HarddiskVolume2\Windows\System32\uxtheme.dll
268c.2c50: supR3HardNtViCallWinVerifyTrustCatFile: Cached context 00000000010bdd10
268c.2c50: supR3HardNtViCallWinVerifyTrustCatFile: hCatAdmin=00000000010bdd10
268c.2c50: supR3HardNtViCallWinVerifyTrustCatFile: cbHash=20 wszDigest=46F560EC7E69F2E5DFFEE7B57FD651A828BC50C7
268c.2c50: supR3HardenedMonitor_LdrLoadDll: returns rcNt=0x0 hMod=00007ff814060000 'C:\WINDOWS\system32\rsaenh.dll'
268c.2c50: supR3HardenedMonitor_LdrLoadDll: returns rcNt=0x0 hMod=00007ff8156a0000 'C:\WINDOWS\System32\crypt32.dll'
268c.2c50: supR3HardNtViCallWinVerifyTrustCatFile: WinVerifyTrust => 0x0; cat='C:\WINDOWS\system32\CatRoot\{F750E6C3-38EE-11D1-85E5-00C04FC295EE}\Microsoft-Windows-Client-Desktop-Required-Package05113~31bf3856ad364e35~amd64~~10.0.19041.4780.cat'; file='\Device\HarddiskVolume2\Windows\System32\uxtheme.dll'
268c.2c50: supR3HardNtViCallWinVerifyTrustCatFile -> 0 (org 22900)
268c.2c50: supR3HardenedWinVerifyCacheScheduleImports: Import todo: #0 'msvcrt.dll'.
268c.2c50: supR3HardenedWinVerifyCacheScheduleImports: Import todo: #33 'gdi32.dll'.
268c.2c50: supR3HardenedWinVerifyCacheScheduleImports: Import todo: #34 'user32.dll'.
268c.2c50: supHardenedWinVerifyImageByHandle: -> 0 (\Device\HarddiskVolume2\Windows\System32\uxtheme.dll) WinVerifyTrust
268c.2c50: supR3HardenedWinVerifyCacheInsert: \Device\HarddiskVolume2\Windows\System32\uxtheme.dll
268c.2c50: supR3HardenedWinVerifyCacheProcessImportTodos: Processing 'user32.dll'...
268c.2c50: supR3HardenedWinVerifyCacheProcessImportTodos: 'user32.dll' -> '\Device\HarddiskVolume2\Windows\System32\user32.dll' [rcNtRedir=0xc0150008]
268c.2c50: supR3HardenedWinVerifyCacheProcessImportTodos: Processing 'gdi32.dll'...
268c.2c50: supR3HardenedWinVerifyCacheProcessImportTodos: 'gdi32.dll' -> '\Device\HarddiskVolume2\Windows\System32\gdi32.dll' [rcNtRedir=0xc0150008]
268c.2c50: supR3HardenedWinVerifyCacheProcessImportTodos: Processing 'msvcrt.dll'...
268c.2c50: supR3HardenedWinVerifyCacheProcessImportTodos: 'msvcrt.dll' -> '\Device\HarddiskVolume2\Windows\System32\msvcrt.dll' [rcNtRedir=0xc0150008]
268c.2c50: supR3HardenedMonitor_LdrLoadDll: pName=C:\WINDOWS\system32\uxtheme.dll (rcNtResolve=0xc0150008) *pfFlags=0x0 pwszSearchPath=0000000000000009:<flags> [calling]
268c.2c50: supR3HardenedScreenImage/NtCreateSection: cache hit (VINF_SUCCESS) on \Device\HarddiskVolume2\Windows\System32\uxtheme.dll
268c.2c50: supR3HardenedDllNotificationCallback: load   00007ff812a40000 LB 0x0009e000 C:\WINDOWS\system32\uxtheme.dll [fFlags=0x0]
268c.2c50: supR3HardenedScreenImage/LdrLoadDll: cache hit (VINF_SUCCESS) on \Device\HarddiskVolume2\Windows\System32\uxtheme.dll
268c.2c50: supR3HardenedMonitor_LdrLoadDll: returns rcNt=0x0 hMod=00007ff812a40000 'C:\WINDOWS\system32\uxtheme.dll'
268c.2c50: supR3HardenedMonitor_LdrLoadDll: returns rcNt=0x0 hMod=00007ff8169a0000 'C:\WINDOWS\system32\user32.dll'
268c.2c50: supR3HardenedScreenImage/LdrLoadDll: cache hit (VINF_SUCCESS) on \Device\HarddiskVolume2\Windows\System32\shell32.dll
268c.2c50: supR3HardenedMonitor_LdrLoadDll: pName=C:\WINDOWS\system32\shell32.dll (rcNtResolve=0xc0150008) *pfFlags=0x0 pwszSearchPath=0000000000000001:<flags> [calling]
268c.2c50: supR3HardenedMonitor_LdrLoadDll: returns rcNt=0x0 hMod=00007ff816010000 'C:\WINDOWS\system32\shell32.dll'
268c.2c50: supR3HardenedScreenImage/LdrLoadDll: cache hit (VINF_SUCCESS) on \Device\HarddiskVolume2\Windows\System32\SHCore.dll
268c.2c50: supR3HardenedMonitor_LdrLoadDll: pName=C:\WINDOWS\system32\SHCore.dll (rcNtResolve=0xc0150008) *pfFlags=0x0 pwszSearchPath=0000000000000001:<flags> [calling]
268c.2c50: supR3HardenedMonitor_LdrLoadDll: returns rcNt=0x0 hMod=00007ff816d60000 'C:\WINDOWS\system32\SHCore.dll'
268c.2c50: supR3HardenedMonitor_LdrLoadDll: error opening 'C:\WINDOWS\system32\wintab32.dll': 0 (NtPath=\??\C:\WINDOWS\system32\wintab32.dll; Input=C:\WINDOWS\system32\wintab32.dll; rcNtGetDll=0x0
268c.2c50: supR3HardenedMonitor_LdrLoadDll: returns rcNt=0xc0000034 'C:\WINDOWS\system32\wintab32.dll'
268c.2c50: supR3HardenedScreenImage/LdrLoadDll: cache hit (VINF_SUCCESS) on \Device\HarddiskVolume2\Windows\System32\winmm.dll
268c.2c50: supR3HardenedMonitor_LdrLoadDll: pName=C:\WINDOWS\system32\winmm.dll (rcNtResolve=0xc0150008) *pfFlags=0x0 pwszSearchPath=0000000000000001:<flags> [calling]
268c.2c50: supR3HardenedMonitor_LdrLoadDll: returns rcNt=0x0 hMod=00007ff801e40000 'C:\WINDOWS\system32\winmm.dll'
268c.2c50: supR3HardenedScreenImage/LdrLoadDll: cache hit (VINF_SUCCESS) on \Device\HarddiskVolume2\Windows\System32\winmm.dll
268c.2c50: supR3HardenedMonitor_LdrLoadDll: pName=C:\WINDOWS\system32\winmm.dll (rcNtResolve=0xc0150008) *pfFlags=0x0 pwszSearchPath=0000000000000001:<flags> [calling]
268c.2c50: supR3HardenedMonitor_LdrLoadDll: returns rcNt=0x0 hMod=00007ff801e40000 'C:\WINDOWS\system32\winmm.dll'
268c.2c50: supR3HardenedScreenImage/LdrLoadDll: cache hit (VINF_SUCCESS) on \Device\HarddiskVolume2\Windows\System32\shell32.dll
268c.2c50: supR3HardenedMonitor_LdrLoadDll: pName=C:\WINDOWS\system32\shell32.dll (rcNtResolve=0xc0150008) *pfFlags=0x0 pwszSearchPath=0000000000000001:<flags> [calling]
268c.2c50: supR3HardenedMonitor_LdrLoadDll: returns rcNt=0x0 hMod=00007ff816010000 'C:\WINDOWS\system32\shell32.dll'
268c.2c50: supR3HardenedScreenImage/LdrLoadDll: cache hit (VINF_SUCCESS) on \Device\HarddiskVolume2\Windows\System32\uxtheme.dll
268c.2c50: supR3HardenedMonitor_LdrLoadDll: pName=C:\WINDOWS\system32\uxtheme.dll (rcNtResolve=0xc0150008) *pfFlags=0x0 pwszSearchPath=0000000000000001:<flags> [calling]
268c.2c50: supR3HardenedMonitor_LdrLoadDll: returns rcNt=0x0 hMod=00007ff812a40000 'C:\WINDOWS\system32\uxtheme.dll'
268c.2c50: supR3HardenedScreenImage/LdrLoadDll: cache hit (VINF_SUCCESS) on \Device\HarddiskVolume2\Windows\System32\advapi32.dll
268c.2c50: supR3HardenedMonitor_LdrLoadDll: pName=C:\WINDOWS\system32\advapi32.dll (rcNtResolve=0xc0150008) *pfFlags=0x0 pwszSearchPath=0000000000000001:<flags> [calling]
268c.2c50: supR3HardenedMonitor_LdrLoadDll: returns rcNt=0x0 hMod=00007ff816780000 'C:\WINDOWS\system32\advapi32.dll'
268c.2c50: supR3HardenedMonitor_LdrLoadDll: returns rcNt=0x0 hMod=00007ff814060000 'C:\WINDOWS\system32\rsaenh.dll'
268c.2c50: supR3HardenedMonitor_LdrLoadDll: returns rcNt=0x0 hMod=00007ff8156a0000 'C:\WINDOWS\System32\crypt32.dll'
268c.2c50: supR3HardenedWinVerifyCacheScheduleImports: Import todo: #17 'rpcrt4.dll'.
268c.2c50: supHardenedWinVerifyImageByHandle: -> 0 (\Device\HarddiskVolume2\Windows\System32\userenv.dll) WinVerifyTrust
268c.2c50: supR3HardenedWinVerifyCacheInsert: \Device\HarddiskVolume2\Windows\System32\userenv.dll
268c.2c50: supR3HardenedWinVerifyCacheProcessImportTodos: Processing 'rpcrt4.dll'...
268c.2c50: supR3HardenedWinVerifyCacheProcessImportTodos: 'rpcrt4.dll' -> '\Device\HarddiskVolume2\Windows\System32\rpcrt4.dll' [rcNtRedir=0xc0150008]
268c.2c50: supR3HardenedMonitor_LdrLoadDll: pName=C:\WINDOWS\system32\userenv.dll (rcNtResolve=0xc0150008) *pfFlags=0x0 pwszSearchPath=0000000000000001:<flags> [calling]
268c.2c50: supR3HardenedScreenImage/NtCreateSection: cache hit (VINF_SUCCESS) on \Device\HarddiskVolume2\Windows\System32\userenv.dll
268c.2c50: supR3HardenedDllNotificationCallback: load   00007ff814f30000 LB 0x0002e000 C:\WINDOWS\system32\userenv.dll [fFlags=0x0]
268c.2c50: supR3HardenedScreenImage/LdrLoadDll: cache hit (VINF_SUCCESS) on \Device\HarddiskVolume2\Windows\System32\userenv.dll
268c.2c50: supR3HardenedMonitor_LdrLoadDll: returns rcNt=0x0 hMod=00007ff814f30000 'C:\WINDOWS\system32\userenv.dll'
268c.2c50: supR3HardenedScreenImage/LdrLoadDll: cache hit (VINF_SUCCESS) on \Device\HarddiskVolume2\Windows\System32\kernel32.dll
268c.2c50: supR3HardenedMonitor_LdrLoadDll: pName=C:\WINDOWS\System32\kernel32.dll (Input=kernel32, rcNtResolve=0xc0150008) *pfFlags=0x0 pwszSearchPath=0000000000000001:<flags> [calling]
268c.2c50: supR3HardenedMonitor_LdrLoadDll: returns rcNt=0x0 hMod=00007ff816e10000 'C:\WINDOWS\System32\kernel32.dll'
268c.2c50: supR3HardenedDllNotificationCallback: load   00007ff817410000 LB 0x000a9000 C:\WINDOWS\System32\clbcatq.dll [fFlags=0x0]
268c.2c50: supR3HardenedWinVerifyCacheScheduleImports: Import todo: #0 'msvcrt.dll'.
268c.2c50: supR3HardenedWinVerifyCacheScheduleImports: Import todo: #30 'rpcrt4.dll'.
268c.2c50: supHardenedWinVerifyImageByHandle: -> 0 (\Device\HarddiskVolume2\Windows\System32\clbcatq.dll)
268c.2c50: supR3HardenedWinVerifyCacheInsert: \Device\HarddiskVolume2\Windows\System32\clbcatq.dll
268c.2e68: supR3HardenedScreenImage/LdrLoadDll: cache hit (VINF_SUCCESS) on \Device\HarddiskVolume2\Windows\System32\rsaenh.dll
268c.2e68: supR3HardenedWinVerifyCacheProcessImportTodos: Processing 'rpcrt4.dll'...
268c.2e68: supR3HardenedWinVerifyCacheProcessImportTodos: 'rpcrt4.dll' -> '\Device\HarddiskVolume2\Windows\System32\rpcrt4.dll' [rcNtRedir=0xc0150008]
268c.2e68: supR3HardenedWinVerifyCacheProcessImportTodos: Processing 'msvcrt.dll'...
268c.2e68: supR3HardenedWinVerifyCacheProcessImportTodos: 'msvcrt.dll' -> '\Device\HarddiskVolume2\Windows\System32\msvcrt.dll' [rcNtRedir=0xc0150008]
268c.2e68: supR3HardenedMonitor_LdrLoadDll: pName=C:\WINDOWS\system32\rsaenh.dll (rcNtResolve=0xc0150008) *pfFlags=0x0 pwszSearchPath=0000000000000001:<flags> [calling]
268c.2e68: supR3HardenedMonitor_LdrLoadDll: returns rcNt=0x0 hMod=00007ff814060000 'C:\WINDOWS\system32\rsaenh.dll'
268c.2e68: supR3HardenedMonitor_LdrLoadDll: returns rcNt=0x0 hMod=00007ff8156a0000 'C:\WINDOWS\System32\crypt32.dll'
268c.2e68: supR3HardenedWinVerifyCacheProcessWvtTodos: 0 (was 0) fWinVerifyTrust=1 for '\Device\HarddiskVolume2\Windows\System32\clbcatq.dll'
268c.2e68: \Device\HarddiskVolume2\Program Files\Oracle\VirtualBox\VBoxC.dll: Signature #1/2: info status: 24202
268c.2e68: supR3HardenedMonitor_LdrLoadDll: returns rcNt=0x0 hMod=00007ff814060000 'C:\WINDOWS\system32\rsaenh.dll'
268c.2e68: supR3HardenedMonitor_LdrLoadDll: returns rcNt=0x0 hMod=00007ff8156a0000 'C:\WINDOWS\System32\crypt32.dll'
268c.2e68: supR3HardenedWinVerifyCacheScheduleImports: Import todo: #0 'msvcr100.dll'.
268c.2e68: supR3HardenedWinVerifyCacheScheduleImports: Import todo: #1 'msvcp100.dll'.
268c.2e68: supR3HardenedWinVerifyCacheScheduleImports: Import todo: #2 'vboxrt.dll'.
268c.2e68: supR3HardenedWinVerifyCacheScheduleImports: Import todo: #4 'advapi32.dll'.
268c.2e68: supR3HardenedWinVerifyCacheScheduleImports: Import todo: #5 'ole32.dll'.
268c.2e68: supR3HardenedWinVerifyCacheScheduleImports: Import todo: #6 'oleaut32.dll'.
268c.2e68: supHardenedWinVerifyImageByHandle: -> 0 (\Device\HarddiskVolume2\Program Files\Oracle\VirtualBox\VBoxC.dll) WinVerifyTrust
268c.2e68: supR3HardenedWinVerifyCacheInsert: \Device\HarddiskVolume2\Program Files\Oracle\VirtualBox\VBoxC.dll
268c.2e68: supR3HardenedWinVerifyCacheProcessImportTodos: Processing 'oleaut32.dll'...
268c.2e68: supR3HardenedWinVerifyCacheProcessImportTodos: 'oleaut32.dll' -> '\Device\HarddiskVolume2\Windows\System32\oleaut32.dll' [rcNtRedir=0xc0150008]
268c.2e68: supR3HardenedScreenImage/Imports: cache hit (VINF_SUCCESS) on \Device\HarddiskVolume2\Windows\System32\oleaut32.dll
268c.2e68: supR3HardenedWinVerifyCacheProcessImportTodos: Processing 'ole32.dll'...
268c.2e68: supR3HardenedWinVerifyCacheProcessImportTodos: 'ole32.dll' -> '\Device\HarddiskVolume2\Windows\System32\ole32.dll' [rcNtRedir=0xc0150008]
268c.2e68: supR3HardenedScreenImage/Imports: cache hit (VINF_SUCCESS) on \Device\HarddiskVolume2\Windows\System32\ole32.dll
268c.2e68: supR3HardenedWinVerifyCacheProcessImportTodos: Processing 'advapi32.dll'...
268c.2e68: supR3HardenedWinVerifyCacheProcessImportTodos: 'advapi32.dll' -> '\Device\HarddiskVolume2\Windows\System32\advapi32.dll' [rcNtRedir=0xc0150008]
268c.2e68: supR3HardenedScreenImage/Imports: cache hit (VINF_SUCCESS) on \Device\HarddiskVolume2\Windows\System32\advapi32.dll
268c.2e68: supR3HardenedWinVerifyCacheProcessImportTodos: Processing 'vboxrt.dll'...
268c.2e68: supR3HardenedWinVerifyCacheProcessImportTodos: 'vboxrt.dll' -> '\Device\HarddiskVolume2\Program Files\Oracle\VirtualBox\vboxrt.dll' [rcNtRedir=0xc0150008]
268c.2e68: supR3HardenedWinVerifyCacheProcessImportTodos: Processing 'msvcp100.dll'...
268c.2e68: supR3HardenedWinVerifyCacheProcessImportTodos: 'msvcp100.dll' -> '\Device\HarddiskVolume2\Program Files\Oracle\VirtualBox\msvcp100.dll' [rcNtRedir=0xc0150008]
268c.2e68: supR3HardenedScreenImage/Imports: cache hit (VINF_SUCCESS) on \Device\HarddiskVolume2\Program Files\Oracle\VirtualBox\msvcp100.dll
268c.2e68: supR3HardenedWinVerifyCacheProcessImportTodos: Processing 'msvcr100.dll'...
268c.2e68: supR3HardenedWinVerifyCacheProcessImportTodos: 'msvcr100.dll' -> '\Device\HarddiskVolume2\Program Files\Oracle\VirtualBox\msvcr100.dll' [rcNtRedir=0xc0150008]
268c.2e68: supR3HardenedMonitor_LdrLoadDll: pName=C:\Program Files\Oracle\VirtualBox\VBoxC.dll (rcNtResolve=0xc0150008) *pfFlags=0x0 pwszSearchPath=0000000000002009:<flags> [calling]
268c.2e68: supR3HardenedScreenImage/NtCreateSection: cache hit (VINF_SUCCESS) on \Device\HarddiskVolume2\Program Files\Oracle\VirtualBox\VBoxC.dll
268c.2e68: supR3HardenedDllNotificationCallback: load   00007fffe03d0000 LB 0x003c2000 C:\Program Files\Oracle\VirtualBox\VBoxC.dll [fFlags=0x0]
268c.2e68: supR3HardenedScreenImage/LdrLoadDll: cache hit (VINF_SUCCESS) on \Device\HarddiskVolume2\Program Files\Oracle\VirtualBox\VBoxC.dll
268c.2e68: supR3HardenedMonitor_LdrLoadDll: returns rcNt=0x0 hMod=00007fffe03d0000 'C:\Program Files\Oracle\VirtualBox\VBoxC.dll'
268c.2e68: \Device\HarddiskVolume2\Program Files\Oracle\VirtualBox\VBoxProxyStub.dll: Signature #1/2: info status: 24202
268c.2e68: supR3HardenedMonitor_LdrLoadDll: returns rcNt=0x0 hMod=00007ff814060000 'C:\WINDOWS\system32\rsaenh.dll'
268c.2e68: supR3HardenedMonitor_LdrLoadDll: returns rcNt=0x0 hMod=00007ff8156a0000 'C:\WINDOWS\System32\crypt32.dll'
268c.2e68: supR3HardenedWinVerifyCacheScheduleImports: Import todo: #0 'msvcr100.dll'.
268c.2e68: supR3HardenedWinVerifyCacheScheduleImports: Import todo: #1 'vboxrt.dll'.
268c.2e68: supR3HardenedWinVerifyCacheScheduleImports: Import todo: #3 'advapi32.dll'.
268c.2e68: supR3HardenedWinVerifyCacheScheduleImports: Import todo: #4 'shlwapi.dll'.
268c.2e68: supR3HardenedWinVerifyCacheScheduleImports: Import todo: #5 'ole32.dll'.
268c.2e68: supR3HardenedWinVerifyCacheScheduleImports: Import todo: #6 'oleaut32.dll'.
268c.2e68: supR3HardenedWinVerifyCacheScheduleImports: Import todo: #7 'rpcrt4.dll'.
268c.2e68: supHardenedWinVerifyImageByHandle: -> 0 (\Device\HarddiskVolume2\Program Files\Oracle\VirtualBox\VBoxProxyStub.dll) WinVerifyTrust
268c.2e68: supR3HardenedWinVerifyCacheInsert: \Device\HarddiskVolume2\Program Files\Oracle\VirtualBox\VBoxProxyStub.dll
268c.2e68: supR3HardenedWinVerifyCacheProcessImportTodos: Processing 'rpcrt4.dll'...
268c.2e68: supR3HardenedWinVerifyCacheProcessImportTodos: 'rpcrt4.dll' -> '\Device\HarddiskVolume2\Windows\System32\rpcrt4.dll' [rcNtRedir=0xc0150008]
268c.2e68: supR3HardenedWinVerifyCacheProcessImportTodos: Processing 'oleaut32.dll'...
268c.2e68: supR3HardenedWinVerifyCacheProcessImportTodos: 'oleaut32.dll' -> '\Device\HarddiskVolume2\Windows\System32\oleaut32.dll' [rcNtRedir=0xc0150008]
268c.2e68: supR3HardenedScreenImage/Imports: cache hit (VINF_SUCCESS) on \Device\HarddiskVolume2\Windows\System32\oleaut32.dll
268c.2e68: supR3HardenedWinVerifyCacheProcessImportTodos: Processing 'ole32.dll'...
268c.2e68: supR3HardenedWinVerifyCacheProcessImportTodos: 'ole32.dll' -> '\Device\HarddiskVolume2\Windows\System32\ole32.dll' [rcNtRedir=0xc0150008]
268c.2e68: supR3HardenedScreenImage/Imports: cache hit (VINF_SUCCESS) on \Device\HarddiskVolume2\Windows\System32\ole32.dll
268c.2e68: supR3HardenedWinVerifyCacheProcessImportTodos: Processing 'shlwapi.dll'...
268c.2e68: supR3HardenedWinVerifyCacheProcessImportTodos: 'shlwapi.dll' -> '\Device\HarddiskVolume2\Windows\System32\shlwapi.dll' [rcNtRedir=0xc0150008]
268c.2e68: supR3HardenedScreenImage/Imports: cache hit (VINF_SUCCESS) on \Device\HarddiskVolume2\Windows\System32\shlwapi.dll
268c.2e68: supR3HardenedWinVerifyCacheProcessImportTodos: Processing 'advapi32.dll'...
268c.2e68: supR3HardenedWinVerifyCacheProcessImportTodos: 'advapi32.dll' -> '\Device\HarddiskVolume2\Windows\System32\advapi32.dll' [rcNtRedir=0xc0150008]
268c.2e68: supR3HardenedScreenImage/Imports: cache hit (VINF_SUCCESS) on \Device\HarddiskVolume2\Windows\System32\advapi32.dll
268c.2e68: supR3HardenedWinVerifyCacheProcessImportTodos: Processing 'vboxrt.dll'...
268c.2e68: supR3HardenedWinVerifyCacheProcessImportTodos: 'vboxrt.dll' -> '\Device\HarddiskVolume2\Program Files\Oracle\VirtualBox\vboxrt.dll' [rcNtRedir=0xc0150008]
268c.2e68: supR3HardenedWinVerifyCacheProcessImportTodos: Processing 'msvcr100.dll'...
268c.2e68: supR3HardenedWinVerifyCacheProcessImportTodos: 'msvcr100.dll' -> '\Device\HarddiskVolume2\Program Files\Oracle\VirtualBox\msvcr100.dll' [rcNtRedir=0xc0150008]
268c.2e68: supR3HardenedMonitor_LdrLoadDll: pName=C:\Program Files\Oracle\VirtualBox\VBoxProxyStub.dll (rcNtResolve=0xc0150008) *pfFlags=0x0 pwszSearchPath=0000000000002009:<flags> [calling]
268c.2e68: supR3HardenedScreenImage/NtCreateSection: cache hit (VINF_SUCCESS) on \Device\HarddiskVolume2\Program Files\Oracle\VirtualBox\VBoxProxyStub.dll
268c.2e68: supR3HardenedDllNotificationCallback: load   00007fffec330000 LB 0x000ef000 C:\Program Files\Oracle\VirtualBox\VBoxProxyStub.dll [fFlags=0x0]
268c.2e68: supR3HardenedScreenImage/LdrLoadDll: cache hit (VINF_SUCCESS) on \Device\HarddiskVolume2\Program Files\Oracle\VirtualBox\VBoxProxyStub.dll
268c.2e68: supR3HardenedMonitor_LdrLoadDll: returns rcNt=0x0 hMod=00007fffec330000 'C:\Program Files\Oracle\VirtualBox\VBoxProxyStub.dll'
268c.2e68: supR3HardenedScreenImage/LdrLoadDll: cache hit (VINF_SUCCESS) on \Device\HarddiskVolume2\Windows\System32\oleaut32.dll
268c.2e68: supR3HardenedMonitor_LdrLoadDll: pName=C:\Windows\System32\oleaut32.dll (rcNtResolve=0xc0150008) *pfFlags=0x0 pwszSearchPath=0000000000002009:<flags> [calling]
268c.2e68: supR3HardenedMonitor_LdrLoadDll: returns rcNt=0x0 hMod=00007ff816c90000 'C:\Windows\System32\oleaut32.dll'
268c.2c50: supR3HardenedMonitor_LdrLoadDll: returns rcNt=0x0 hMod=00007ff816be0000 'C:\WINDOWS\system32\gdi32.dll'
268c.3908: supR3HardenedMonitor_LdrLoadDll: returns rcNt=0x0 hMod=00007ff814060000 'C:\WINDOWS\system32\rsaenh.dll'
268c.3908: supR3HardenedMonitor_LdrLoadDll: returns rcNt=0x0 hMod=00007ff8156a0000 'C:\WINDOWS\System32\crypt32.dll'
268c.3908: supR3HardenedMonitor_LdrLoadDll: returns rcNt=0x0 hMod=00007ff814060000 'C:\WINDOWS\system32\rsaenh.dll'
268c.3908: supR3HardenedMonitor_LdrLoadDll: returns rcNt=0x0 hMod=00007ff8156a0000 'C:\WINDOWS\System32\crypt32.dll'
268c.3908: \Device\HarddiskVolume2\Program Files\Oracle\VirtualBox\ExtensionPacks\Oracle_VM_VirtualBox_Extension_Pack\win.amd64\VBoxPuelMainVM.dll: Signature #1/2: info status: 24202
268c.3908: supR3HardenedMonitor_LdrLoadDll: returns rcNt=0x0 hMod=00007ff814060000 'C:\WINDOWS\system32\rsaenh.dll'
268c.3908: supR3HardenedMonitor_LdrLoadDll: returns rcNt=0x0 hMod=00007ff8156a0000 'C:\WINDOWS\System32\crypt32.dll'
268c.3908: supR3HardenedWinVerifyCacheScheduleImports: Import todo: #0 'msvcr100.dll'.
268c.3908: supR3HardenedWinVerifyCacheScheduleImports: Import todo: #1 'vboxrt.dll'.
268c.3908: supHardenedWinVerifyImageByHandle: -> 0 (\Device\HarddiskVolume2\Program Files\Oracle\VirtualBox\ExtensionPacks\Oracle_VM_VirtualBox_Extension_Pack\win.amd64\VBoxPuelMainVM.dll) WinVerifyTrust
268c.3908: supR3HardenedWinVerifyCacheInsert: \Device\HarddiskVolume2\Program Files\Oracle\VirtualBox\ExtensionPacks\Oracle_VM_VirtualBox_Extension_Pack\win.amd64\VBoxPuelMainVM.dll
268c.3908: supR3HardenedWinVerifyCacheProcessImportTodos: Processing 'vboxrt.dll'...
268c.3908: supR3HardenedWinVerifyCacheProcessImportTodos: 'vboxrt.dll' -> '\Device\HarddiskVolume2\Program Files\Oracle\VirtualBox\vboxrt.dll' [rcNtRedir=0xc0150008]
268c.3908: supR3HardenedWinVerifyCacheProcessImportTodos: Processing 'msvcr100.dll'...
268c.3908: supR3HardenedWinVerifyCacheProcessImportTodos: 'msvcr100.dll' -> '\Device\HarddiskVolume2\Program Files\Oracle\VirtualBox\msvcr100.dll' [rcNtRedir=0xc0150008]
268c.3908: supR3HardenedMonitor_LdrLoadDll: pName=C:\Program Files\Oracle\VirtualBox\ExtensionPacks\Oracle_VM_VirtualBox_Extension_Pack\win.amd64\VBoxPuelMainVM.DLL (rcNtResolve=0xc0150008) *pfFlags=0x0 pwszSearchPath=0000000000000001:<flags> [calling]
268c.3908: supR3HardenedScreenImage/NtCreateSection: cache hit (VINF_SUCCESS) on \Device\HarddiskVolume2\Program Files\Oracle\VirtualBox\ExtensionPacks\Oracle_VM_VirtualBox_Extension_Pack\win.amd64\VBoxPuelMainVM.dll
268c.3908: supR3HardenedDllNotificationCallback: load   00007ff806d50000 LB 0x0000e000 C:\Program Files\Oracle\VirtualBox\ExtensionPacks\Oracle_VM_VirtualBox_Extension_Pack\win.amd64\VBoxPuelMainVM.DLL [fFlags=0x0]
268c.3908: supR3HardenedScreenImage/LdrLoadDll: cache hit (VINF_SUCCESS) on \Device\HarddiskVolume2\Program Files\Oracle\VirtualBox\ExtensionPacks\Oracle_VM_VirtualBox_Extension_Pack\win.amd64\VBoxPuelMainVM.dll
268c.3908: supR3HardenedMonitor_LdrLoadDll: returns rcNt=0x0 hMod=00007ff806d50000 'C:\Program Files\Oracle\VirtualBox\ExtensionPacks\Oracle_VM_VirtualBox_Extension_Pack\win.amd64\VBoxPuelMainVM.DLL'
268c.2c50: supR3HardenedScreenImage/LdrLoadDll: cache hit (VINF_SUCCESS) on \Device\HarddiskVolume2\Windows\System32\shell32.dll
268c.2c50: supR3HardenedMonitor_LdrLoadDll: pName=C:\WINDOWS\system32\shell32.dll (rcNtResolve=0xc0150008) *pfFlags=0x0 pwszSearchPath=0000000000000001:<flags> [calling]
268c.2c50: supR3HardenedMonitor_LdrLoadDll: returns rcNt=0x0 hMod=00007ff816010000 'C:\WINDOWS\system32\shell32.dll'
268c.2c50: supR3HardenedDllNotificationCallback: load   00007ff815d70000 LB 0x00114000 C:\WINDOWS\System32\MSCTF.dll [fFlags=0x0]
268c.2c50: supR3HardenedWinVerifyCacheScheduleImports: Import todo: #0 'msvcrt.dll'.
268c.2c50: supR3HardenedWinVerifyCacheScheduleImports: Import todo: #10 'oleaut32.dll'.
268c.2c50: supR3HardenedWinVerifyCacheScheduleImports: Import todo: #37 'user32.dll'.
268c.2c50: supR3HardenedWinVerifyCacheScheduleImports: Import todo: #38 'gdi32.dll'.
268c.2c50: supR3HardenedWinVerifyCacheScheduleImports: Import todo: #39 'imm32.dll'.
268c.2c50: supHardenedWinVerifyImageByHandle: -> 0 (\Device\HarddiskVolume2\Windows\System32\msctf.dll)
268c.2c50: supR3HardenedWinVerifyCacheInsert: \Device\HarddiskVolume2\Windows\System32\msctf.dll
268c.2c50: supR3HardenedWinVerifyCacheProcessImportTodos: Processing 'imm32.dll'...
268c.2c50: supR3HardenedWinVerifyCacheProcessImportTodos: 'imm32.dll' -> '\Device\HarddiskVolume2\Windows\System32\imm32.dll' [rcNtRedir=0xc0150008]
268c.2c50: supR3HardenedScreenImage/Imports: cache hit (VINF_SUCCESS) on \Device\HarddiskVolume2\Windows\System32\imm32.dll
268c.2c50: supR3HardenedWinVerifyCacheProcessImportTodos: Processing 'gdi32.dll'...
268c.2c50: supR3HardenedWinVerifyCacheProcessImportTodos: 'gdi32.dll' -> '\Device\HarddiskVolume2\Windows\System32\gdi32.dll' [rcNtRedir=0xc0150008]
268c.2c50: supR3HardenedWinVerifyCacheProcessImportTodos: Processing 'user32.dll'...
268c.2c50: supR3HardenedWinVerifyCacheProcessImportTodos: 'user32.dll' -> '\Device\HarddiskVolume2\Windows\System32\user32.dll' [rcNtRedir=0xc0150008]
268c.2c50: supR3HardenedWinVerifyCacheProcessImportTodos: Processing 'oleaut32.dll'...
268c.2c50: supR3HardenedWinVerifyCacheProcessImportTodos: 'oleaut32.dll' -> '\Device\HarddiskVolume2\Windows\System32\oleaut32.dll' [rcNtRedir=0xc0150008]
268c.2c50: supR3HardenedScreenImage/Imports: cache hit (VINF_SUCCESS) on \Device\HarddiskVolume2\Windows\System32\oleaut32.dll
268c.2c50: supR3HardenedWinVerifyCacheProcessImportTodos: Processing 'msvcrt.dll'...
268c.2c50: supR3HardenedWinVerifyCacheProcessImportTodos: 'msvcrt.dll' -> '\Device\HarddiskVolume2\Windows\System32\msvcrt.dll' [rcNtRedir=0xc0150008]
268c.2c50: supR3HardenedMonitor_LdrLoadDll: returns rcNt=0x0 hMod=00007ff814060000 'C:\WINDOWS\system32\rsaenh.dll'
268c.2c50: supR3HardenedMonitor_LdrLoadDll: returns rcNt=0x0 hMod=00007ff8156a0000 'C:\WINDOWS\System32\crypt32.dll'
268c.2c50: supR3HardenedWinVerifyCacheProcessWvtTodos: 0 (was 0) fWinVerifyTrust=1 for '\Device\HarddiskVolume2\Windows\System32\msctf.dll'
268c.2c50: supR3HardNtViCallWinVerifyTrustCatFile: hFile=0000000000000b70 pwszName=\Device\HarddiskVolume2\Windows\System32\DataExchange.dll
268c.2c50: supR3HardNtViCallWinVerifyTrustCatFile: Cached context 00000000010bdd10
268c.2c50: supR3HardNtViCallWinVerifyTrustCatFile: hCatAdmin=00000000010bdd10
268c.2c50: supR3HardNtViCallWinVerifyTrustCatFile: cbHash=20 wszDigest=ACD8A296E7ACE4439DCEAD95C171746D3A7D8D4C
268c.2c50: supR3HardenedMonitor_LdrLoadDll: returns rcNt=0x0 hMod=00007ff814060000 'C:\WINDOWS\system32\rsaenh.dll'
268c.2c50: supR3HardenedMonitor_LdrLoadDll: returns rcNt=0x0 hMod=00007ff8156a0000 'C:\WINDOWS\System32\crypt32.dll'
268c.2c50: supR3HardNtViCallWinVerifyTrustCatFile: WinVerifyTrust => 0x0; cat='C:\WINDOWS\system32\CatRoot\{F750E6C3-38EE-11D1-85E5-00C04FC295EE}\Microsoft-Windows-Client-Desktop-Required-Package0510~31bf3856ad364e35~amd64~~10.0.19041.4780.cat'; file='\Device\HarddiskVolume2\Windows\System32\DataExchange.dll'
268c.2c50: supR3HardNtViCallWinVerifyTrustCatFile -> 0 (org 22900)
268c.2c50: supR3HardenedWinVerifyCacheScheduleImports: Import todo: #0 'msvcrt.dll'.
268c.2c50: supR3HardenedWinVerifyCacheScheduleImports: Import todo: #26 'd3d11.dll'.
268c.2c50: supR3HardenedWinVerifyCacheScheduleImports: Import todo: #27 'dcomp.dll'.
268c.2c50: supHardenedWinVerifyImageByHandle: -> 0 (\Device\HarddiskVolume2\Windows\System32\DataExchange.dll) WinVerifyTrust
268c.2c50: supR3HardenedWinVerifyCacheInsert: \Device\HarddiskVolume2\Windows\System32\DataExchange.dll
268c.2c50: supR3HardenedWinVerifyCacheProcessImportTodos: Processing 'dcomp.dll'...
268c.2c50: supR3HardenedWinVerifyCacheProcessImportTodos: 'dcomp.dll' -> '\Device\HarddiskVolume2\Windows\System32\dcomp.dll' [rcNtRedir=0xc0150008]
268c.2c50: supR3HardenedMonitor_LdrLoadDll: returns rcNt=0x0 hMod=00007ff814060000 'C:\WINDOWS\system32\rsaenh.dll'
268c.2c50: supR3HardenedMonitor_LdrLoadDll: returns rcNt=0x0 hMod=00007ff8156a0000 'C:\WINDOWS\System32\crypt32.dll'
268c.2c50: supR3HardenedWinVerifyCacheScheduleImports: Import todo: #0 'win32u.dll'.
268c.2c50: supR3HardenedWinVerifyCacheScheduleImports: Import todo: #1 'msvcp_win.dll'.
268c.2c50: supHardenedWinVerifyImageByHandle: -> 0 (\Device\HarddiskVolume2\Windows\System32\dcomp.dll) WinVerifyTrust
268c.2c50: supR3HardenedWinVerifyCacheInsert: \Device\HarddiskVolume2\Windows\System32\dcomp.dll
268c.2c50: supR3HardenedWinVerifyCacheProcessImportTodos: Processing 'd3d11.dll'...
268c.2c50: supR3HardenedWinVerifyCacheProcessImportTodos: 'd3d11.dll' -> '\Device\HarddiskVolume2\Windows\System32\d3d11.dll' [rcNtRedir=0xc0150008]
268c.2c50: supR3HardenedWinVerifyCacheProcessImportTodos: Processing 'msvcp_win.dll'...
268c.2c50: supR3HardenedWinVerifyCacheProcessImportTodos: 'msvcp_win.dll' -> '\Device\HarddiskVolume2\Windows\System32\msvcp_win.dll' [rcNtRedir=0xc0150008]
268c.2c50: supR3HardenedScreenImage/Imports: cache hit (VINF_SUCCESS) on \Device\HarddiskVolume2\Windows\System32\msvcp_win.dll
268c.2c50: supR3HardenedWinVerifyCacheProcessImportTodos: Processing 'win32u.dll'...
268c.2c50: supR3HardenedWinVerifyCacheProcessImportTodos: 'win32u.dll' -> '\Device\HarddiskVolume2\Windows\System32\win32u.dll' [rcNtRedir=0xc0150008]
268c.2c50: supR3HardenedScreenImage/Imports: cache hit (VINF_SUCCESS) on \Device\HarddiskVolume2\Windows\System32\win32u.dll
268c.2c50: supR3HardenedMonitor_LdrLoadDll: returns rcNt=0x0 hMod=00007ff814060000 'C:\WINDOWS\system32\rsaenh.dll'
268c.2c50: supR3HardenedMonitor_LdrLoadDll: returns rcNt=0x0 hMod=00007ff8156a0000 'C:\WINDOWS\System32\crypt32.dll'
268c.2c50: supR3HardenedWinVerifyCacheScheduleImports: Import todo: #0 'msvcrt.dll'.
268c.2c50: supR3HardenedWinVerifyCacheScheduleImports: Import todo: #26 'dxgi.dll'.
268c.2c50: supR3HardenedWinVerifyCacheScheduleImports: Import todo: #28 'win32u.dll'.
268c.2c50: supHardenedWinVerifyImageByHandle: -> 0 (\Device\HarddiskVolume2\Windows\System32\d3d11.dll) WinVerifyTrust
268c.2c50: supR3HardenedWinVerifyCacheInsert: \Device\HarddiskVolume2\Windows\System32\d3d11.dll
268c.2c50: supR3HardenedWinVerifyCacheProcessImportTodos: Processing 'msvcrt.dll'...
268c.2c50: supR3HardenedWinVerifyCacheProcessImportTodos: 'msvcrt.dll' -> '\Device\HarddiskVolume2\Windows\System32\msvcrt.dll' [rcNtRedir=0xc0150008]
268c.2c50: supR3HardenedWinVerifyCacheProcessImportTodos: Processing 'win32u.dll'...
268c.2c50: supR3HardenedWinVerifyCacheProcessImportTodos: 'win32u.dll' -> '\Device\HarddiskVolume2\Windows\System32\win32u.dll' [rcNtRedir=0xc0150008]
268c.2c50: supR3HardenedScreenImage/Imports: cache hit (VINF_SUCCESS) on \Device\HarddiskVolume2\Windows\System32\win32u.dll
268c.2c50: supR3HardenedWinVerifyCacheProcessImportTodos: Processing 'dxgi.dll'...
268c.2c50: supR3HardenedWinVerifyCacheProcessImportTodos: 'dxgi.dll' -> '\Device\HarddiskVolume2\Windows\System32\dxgi.dll' [rcNtRedir=0xc0150008]
268c.2c50: supR3HardenedMonitor_LdrLoadDll: returns rcNt=0x0 hMod=00007ff814060000 'C:\WINDOWS\system32\rsaenh.dll'
268c.2c50: supR3HardenedMonitor_LdrLoadDll: returns rcNt=0x0 hMod=00007ff8156a0000 'C:\WINDOWS\System32\crypt32.dll'
268c.2c50: supR3HardenedWinVerifyCacheScheduleImports: Import todo: #0 'msvcrt.dll'.
268c.2c50: supR3HardenedWinVerifyCacheScheduleImports: Import todo: #2 'win32u.dll'.
268c.2c50: supHardenedWinVerifyImageByHandle: -> 0 (\Device\HarddiskVolume2\Windows\System32\dxgi.dll) WinVerifyTrust
268c.2c50: supR3HardenedWinVerifyCacheInsert: \Device\HarddiskVolume2\Windows\System32\dxgi.dll
268c.2c50: supR3HardenedWinVerifyCacheProcessImportTodos: Processing 'msvcrt.dll'...
268c.2c50: supR3HardenedWinVerifyCacheProcessImportTodos: 'msvcrt.dll' -> '\Device\HarddiskVolume2\Windows\System32\msvcrt.dll' [rcNtRedir=0xc0150008]
268c.2c50: supR3HardenedScreenImage/Imports: cache hit (VINF_SUCCESS) on \Device\HarddiskVolume2\Windows\System32\msvcrt.dll
268c.2c50: supR3HardenedWinVerifyCacheProcessImportTodos: Processing 'win32u.dll'...
268c.2c50: supR3HardenedWinVerifyCacheProcessImportTodos: 'win32u.dll' -> '\Device\HarddiskVolume2\Windows\System32\win32u.dll' [rcNtRedir=0xc0150008]
268c.2c50: supR3HardenedScreenImage/Imports: cache hit (VINF_SUCCESS) on \Device\HarddiskVolume2\Windows\System32\win32u.dll
268c.2c50: supR3HardenedWinVerifyCacheProcessImportTodos: Processing 'msvcrt.dll'...
268c.2c50: supR3HardenedWinVerifyCacheProcessImportTodos: 'msvcrt.dll' -> '\Device\HarddiskVolume2\Windows\System32\msvcrt.dll' [rcNtRedir=0xc0150008]
268c.2c50: supR3HardenedMonitor_LdrLoadDll: pName=C:\WINDOWS\system32\dataexchange.dll (rcNtResolve=0xc0150008) *pfFlags=0x0 pwszSearchPath=0000000000002009:<flags> [calling]
268c.2c50: supR3HardenedScreenImage/NtCreateSection: cache hit (VINF_SUCCESS) on \Device\HarddiskVolume2\Windows\System32\DataExchange.dll
268c.2c50: supR3HardenedScreenImage/NtCreateSection: cache hit (VINF_SUCCESS) on \Device\HarddiskVolume2\Windows\System32\d3d11.dll
268c.2c50: supR3HardenedScreenImage/NtCreateSection: cache hit (VINF_SUCCESS) on \Device\HarddiskVolume2\Windows\System32\dcomp.dll
268c.2c50: supR3HardenedScreenImage/NtCreateSection: cache hit (VINF_SUCCESS) on \Device\HarddiskVolume2\Windows\System32\dxgi.dll
268c.2c50: supR3HardenedDllNotificationCallback: load   00007ff813910000 LB 0x000f6000 C:\WINDOWS\system32\dxgi.dll [fFlags=0x0]
268c.2c50: supR3HardenedScreenImage/LdrLoadDll: cache hit (VINF_SUCCESS) on \Device\HarddiskVolume2\Windows\System32\dxgi.dll
268c.2c50: supR3HardenedDllNotificationCallback: load   00007ff810c70000 LB 0x00263000 C:\WINDOWS\system32\d3d11.dll [fFlags=0x0]
268c.2c50: supR3HardenedScreenImage/LdrLoadDll: cache hit (VINF_SUCCESS) on \Device\HarddiskVolume2\Windows\System32\d3d11.dll
268c.2c50: supR3HardenedDllNotificationCallback: load   00007ff811b50000 LB 0x001e4000 C:\WINDOWS\system32\dcomp.dll [fFlags=0x0]
268c.2c50: supR3HardenedScreenImage/LdrLoadDll: cache hit (VINF_SUCCESS) on \Device\HarddiskVolume2\Windows\System32\dcomp.dll
268c.2c50: supR3HardenedDllNotificationCallback: load   00007ffffcbc0000 LB 0x0003e000 C:\WINDOWS\system32\dataexchange.dll [fFlags=0x0]
268c.2c50: supR3HardenedScreenImage/LdrLoadDll: cache hit (VINF_SUCCESS) on \Device\HarddiskVolume2\Windows\System32\DataExchange.dll
268c.2c50: supR3HardenedMonitor_LdrLoadDll: returns rcNt=0x0 hMod=00007ff816be0000 'C:\WINDOWS\System32\gdi32.dll'
268c.2c50: supR3HardenedMonitor_LdrLoadDll: returns rcNt=0x0 hMod=00007ffffcbc0000 'C:\WINDOWS\system32\dataexchange.dll'
268c.2c50: supR3HardenedWinVerifyCacheScheduleImports: Import todo: #30 'rpcrt4.dll'.
268c.2c50: supR3HardenedWinVerifyCacheScheduleImports: Import todo: #43 'combase.dll'.
268c.2c50: supR3HardenedWinVerifyCacheScheduleImports: Import todo: #45 'msvcp_win.dll'.
268c.2c50: supHardenedWinVerifyImageByHandle: -> 0 (\Device\HarddiskVolume2\Windows\System32\twinapi.appcore.dll)
268c.2c50: supR3HardenedWinVerifyCacheInsert: \Device\HarddiskVolume2\Windows\System32\twinapi.appcore.dll
268c.2c50: supR3HardenedDllNotificationCallback: load   00007ff80e5d0000 LB 0x00203000 C:\WINDOWS\system32\twinapi.appcore.dll [fFlags=0x0]
268c.2c50: supR3HardenedScreenImage/LdrLoadDll: cache hit (VINF_SUCCESS) on \Device\HarddiskVolume2\Windows\System32\twinapi.appcore.dll [avoiding WinVerifyTrust]
268c.2c50: supR3HardenedWinVerifyCacheProcessImportTodos: Processing 'msvcp_win.dll'...
268c.2c50: supR3HardenedWinVerifyCacheProcessImportTodos: 'msvcp_win.dll' -> '\Device\HarddiskVolume2\Windows\System32\msvcp_win.dll' [rcNtRedir=0xc0150008]
268c.2c50: supR3HardenedScreenImage/Imports: cache hit (VINF_SUCCESS) on \Device\HarddiskVolume2\Windows\System32\msvcp_win.dll
268c.2c50: supR3HardenedWinVerifyCacheProcessImportTodos: Processing 'combase.dll'...
268c.2c50: supR3HardenedWinVerifyCacheProcessImportTodos: 'combase.dll' -> '\Device\HarddiskVolume2\Windows\System32\combase.dll' [rcNtRedir=0xc0150008]
268c.2c50: supR3HardenedScreenImage/Imports: cache hit (VINF_SUCCESS) on \Device\HarddiskVolume2\Windows\System32\combase.dll
268c.2c50: supR3HardenedWinVerifyCacheProcessImportTodos: Processing 'rpcrt4.dll'...
268c.2c50: supR3HardenedWinVerifyCacheProcessImportTodos: 'rpcrt4.dll' -> '\Device\HarddiskVolume2\Windows\System32\rpcrt4.dll' [rcNtRedir=0xc0150008]
268c.2c50: supR3HardenedScreenImage/Imports: cache hit (VINF_SUCCESS) on \Device\HarddiskVolume2\Windows\System32\rpcrt4.dll
268c.2c50: supR3HardenedMonitor_LdrLoadDll: returns rcNt=0x0 hMod=00007ff814060000 'C:\WINDOWS\system32\rsaenh.dll'
268c.2c50: supR3HardenedMonitor_LdrLoadDll: returns rcNt=0x0 hMod=00007ff8156a0000 'C:\WINDOWS\System32\crypt32.dll'
268c.2c50: supR3HardenedWinVerifyCacheProcessWvtTodos: 0 (was 0) fWinVerifyTrust=1 for '\Device\HarddiskVolume2\Windows\System32\twinapi.appcore.dll'
268c.2c50: supR3HardenedScreenImage/LdrLoadDll: cache hit (VINF_SUCCESS) on \Device\HarddiskVolume2\Windows\System32\SHCore.dll
268c.2c50: supR3HardenedMonitor_LdrLoadDll: pName=C:\WINDOWS\system32\Shcore.dll (rcNtResolve=0xc0150008) *pfFlags=0x0 pwszSearchPath=0000000000000001:<flags> [calling]
268c.2c50: supR3HardenedMonitor_LdrLoadDll: returns rcNt=0x0 hMod=00007ff816d60000 'C:\WINDOWS\system32\Shcore.dll'
268c.2c50: supR3HardenedWinVerifyCacheScheduleImports: Import todo: #0 'msvcrt.dll'.
268c.2c50: supR3HardenedWinVerifyCacheScheduleImports: Import todo: #15 'oleaut32.dll'.
268c.2c50: supR3HardenedWinVerifyCacheScheduleImports: Import todo: #17 'rpcrt4.dll'.
268c.2c50: supR3HardenedWinVerifyCacheScheduleImports: Import todo: #20 'coreuicomponents.dll'.
268c.2c50: supR3HardenedWinVerifyCacheScheduleImports: Import todo: #21 'coremessaging.dll'.
268c.2c50: supHardenedWinVerifyImageByHandle: -> 0 (\Device\HarddiskVolume2\Windows\System32\TextInputFramework.dll)
268c.2c50: supR3HardenedWinVerifyCacheInsert: \Device\HarddiskVolume2\Windows\System32\TextInputFramework.dll
268c.2c50: supR3HardenedWinVerifyCacheScheduleImports: Import todo: #0 'msvcrt.dll'.
268c.2c50: supR3HardenedWinVerifyCacheScheduleImports: Import todo: #35 'coremessaging.dll'.
268c.2c50: supR3HardenedWinVerifyCacheScheduleImports: Import todo: #40 'rpcrt4.dll'.
268c.2c50: supR3HardenedWinVerifyCacheScheduleImports: Import todo: #48 'shcore.dll'.
268c.2c50: supHardenedWinVerifyImageByHandle: -> 0 (\Device\HarddiskVolume2\Windows\System32\CoreUIComponents.dll)
268c.2c50: supR3HardenedWinVerifyCacheInsert: \Device\HarddiskVolume2\Windows\System32\CoreUIComponents.dll
268c.2c50: supR3HardenedWinVerifyCacheScheduleImports: Import todo: #0 'msvcrt.dll'.
268c.2c50: supR3HardenedWinVerifyCacheScheduleImports: Import todo: #20 'ws2_32.dll'.
268c.2c50: supHardenedWinVerifyImageByHandle: -> 0 (\Device\HarddiskVolume2\Windows\System32\CoreMessaging.dll)
268c.2c50: supR3HardenedWinVerifyCacheInsert: \Device\HarddiskVolume2\Windows\System32\CoreMessaging.dll
268c.2c50: supHardenedWinVerifyImageByHandle: -> 0 (\Device\HarddiskVolume2\Windows\System32\ntmarta.dll)
268c.2c50: supR3HardenedWinVerifyCacheInsert: \Device\HarddiskVolume2\Windows\System32\ntmarta.dll
268c.2c50: supR3HardenedWinVerifyCacheScheduleImports: Import todo: #3 'combase.dll'.
268c.2c50: supR3HardenedWinVerifyCacheScheduleImports: Import todo: #24 'rpcrt4.dll'.
268c.2c50: supR3HardenedWinVerifyCacheScheduleImports: Import todo: #32 'bcryptprimitives.dll'.
268c.2c50: supHardenedWinVerifyImageByHandle: -> 0 (\Device\HarddiskVolume2\Windows\System32\WinTypes.dll)
268c.2c50: supR3HardenedWinVerifyCacheInsert: \Device\HarddiskVolume2\Windows\System32\WinTypes.dll
268c.2c50: supR3HardenedDllNotificationCallback: load   00007ff814180000 LB 0x00033000 C:\WINDOWS\SYSTEM32\ntmarta.dll [fFlags=0x0]
268c.2c50: supR3HardenedScreenImage/LdrLoadDll: cache hit (VINF_SUCCESS) on \Device\HarddiskVolume2\Windows\System32\ntmarta.dll [avoiding WinVerifyTrust]
268c.2c50: supR3HardenedDllNotificationCallback: load   00007ff811970000 LB 0x000f2000 C:\WINDOWS\System32\CoreMessaging.dll [fFlags=0x0]
268c.2c50: supR3HardenedScreenImage/LdrLoadDll: cache hit (VINF_SUCCESS) on \Device\HarddiskVolume2\Windows\System32\CoreMessaging.dll [avoiding WinVerifyTrust]
268c.2c50: supR3HardenedDllNotificationCallback: load   00007ff810620000 LB 0x00157000 C:\WINDOWS\SYSTEM32\wintypes.dll [fFlags=0x0]
268c.2c50: supR3HardenedScreenImage/LdrLoadDll: cache hit (VINF_SUCCESS) on \Device\HarddiskVolume2\Windows\System32\WinTypes.dll [avoiding WinVerifyTrust]
268c.2c50: supR3HardenedDllNotificationCallback: load   00007ff8107b0000 LB 0x0035b000 C:\WINDOWS\System32\CoreUIComponents.dll [fFlags=0x0]
268c.2c50: supR3HardenedScreenImage/LdrLoadDll: cache hit (VINF_SUCCESS) on \Device\HarddiskVolume2\Windows\System32\CoreUIComponents.dll [avoiding WinVerifyTrust]
268c.2c50: supR3HardenedDllNotificationCallback: load   00007ff806ae0000 LB 0x000f9000 C:\WINDOWS\SYSTEM32\textinputframework.dll [fFlags=0x0]
268c.2c50: supR3HardenedScreenImage/LdrLoadDll: cache hit (VINF_SUCCESS) on \Device\HarddiskVolume2\Windows\System32\TextInputFramework.dll [avoiding WinVerifyTrust]
268c.2c50: supR3HardenedWinVerifyCacheProcessImportTodos: Processing 'bcryptprimitives.dll'...
268c.2c50: supR3HardenedWinVerifyCacheProcessImportTodos: 'bcryptprimitives.dll' -> '\Device\HarddiskVolume2\Windows\System32\bcryptprimitives.dll' [rcNtRedir=0xc0150008]
268c.2c50: supR3HardenedScreenImage/Imports: cache hit (VINF_SUCCESS) on \Device\HarddiskVolume2\Windows\System32\bcryptprimitives.dll
268c.2c50: supR3HardenedWinVerifyCacheProcessImportTodos: Processing 'rpcrt4.dll'...
268c.2c50: supR3HardenedWinVerifyCacheProcessImportTodos: 'rpcrt4.dll' -> '\Device\HarddiskVolume2\Windows\System32\rpcrt4.dll' [rcNtRedir=0xc0150008]
268c.2c50: supR3HardenedWinVerifyCacheProcessImportTodos: Processing 'combase.dll'...
268c.2c50: supR3HardenedWinVerifyCacheProcessImportTodos: 'combase.dll' -> '\Device\HarddiskVolume2\Windows\System32\combase.dll' [rcNtRedir=0xc0150008]
268c.2c50: supR3HardenedScreenImage/Imports: cache hit (VINF_SUCCESS) on \Device\HarddiskVolume2\Windows\System32\combase.dll
268c.2c50: supR3HardenedWinVerifyCacheProcessImportTodos: Processing 'ws2_32.dll'...
268c.2c50: supR3HardenedWinVerifyCacheProcessImportTodos: 'ws2_32.dll' -> '\Device\HarddiskVolume2\Windows\System32\ws2_32.dll' [rcNtRedir=0xc0150008]
268c.2c50: supR3HardenedScreenImage/Imports: cache hit (VINF_SUCCESS) on \Device\HarddiskVolume2\Windows\System32\ws2_32.dll
268c.2c50: supR3HardenedWinVerifyCacheProcessImportTodos: Processing 'msvcrt.dll'...
268c.2c50: supR3HardenedWinVerifyCacheProcessImportTodos: 'msvcrt.dll' -> '\Device\HarddiskVolume2\Windows\System32\msvcrt.dll' [rcNtRedir=0xc0150008]
268c.2c50: supR3HardenedWinVerifyCacheProcessImportTodos: Processing 'shcore.dll'...
268c.2c50: supR3HardenedWinVerifyCacheProcessImportTodos: 'shcore.dll' -> '\Device\HarddiskVolume2\Windows\System32\shcore.dll' [rcNtRedir=0xc0150008]
268c.2c50: supR3HardenedScreenImage/Imports: cache hit (VINF_SUCCESS) on \Device\HarddiskVolume2\Windows\System32\SHCore.dll
268c.2c50: supR3HardenedWinVerifyCacheProcessImportTodos: Processing 'rpcrt4.dll'...
268c.2c50: supR3HardenedWinVerifyCacheProcessImportTodos: 'rpcrt4.dll' -> '\Device\HarddiskVolume2\Windows\System32\rpcrt4.dll' [rcNtRedir=0xc0150008]
268c.2c50: supR3HardenedWinVerifyCacheProcessImportTodos: Processing 'coremessaging.dll'...
268c.2c50: supR3HardenedWinVerifyCacheProcessImportTodos: 'coremessaging.dll' -> '\Device\HarddiskVolume2\Windows\System32\coremessaging.dll' [rcNtRedir=0xc0150008]
268c.2c50: supR3HardenedScreenImage/Imports: cache hit (VINF_SUCCESS) on \Device\HarddiskVolume2\Windows\System32\CoreMessaging.dll [lacks WinVerifyTrust]
268c.2c50: supR3HardenedWinVerifyCacheProcessImportTodos: Processing 'msvcrt.dll'...
268c.2c50: supR3HardenedWinVerifyCacheProcessImportTodos: 'msvcrt.dll' -> '\Device\HarddiskVolume2\Windows\System32\msvcrt.dll' [rcNtRedir=0xc0150008]
268c.2c50: supR3HardenedWinVerifyCacheProcessImportTodos: Processing 'coremessaging.dll'...
268c.2c50: supR3HardenedWinVerifyCacheProcessImportTodos: 'coremessaging.dll' -> '\Device\HarddiskVolume2\Windows\System32\coremessaging.dll' [rcNtRedir=0xc0150008]
268c.2c50: supR3HardenedScreenImage/Imports: cache hit (VINF_SUCCESS) on \Device\HarddiskVolume2\Windows\System32\CoreMessaging.dll [lacks WinVerifyTrust]
268c.2c50: supR3HardenedWinVerifyCacheProcessImportTodos: Processing 'coreuicomponents.dll'...
268c.2c50: supR3HardenedWinVerifyCacheProcessImportTodos: 'coreuicomponents.dll' -> '\Device\HarddiskVolume2\Windows\System32\coreuicomponents.dll' [rcNtRedir=0xc0150008]
268c.2c50: supR3HardenedScreenImage/Imports: cache hit (VINF_SUCCESS) on \Device\HarddiskVolume2\Windows\System32\CoreUIComponents.dll [lacks WinVerifyTrust]
268c.2c50: supR3HardenedWinVerifyCacheProcessImportTodos: Processing 'rpcrt4.dll'...
268c.2c50: supR3HardenedWinVerifyCacheProcessImportTodos: 'rpcrt4.dll' -> '\Device\HarddiskVolume2\Windows\System32\rpcrt4.dll' [rcNtRedir=0xc0150008]
268c.2c50: supR3HardenedWinVerifyCacheProcessImportTodos: Processing 'oleaut32.dll'...
268c.2c50: supR3HardenedWinVerifyCacheProcessImportTodos: 'oleaut32.dll' -> '\Device\HarddiskVolume2\Windows\System32\oleaut32.dll' [rcNtRedir=0xc0150008]
268c.2c50: supR3HardenedWinVerifyCacheProcessImportTodos: Processing 'msvcrt.dll'...
268c.2c50: supR3HardenedWinVerifyCacheProcessImportTodos: 'msvcrt.dll' -> '\Device\HarddiskVolume2\Windows\System32\msvcrt.dll' [rcNtRedir=0xc0150008]
268c.2c50: supR3HardenedMonitor_LdrLoadDll: returns rcNt=0x0 hMod=00007ff814060000 'C:\WINDOWS\system32\rsaenh.dll'
268c.2c50: supR3HardenedMonitor_LdrLoadDll: returns rcNt=0x0 hMod=00007ff8156a0000 'C:\WINDOWS\System32\crypt32.dll'
268c.2c50: supR3HardenedWinVerifyCacheProcessWvtTodos: 0 (was 0) fWinVerifyTrust=1 for '\Device\HarddiskVolume2\Windows\System32\WinTypes.dll'
268c.2c50: supR3HardenedMonitor_LdrLoadDll: returns rcNt=0x0 hMod=00007ff814060000 'C:\WINDOWS\system32\rsaenh.dll'
268c.2c50: supR3HardenedMonitor_LdrLoadDll: returns rcNt=0x0 hMod=00007ff8156a0000 'C:\WINDOWS\System32\crypt32.dll'
268c.2c50: supR3HardenedWinVerifyCacheProcessWvtTodos: 0 (was 0) fWinVerifyTrust=1 for '\Device\HarddiskVolume2\Windows\System32\ntmarta.dll'
268c.2c50: supR3HardenedMonitor_LdrLoadDll: returns rcNt=0x0 hMod=00007ff814060000 'C:\WINDOWS\system32\rsaenh.dll'
268c.2c50: supR3HardenedMonitor_LdrLoadDll: returns rcNt=0x0 hMod=00007ff8156a0000 'C:\WINDOWS\System32\crypt32.dll'
268c.2c50: supR3HardenedWinVerifyCacheProcessWvtTodos: 0 (was 0) fWinVerifyTrust=1 for '\Device\HarddiskVolume2\Windows\System32\CoreMessaging.dll'
268c.2c50: supR3HardenedMonitor_LdrLoadDll: returns rcNt=0x0 hMod=00007ff814060000 'C:\WINDOWS\system32\rsaenh.dll'
268c.2c50: supR3HardenedMonitor_LdrLoadDll: returns rcNt=0x0 hMod=00007ff8156a0000 'C:\WINDOWS\System32\crypt32.dll'
268c.2c50: supR3HardenedWinVerifyCacheProcessWvtTodos: 0 (was 0) fWinVerifyTrust=1 for '\Device\HarddiskVolume2\Windows\System32\CoreUIComponents.dll'
268c.2c50: supR3HardenedMonitor_LdrLoadDll: returns rcNt=0x0 hMod=00007ff814060000 'C:\WINDOWS\system32\rsaenh.dll'
268c.2c50: supR3HardenedMonitor_LdrLoadDll: returns rcNt=0x0 hMod=00007ff8156a0000 'C:\WINDOWS\System32\crypt32.dll'
268c.2c50: supR3HardenedWinVerifyCacheProcessWvtTodos: 0 (was 0) fWinVerifyTrust=1 for '\Device\HarddiskVolume2\Windows\System32\TextInputFramework.dll'
268c.2c50: supR3HardenedIsApiSetDll: ApiSetQueryApiSetPresence(ext-ms-win-rtcore-ntuser-window-ext-l1-1-0.dll) -> 0x0, fPresent=1
268c.2c50: supR3HardenedMonitor_LdrLoadDll: pName=ext-ms-win-rtcore-ntuser-window-ext-l1-1-0.dll (rcNtResolve=0x0) *pfFlags=0x0 pwszSearchPath=0000000000000001:<flags> [calling]
268c.2c50: supR3HardenedMonitor_LdrLoadDll: returns rcNt=0x0 hMod=00007ff8169a0000 'ext-ms-win-rtcore-ntuser-window-ext-l1-1-0.dll'
268c.2c50: supR3HardenedIsApiSetDll: ApiSetQueryApiSetPresence(ext-ms-win-rtcore-ntuser-integration-l1-1-0.dll) -> 0x0, fPresent=1
268c.2c50: supR3HardenedMonitor_LdrLoadDll: pName=ext-ms-win-rtcore-ntuser-integration-l1-1-0.dll (rcNtResolve=0x0) *pfFlags=0x0 pwszSearchPath=0000000000000001:<flags> [calling]
268c.2c50: supR3HardenedMonitor_LdrLoadDll: returns rcNt=0x0 hMod=00007ff8169a0000 'ext-ms-win-rtcore-ntuser-integration-l1-1-0.dll'
268c.2c50: supR3HardenedIsApiSetDll: ApiSetQueryApiSetPresence(api-ms-win-core-com-l1-1-0.dll) -> 0x0, fPresent=1
268c.2c50: supR3HardenedMonitor_LdrLoadDll: pName=api-ms-win-core-com-l1-1-0.dll (rcNtResolve=0x0) *pfFlags=0x0 pwszSearchPath=0000000000000001:<flags> [calling]
268c.2c50: supR3HardenedMonitor_LdrLoadDll: returns rcNt=0x0 hMod=00007ff815a10000 'api-ms-win-core-com-l1-1-0.dll'
268c.2c50: supR3HardenedScreenImage/LdrLoadDll: cache hit (VINF_SUCCESS) on \Device\HarddiskVolume2\Windows\System32\msctf.dll
268c.2c50: supR3HardenedMonitor_LdrLoadDll: pName=C:\WINDOWS\System32\MSCTF.dll (rcNtResolve=0xc0150008) *pfFlags=0x0 pwszSearchPath=0000000000000009:<flags> [calling]
268c.2c50: supR3HardenedMonitor_LdrLoadDll: returns rcNt=0x0 hMod=00007ff815d70000 'C:\WINDOWS\System32\MSCTF.dll'
268c.2c50: supR3HardenedScreenImage/LdrLoadDll: cache hit (VINF_SUCCESS) on \Device\HarddiskVolume2\Windows\System32\shell32.dll
268c.2c50: supR3HardenedMonitor_LdrLoadDll: pName=C:\WINDOWS\system32\shell32.dll (rcNtResolve=0xc0150008) *pfFlags=0x0 pwszSearchPath=0000000000000001:<flags> [calling]
268c.2c50: supR3HardenedMonitor_LdrLoadDll: returns rcNt=0x0 hMod=00007ff816010000 'C:\WINDOWS\system32\shell32.dll'
268c.2c50: supR3HardenedMonitor_LdrLoadDll: returns rcNt=0x0 hMod=00007ff816010000 'C:\WINDOWS\system32\shell32.dll'
268c.2c50: supR3HardenedScreenImage/LdrLoadDll: cache hit (VINF_SUCCESS) on \Device\HarddiskVolume2\Windows\System32\ole32.dll
268c.2c50: supR3HardenedMonitor_LdrLoadDll: pName=C:\WINDOWS\System32\ole32.dll (Input=ole32.dll, rcNtResolve=0xc0150008) *pfFlags=0x0 pwszSearchPath=0000000000000001:<flags> [calling]
268c.2c50: supR3HardenedMonitor_LdrLoadDll: returns rcNt=0x0 hMod=00007ff817070000 'C:\WINDOWS\System32\ole32.dll'
268c.2c50: supR3HardenedMonitor_LdrLoadDll: returns rcNt=0x0 hMod=00007ff816c90000 'C:\WINDOWS\System32\OLEAUT32.dll'
268c.2c50: supR3HardNtViCallWinVerifyTrustCatFile: hFile=0000000000000954 pwszName=\Device\HarddiskVolume2\Windows\System32\wbem\wbemprox.dll
268c.2c50: supR3HardNtViCallWinVerifyTrustCatFile: Cached context 00000000010bdd10
268c.2c50: supR3HardNtViCallWinVerifyTrustCatFile: hCatAdmin=00000000010bdd10
268c.2c50: supR3HardNtViCallWinVerifyTrustCatFile: cbHash=20 wszDigest=3BDE779C324B1B2E91238C2A86E13264284D56B8
268c.2c50: supR3HardenedMonitor_LdrLoadDll: returns rcNt=0x0 hMod=00007ff814060000 'C:\WINDOWS\system32\rsaenh.dll'
268c.2c50: supR3HardenedMonitor_LdrLoadDll: returns rcNt=0x0 hMod=00007ff8156a0000 'C:\WINDOWS\System32\crypt32.dll'
268c.2c50: supR3HardNtViCallWinVerifyTrustCatFile: WinVerifyTrust => 0x0; cat='C:\WINDOWS\system32\CatRoot\{F750E6C3-38EE-11D1-85E5-00C04FC295EE}\Microsoft-Windows-Client-Desktop-Required-Package04~31bf3856ad364e35~amd64~~10.0.19041.4780.cat'; file='\Device\HarddiskVolume2\Windows\System32\wbem\wbemprox.dll'
268c.2c50: supR3HardNtViCallWinVerifyTrustCatFile -> 0 (org 22900)
268c.2c50: supR3HardenedWinVerifyCacheScheduleImports: Import todo: #0 'msvcrt.dll'.
268c.2c50: supR3HardenedWinVerifyCacheScheduleImports: Import todo: #5 'ws2_32.dll'.
268c.2c50: supR3HardenedWinVerifyCacheScheduleImports: Import todo: #18 'wbemcomn.dll'.
268c.2c50: supHardenedWinVerifyImageByHandle: -> 0 (\Device\HarddiskVolume2\Windows\System32\wbem\wbemprox.dll) WinVerifyTrust
268c.2c50: supR3HardenedWinVerifyCacheInsert: \Device\HarddiskVolume2\Windows\System32\wbem\wbemprox.dll
268c.2c50: supR3HardenedWinVerifyCacheProcessImportTodos: Processing 'wbemcomn.dll'...
268c.2c50: supR3HardenedWinVerifyCacheProcessImportTodos: 'wbemcomn.dll' -> '\Device\HarddiskVolume2\Windows\System32\wbemcomn.dll' [rcNtRedir=0xc0150008]
268c.2c50: supR3HardNtViCallWinVerifyTrustCatFile: hFile=0000000000000914 pwszName=\Device\HarddiskVolume2\Windows\System32\wbemcomn.dll
268c.2c50: supR3HardNtViCallWinVerifyTrustCatFile: Cached context 00000000010bdd10
268c.2c50: supR3HardNtViCallWinVerifyTrustCatFile: hCatAdmin=00000000010bdd10
268c.2c50: supR3HardNtViCallWinVerifyTrustCatFile: cbHash=20 wszDigest=06C20E7BC3E9597C13106014E3B43BA539218431
268c.2c50: supR3HardenedMonitor_LdrLoadDll: returns rcNt=0x0 hMod=00007ff814060000 'C:\WINDOWS\system32\rsaenh.dll'
268c.2c50: supR3HardenedMonitor_LdrLoadDll: returns rcNt=0x0 hMod=00007ff8156a0000 'C:\WINDOWS\System32\crypt32.dll'
268c.2c50: supR3HardNtViCallWinVerifyTrustCatFile: WinVerifyTrust => 0x0; cat='C:\WINDOWS\system32\CatRoot\{F750E6C3-38EE-11D1-85E5-00C04FC295EE}\Microsoft-Windows-Client-Desktop-Required-Package04~31bf3856ad364e35~amd64~~10.0.19041.4780.cat'; file='\Device\HarddiskVolume2\Windows\System32\wbemcomn.dll'
268c.2c50: supR3HardNtViCallWinVerifyTrustCatFile -> 0 (org 22900)
268c.2c50: supR3HardenedWinVerifyCacheScheduleImports: Import todo: #0 'msvcrt.dll'.
268c.2c50: supHardenedWinVerifyImageByHandle: -> 0 (\Device\HarddiskVolume2\Windows\System32\wbemcomn.dll) WinVerifyTrust
268c.2c50: supR3HardenedWinVerifyCacheInsert: \Device\HarddiskVolume2\Windows\System32\wbemcomn.dll
268c.2c50: supR3HardenedWinVerifyCacheProcessImportTodos: Processing 'ws2_32.dll'...
268c.2c50: supR3HardenedWinVerifyCacheProcessImportTodos: 'ws2_32.dll' -> '\Device\HarddiskVolume2\Windows\System32\ws2_32.dll' [rcNtRedir=0xc0150008]
268c.2c50: supR3HardenedScreenImage/Imports: cache hit (VINF_SUCCESS) on \Device\HarddiskVolume2\Windows\System32\ws2_32.dll
268c.2c50: supR3HardenedWinVerifyCacheProcessImportTodos: Processing 'msvcrt.dll'...
268c.2c50: supR3HardenedWinVerifyCacheProcessImportTodos: 'msvcrt.dll' -> '\Device\HarddiskVolume2\Windows\System32\msvcrt.dll' [rcNtRedir=0xc0150008]
268c.2c50: supR3HardenedWinVerifyCacheProcessImportTodos: Processing 'msvcrt.dll'...
268c.2c50: supR3HardenedWinVerifyCacheProcessImportTodos: 'msvcrt.dll' -> '\Device\HarddiskVolume2\Windows\System32\msvcrt.dll' [rcNtRedir=0xc0150008]
268c.2c50: supR3HardenedMonitor_LdrLoadDll: pName=C:\WINDOWS\system32\wbem\wbemprox.dll (rcNtResolve=0xc0150008) *pfFlags=0x0 pwszSearchPath=0000000000002009:<flags> [calling]
268c.2c50: supR3HardenedScreenImage/NtCreateSection: cache hit (VINF_SUCCESS) on \Device\HarddiskVolume2\Windows\System32\wbem\wbemprox.dll
268c.2c50: supR3HardenedScreenImage/NtCreateSection: cache hit (VINF_SUCCESS) on \Device\HarddiskVolume2\Windows\System32\wbemcomn.dll
268c.2c50: supR3HardenedDllNotificationCallback: load   00007ff805200000 LB 0x00090000 C:\WINDOWS\SYSTEM32\wbemcomn.dll [fFlags=0x0]
268c.2c50: supR3HardenedScreenImage/LdrLoadDll: cache hit (VINF_SUCCESS) on \Device\HarddiskVolume2\Windows\System32\wbemcomn.dll
268c.2c50: supR3HardenedDllNotificationCallback: load   00007ff806980000 LB 0x00011000 C:\WINDOWS\system32\wbem\wbemprox.dll [fFlags=0x0]
268c.2c50: supR3HardenedScreenImage/LdrLoadDll: cache hit (VINF_SUCCESS) on \Device\HarddiskVolume2\Windows\System32\wbem\wbemprox.dll
268c.2c50: supR3HardenedIsApiSetDll: ApiSetQueryApiSetPresence(API-MS-Win-Core-LocalRegistry-L1-1-0.dll) -> 0x0, fPresent=1
268c.2c50: supR3HardenedMonitor_LdrLoadDll: pName=API-MS-Win-Core-LocalRegistry-L1-1-0.dll (rcNtResolve=0x0) *pfFlags=0x0 pwszSearchPath=0000000000000009:<flags> [calling]
268c.2c50: supR3HardenedMonitor_LdrLoadDll: returns rcNt=0x0 hMod=00007ff8152e0000 'API-MS-Win-Core-LocalRegistry-L1-1-0.dll'
268c.2c50: supR3HardenedMonitor_LdrLoadDll: returns rcNt=0x0 hMod=00007ff806980000 'C:\WINDOWS\system32\wbem\wbemprox.dll'
268c.2c50: supR3HardNtViCallWinVerifyTrustCatFile: hFile=0000000000000a84 pwszName=\Device\HarddiskVolume2\Windows\System32\wbem\wbemsvc.dll
268c.2c50: supR3HardNtViCallWinVerifyTrustCatFile: Cached context 00000000010bdd10
268c.2c50: supR3HardNtViCallWinVerifyTrustCatFile: hCatAdmin=00000000010bdd10
268c.2c50: supR3HardNtViCallWinVerifyTrustCatFile: cbHash=20 wszDigest=86AB79F51B3C103952EF93FB96F82884D552BCBD
268c.2c50: supR3HardenedMonitor_LdrLoadDll: returns rcNt=0x0 hMod=00007ff814060000 'C:\WINDOWS\system32\rsaenh.dll'
268c.2c50: supR3HardenedMonitor_LdrLoadDll: returns rcNt=0x0 hMod=00007ff8156a0000 'C:\WINDOWS\System32\crypt32.dll'
268c.2c50: supR3HardNtViCallWinVerifyTrustCatFile: WinVerifyTrust => 0x0; cat='C:\WINDOWS\system32\CatRoot\{F750E6C3-38EE-11D1-85E5-00C04FC295EE}\Microsoft-Windows-Client-Desktop-Required-Package04~31bf3856ad364e35~amd64~~10.0.19041.4780.cat'; file='\Device\HarddiskVolume2\Windows\System32\wbem\wbemsvc.dll'
268c.2c50: supR3HardNtViCallWinVerifyTrustCatFile -> 0 (org 22900)
268c.2c50: supR3HardenedWinVerifyCacheScheduleImports: Import todo: #0 'msvcrt.dll'.
268c.2c50: supR3HardenedWinVerifyCacheScheduleImports: Import todo: #1 'rpcrt4.dll'.
268c.2c50: supHardenedWinVerifyImageByHandle: -> 0 (\Device\HarddiskVolume2\Windows\System32\wbem\wbemsvc.dll) WinVerifyTrust
268c.2c50: supR3HardenedWinVerifyCacheInsert: \Device\HarddiskVolume2\Windows\System32\wbem\wbemsvc.dll
268c.2c50: supR3HardenedWinVerifyCacheProcessImportTodos: Processing 'rpcrt4.dll'...
268c.2c50: supR3HardenedWinVerifyCacheProcessImportTodos: 'rpcrt4.dll' -> '\Device\HarddiskVolume2\Windows\System32\rpcrt4.dll' [rcNtRedir=0xc0150008]
268c.2c50: supR3HardenedWinVerifyCacheProcessImportTodos: Processing 'msvcrt.dll'...
268c.2c50: supR3HardenedWinVerifyCacheProcessImportTodos: 'msvcrt.dll' -> '\Device\HarddiskVolume2\Windows\System32\msvcrt.dll' [rcNtRedir=0xc0150008]
268c.2c50: supR3HardenedMonitor_LdrLoadDll: pName=C:\WINDOWS\system32\wbem\wbemsvc.dll (rcNtResolve=0xc0150008) *pfFlags=0x0 pwszSearchPath=0000000000002009:<flags> [calling]
268c.2c50: supR3HardenedScreenImage/NtCreateSection: cache hit (VINF_SUCCESS) on \Device\HarddiskVolume2\Windows\System32\wbem\wbemsvc.dll
268c.2c50: supR3HardenedDllNotificationCallback: load   00007ff8048f0000 LB 0x00014000 C:\WINDOWS\system32\wbem\wbemsvc.dll [fFlags=0x0]
268c.2c50: supR3HardenedScreenImage/LdrLoadDll: cache hit (VINF_SUCCESS) on \Device\HarddiskVolume2\Windows\System32\wbem\wbemsvc.dll
268c.2c50: supR3HardenedMonitor_LdrLoadDll: returns rcNt=0x0 hMod=00007ff8048f0000 'C:\WINDOWS\system32\wbem\wbemsvc.dll'
268c.2c50: supR3HardenedIsApiSetDll: ApiSetQueryApiSetPresence(api-ms-win-core-localization-l1-2-0.dll) -> 0x0, fPresent=1
268c.2c50: supR3HardenedMonitor_LdrLoadDll: pName=api-ms-win-core-localization-l1-2-0.dll (rcNtResolve=0x0) *pfFlags=0x0 pwszSearchPath=0000000000000009:<flags> [calling]
268c.2c50: supR3HardenedMonitor_LdrLoadDll: returns rcNt=0x0 hMod=00007ff8152e0000 'api-ms-win-core-localization-l1-2-0.dll'
268c.2c50: supR3HardenedIsApiSetDll: ApiSetQueryApiSetPresence(api-ms-win-core-localization-obsolete-l1-1-0.dll) -> 0x0, fPresent=1
268c.2c50: supR3HardenedMonitor_LdrLoadDll: pName=api-ms-win-core-localization-obsolete-l1-1-0.dll (rcNtResolve=0x0) *pfFlags=0x0 pwszSearchPath=0000000000000009:<flags> [calling]
268c.2c50: supR3HardenedMonitor_LdrLoadDll: returns rcNt=0x0 hMod=00007ff8152e0000 'api-ms-win-core-localization-obsolete-l1-1-0.dll'
268c.2c50: supR3HardNtViCallWinVerifyTrustCatFile: hFile=00000000000008e0 pwszName=\Device\HarddiskVolume2\Windows\System32\wbem\fastprox.dll
268c.2c50: supR3HardNtViCallWinVerifyTrustCatFile: Cached context 00000000010bdd10
268c.2c50: supR3HardNtViCallWinVerifyTrustCatFile: hCatAdmin=00000000010bdd10
268c.2c50: supR3HardNtViCallWinVerifyTrustCatFile: cbHash=20 wszDigest=AB97693F92EFCE2E11FCE472A53A6E138A867FDB
268c.2c50: supR3HardenedMonitor_LdrLoadDll: returns rcNt=0x0 hMod=00007ff814060000 'C:\WINDOWS\system32\rsaenh.dll'
268c.2c50: supR3HardenedMonitor_LdrLoadDll: returns rcNt=0x0 hMod=00007ff8156a0000 'C:\WINDOWS\System32\crypt32.dll'
268c.2c50: supR3HardNtViCallWinVerifyTrustCatFile: WinVerifyTrust => 0x0; cat='C:\WINDOWS\system32\CatRoot\{F750E6C3-38EE-11D1-85E5-00C04FC295EE}\Microsoft-Windows-Client-Desktop-Required-Package04~31bf3856ad364e35~amd64~~10.0.19041.4780.cat'; file='\Device\HarddiskVolume2\Windows\System32\wbem\fastprox.dll'
268c.2c50: supR3HardNtViCallWinVerifyTrustCatFile -> 0 (org 22900)
268c.2c50: supR3HardenedWinVerifyCacheScheduleImports: Import todo: #0 'msvcrt.dll'.
268c.2c50: supR3HardenedWinVerifyCacheScheduleImports: Import todo: #20 'wbemcomn.dll'.
268c.2c50: supHardenedWinVerifyImageByHandle: -> 0 (\Device\HarddiskVolume2\Windows\System32\wbem\fastprox.dll) WinVerifyTrust
268c.2c50: supR3HardenedWinVerifyCacheInsert: \Device\HarddiskVolume2\Windows\System32\wbem\fastprox.dll
268c.2c50: supR3HardenedWinVerifyCacheProcessImportTodos: Processing 'wbemcomn.dll'...
268c.2c50: supR3HardenedWinVerifyCacheProcessImportTodos: 'wbemcomn.dll' -> '\Device\HarddiskVolume2\Windows\System32\wbemcomn.dll' [rcNtRedir=0xc0150008]
268c.2c50: supR3HardenedScreenImage/Imports: cache hit (VINF_SUCCESS) on \Device\HarddiskVolume2\Windows\System32\wbemcomn.dll
268c.2c50: supR3HardenedWinVerifyCacheProcessImportTodos: Processing 'msvcrt.dll'...
268c.2c50: supR3HardenedWinVerifyCacheProcessImportTodos: 'msvcrt.dll' -> '\Device\HarddiskVolume2\Windows\System32\msvcrt.dll' [rcNtRedir=0xc0150008]
268c.2c50: supR3HardenedMonitor_LdrLoadDll: pName=C:\WINDOWS\system32\wbem\fastprox.dll (rcNtResolve=0xc0150008) *pfFlags=0x0 pwszSearchPath=0000000000002009:<flags> [calling]
268c.2c50: supR3HardenedScreenImage/NtCreateSection: cache hit (VINF_SUCCESS) on \Device\HarddiskVolume2\Windows\System32\wbem\fastprox.dll
268c.2c50: supR3HardenedDllNotificationCallback: load   00007ff804990000 LB 0x0010c000 C:\WINDOWS\system32\wbem\fastprox.dll [fFlags=0x0]
268c.2c50: supR3HardenedScreenImage/LdrLoadDll: cache hit (VINF_SUCCESS) on \Device\HarddiskVolume2\Windows\System32\wbem\fastprox.dll
268c.2c50: supR3HardenedMonitor_LdrLoadDll: returns rcNt=0x0 hMod=00007ff804990000 'C:\WINDOWS\system32\wbem\fastprox.dll'
268c.2c50: supR3HardNtViCallWinVerifyTrustCatFile: hFile=000000000000089c pwszName=\Device\HarddiskVolume2\Windows\System32\amsi.dll
268c.2c50: supR3HardNtViCallWinVerifyTrustCatFile: Cached context 00000000010bdd10
268c.2c50: supR3HardNtViCallWinVerifyTrustCatFile: hCatAdmin=00000000010bdd10
268c.2c50: supR3HardNtViCallWinVerifyTrustCatFile: cbHash=20 wszDigest=759C41732AEF7C0FEF4EB5854E70672674DBA3BB
268c.2c50: supR3HardenedMonitor_LdrLoadDll: returns rcNt=0x0 hMod=00007ff814060000 'C:\WINDOWS\system32\rsaenh.dll'
268c.2c50: supR3HardenedMonitor_LdrLoadDll: returns rcNt=0x0 hMod=00007ff8156a0000 'C:\WINDOWS\System32\crypt32.dll'
268c.2c50: supR3HardNtViCallWinVerifyTrustCatFile: WinVerifyTrust => 0x0; cat='C:\WINDOWS\system32\CatRoot\{F750E6C3-38EE-11D1-85E5-00C04FC295EE}\Microsoft-Windows-Client-Desktop-Required-Package05~31bf3856ad364e35~amd64~~10.0.19041.4598.cat'; file='\Device\HarddiskVolume2\Windows\System32\amsi.dll'
268c.2c50: supR3HardNtViCallWinVerifyTrustCatFile -> 0 (org 22900)
268c.2c50: supR3HardenedWinVerifyCacheScheduleImports: Import todo: #0 'msvcrt.dll'.
268c.2c50: supR3HardenedWinVerifyCacheScheduleImports: Import todo: #14 'rpcrt4.dll'.
268c.2c50: supHardenedWinVerifyImageByHandle: -> 0 (\Device\HarddiskVolume2\Windows\System32\amsi.dll) WinVerifyTrust
268c.2c50: supR3HardenedWinVerifyCacheInsert: \Device\HarddiskVolume2\Windows\System32\amsi.dll
268c.2c50: supR3HardenedWinVerifyCacheProcessImportTodos: Processing 'rpcrt4.dll'...
268c.2c50: supR3HardenedWinVerifyCacheProcessImportTodos: 'rpcrt4.dll' -> '\Device\HarddiskVolume2\Windows\System32\rpcrt4.dll' [rcNtRedir=0xc0150008]
268c.2c50: supR3HardenedWinVerifyCacheProcessImportTodos: Processing 'msvcrt.dll'...
268c.2c50: supR3HardenedWinVerifyCacheProcessImportTodos: 'msvcrt.dll' -> '\Device\HarddiskVolume2\Windows\System32\msvcrt.dll' [rcNtRedir=0xc0150008]
268c.2c50: supR3HardenedMonitor_LdrLoadDll: pName=C:\WINDOWS\System32\amsi.dll (Input=amsi.dll, rcNtResolve=0xc0150008) *pfFlags=0x0 pwszSearchPath=0000000000000801:<flags> [calling]
268c.2c50: supR3HardenedScreenImage/NtCreateSection: cache hit (VINF_SUCCESS) on \Device\HarddiskVolume2\Windows\System32\amsi.dll
268c.2c50: supR3HardenedDllNotificationCallback: load   00007ff804060000 LB 0x0001f000 C:\WINDOWS\System32\amsi.dll [fFlags=0x0]
268c.2c50: supR3HardenedScreenImage/LdrLoadDll: cache hit (VINF_SUCCESS) on \Device\HarddiskVolume2\Windows\System32\amsi.dll
268c.2c50: supR3HardenedMonitor_LdrLoadDll: returns rcNt=0x0 hMod=00007ff804060000 'C:\WINDOWS\System32\amsi.dll'
268c.2c50: \Device\HarddiskVolume2\Program Files (x86)\Kaspersky Lab\KES.12.4.0\x64\com_antivirus.dll: Signature #2/3: VERR_CR_X509_CPV_NO_TRUSTED_PATHS (-23021) w/ timestamp=0x656f4c6d/link.
268c.2c50: supR3HardenedMonitor_LdrLoadDll: returns rcNt=0x0 hMod=00007ff814060000 'C:\WINDOWS\system32\rsaenh.dll'
268c.2c50: supR3HardenedMonitor_LdrLoadDll: returns rcNt=0x0 hMod=00007ff8156a0000 'C:\WINDOWS\System32\crypt32.dll'
268c.2c50: supR3HardenedWinVerifyCacheScheduleImports: Import todo: #0 'crypt32.dll'.
268c.2c50: supR3HardenedWinVerifyCacheScheduleImports: Import todo: #2 'advapi32.dll'.
268c.2c50: supR3HardenedWinVerifyCacheScheduleImports: Import todo: #3 'ole32.dll'.
268c.2c50: supR3HardenedWinVerifyCacheScheduleImports: Import todo: #4 'oleaut32.dll'.
268c.2c50: supR3HardenedWinVerifyCacheScheduleImports: Import todo: #5 'ws2_32.dll'.
268c.2c50: supR3HardenedWinVerifyCacheScheduleImports: Import todo: #6 'rpcrt4.dll'.
268c.2c50: supR3HardenedWinVerifyCacheScheduleImports: Import todo: #7 'secur32.dll'.
268c.2c50: supR3HardenedWinVerifyCacheScheduleImports: Import todo: #8 'userenv.dll'.
268c.2c50: supR3HardenedWinVerifyCacheScheduleImports: Import todo: #9 'version.dll'.
268c.2c50: supHardenedWinVerifyImageByHandle: -> 0 (\Device\HarddiskVolume2\Program Files (x86)\Kaspersky Lab\KES.12.4.0\x64\com_antivirus.dll) WinVerifyTrust
268c.2c50: supR3HardenedWinVerifyCacheInsert: \Device\HarddiskVolume2\Program Files (x86)\Kaspersky Lab\KES.12.4.0\x64\com_antivirus.dll
268c.2c50: supR3HardenedWinVerifyCacheProcessImportTodos: Processing 'version.dll'...
268c.2c50: supR3HardenedWinVerifyCacheProcessImportTodos: 'version.dll' -> '\Device\HarddiskVolume2\Windows\System32\version.dll' [rcNtRedir=0xc0150008]
268c.2c50: supR3HardenedMonitor_LdrLoadDll: returns rcNt=0x0 hMod=00007ff814060000 'C:\WINDOWS\system32\rsaenh.dll'
268c.2c50: supR3HardenedMonitor_LdrLoadDll: returns rcNt=0x0 hMod=00007ff8156a0000 'C:\WINDOWS\System32\crypt32.dll'
268c.2c50: supR3HardenedWinVerifyCacheScheduleImports: Import todo: #0 'msvcrt.dll'.
268c.2c50: supHardenedWinVerifyImageByHandle: -> 0 (\Device\HarddiskVolume2\Windows\System32\version.dll) WinVerifyTrust
268c.2c50: supR3HardenedWinVerifyCacheInsert: \Device\HarddiskVolume2\Windows\System32\version.dll
268c.2c50: supR3HardenedWinVerifyCacheProcessImportTodos: Processing 'userenv.dll'...
268c.2c50: supR3HardenedWinVerifyCacheProcessImportTodos: 'userenv.dll' -> '\Device\HarddiskVolume2\Windows\System32\userenv.dll' [rcNtRedir=0xc0150008]
268c.2c50: supR3HardenedScreenImage/Imports: cache hit (VINF_SUCCESS) on \Device\HarddiskVolume2\Windows\System32\userenv.dll
268c.2c50: supR3HardenedWinVerifyCacheProcessImportTodos: Processing 'secur32.dll'...
268c.2c50: supR3HardenedWinVerifyCacheProcessImportTodos: 'secur32.dll' -> '\Device\HarddiskVolume2\Windows\System32\secur32.dll' [rcNtRedir=0xc0150008]
268c.2c50: supR3HardNtViCallWinVerifyTrustCatFile: hFile=0000000000000b18 pwszName=\Device\HarddiskVolume2\Windows\System32\secur32.dll
268c.2c50: supR3HardNtViCallWinVerifyTrustCatFile: Cached context 00000000010bdd10
268c.2c50: supR3HardNtViCallWinVerifyTrustCatFile: hCatAdmin=00000000010bdd10
268c.2c50: supR3HardNtViCallWinVerifyTrustCatFile: cbHash=20 wszDigest=259805723915A36E7617AD48816E6DC0F2C67652
268c.2c50: supR3HardenedWinVerifyCacheProcessImportTodos: Processing 'msvcrt.dll'...
268c.2c50: supR3HardenedWinVerifyCacheProcessImportTodos: 'msvcrt.dll' -> '\Device\HarddiskVolume2\Windows\System32\msvcrt.dll' [rcNtRedir=0xc0150008]
268c.2c50: supR3HardenedMonitor_LdrLoadDll: returns rcNt=0x0 hMod=00007ff814060000 'C:\WINDOWS\system32\rsaenh.dll'
268c.2c50: supR3HardenedMonitor_LdrLoadDll: returns rcNt=0x0 hMod=00007ff8156a0000 'C:\WINDOWS\System32\crypt32.dll'
268c.2c50: supR3HardNtViCallWinVerifyTrustCatFile: WinVerifyTrust => 0x0; cat='C:\WINDOWS\system32\CatRoot\{F750E6C3-38EE-11D1-85E5-00C04FC295EE}\Microsoft-Windows-Client-Desktop-Required-Package05112~31bf3856ad364e35~amd64~~10.0.19041.4597.cat'; file='\Device\HarddiskVolume2\Windows\System32\secur32.dll'
268c.2c50: supR3HardNtViCallWinVerifyTrustCatFile -> 0 (org 22900)
268c.2c50: supHardenedWinVerifyImageByHandle: -> 0 (\Device\HarddiskVolume2\Windows\System32\secur32.dll) WinVerifyTrust
268c.2c50: supR3HardenedWinVerifyCacheInsert: \Device\HarddiskVolume2\Windows\System32\secur32.dll
268c.2c50: supR3HardenedWinVerifyCacheProcessImportTodos: Processing 'rpcrt4.dll'...
268c.2c50: supR3HardenedWinVerifyCacheProcessImportTodos: 'rpcrt4.dll' -> '\Device\HarddiskVolume2\Windows\System32\rpcrt4.dll' [rcNtRedir=0xc0150008]
268c.2c50: supR3HardenedWinVerifyCacheProcessImportTodos: Processing 'ws2_32.dll'...
268c.2c50: supR3HardenedWinVerifyCacheProcessImportTodos: 'ws2_32.dll' -> '\Device\HarddiskVolume2\Windows\System32\ws2_32.dll' [rcNtRedir=0xc0150008]
268c.2c50: supR3HardenedScreenImage/Imports: cache hit (VINF_SUCCESS) on \Device\HarddiskVolume2\Windows\System32\ws2_32.dll
268c.2c50: supR3HardenedWinVerifyCacheProcessImportTodos: Processing 'oleaut32.dll'...
268c.2c50: supR3HardenedWinVerifyCacheProcessImportTodos: 'oleaut32.dll' -> '\Device\HarddiskVolume2\Windows\System32\oleaut32.dll' [rcNtRedir=0xc0150008]
268c.2c50: supR3HardenedWinVerifyCacheProcessImportTodos: Processing 'ole32.dll'...
268c.2c50: supR3HardenedWinVerifyCacheProcessImportTodos: 'ole32.dll' -> '\Device\HarddiskVolume2\Windows\System32\ole32.dll' [rcNtRedir=0xc0150008]
268c.2c50: supR3HardenedWinVerifyCacheProcessImportTodos: Processing 'advapi32.dll'...
268c.2c50: supR3HardenedWinVerifyCacheProcessImportTodos: 'advapi32.dll' -> '\Device\HarddiskVolume2\Windows\System32\advapi32.dll' [rcNtRedir=0xc0150008]
268c.2c50: supR3HardenedWinVerifyCacheProcessImportTodos: Processing 'crypt32.dll'...
268c.2c50: supR3HardenedWinVerifyCacheProcessImportTodos: 'crypt32.dll' -> '\Device\HarddiskVolume2\Windows\System32\crypt32.dll' [rcNtRedir=0xc0150008]
268c.2c50: supR3HardenedMonitor_LdrLoadDll: pName=C:\Program Files (x86)\Kaspersky Lab\KES.12.4.0\x64\com_antivirus.dll (rcNtResolve=0xc0150008) *pfFlags=0x0 pwszSearchPath=0000000000000001:<flags> [calling]
268c.2c50: supR3HardenedScreenImage/NtCreateSection: cache hit (VINF_SUCCESS) on \Device\HarddiskVolume2\Program Files (x86)\Kaspersky Lab\KES.12.4.0\x64\com_antivirus.dll
268c.2c50: supR3HardenedScreenImage/NtCreateSection: cache hit (VINF_SUCCESS) on \Device\HarddiskVolume2\Windows\System32\secur32.dll
268c.2c50: supR3HardenedScreenImage/NtCreateSection: cache hit (VINF_SUCCESS) on \Device\HarddiskVolume2\Windows\System32\version.dll
268c.2c50: supHardenedWinVerifyImageByHandle: -> 22900 (\Device\HarddiskVolume2\Windows\System32\dpapi.dll)
268c.2c50: supR3HardenedWinVerifyCacheInsert: \Device\HarddiskVolume2\Windows\System32\dpapi.dll
268c.2c50: supR3HardenedWinVerifyCacheScheduleImports: Import todo: #3 'rpcrt4.dll'.
268c.2c50: supHardenedWinVerifyImageByHandle: -> 0 (\Device\HarddiskVolume2\Windows\System32\sspicli.dll)
268c.2c50: supR3HardenedWinVerifyCacheInsert: \Device\HarddiskVolume2\Windows\System32\sspicli.dll
268c.2c50: supR3HardenedDllNotificationCallback: load   00007ff803dd0000 LB 0x0000c000 C:\WINDOWS\SYSTEM32\Secur32.dll [fFlags=0x0]
268c.2c50: supR3HardenedScreenImage/LdrLoadDll: cache hit (VINF_SUCCESS) on \Device\HarddiskVolume2\Windows\System32\secur32.dll
268c.2c50: supR3HardenedDllNotificationCallback: load   00007ff80fe90000 LB 0x0000a000 C:\WINDOWS\SYSTEM32\VERSION.dll [fFlags=0x0]
268c.2c50: supR3HardenedScreenImage/LdrLoadDll: cache hit (VINF_SUCCESS) on \Device\HarddiskVolume2\Windows\System32\version.dll
268c.2c50: supR3HardenedDllNotificationCallback: load   00007ff814da0000 LB 0x0000a000 C:\WINDOWS\SYSTEM32\DPAPI.DLL [fFlags=0x0]
268c.2c50: supR3HardenedScreenImage/LdrLoadDll: cache hit (Unknown Status 22900 (0x5974)) on \Device\HarddiskVolume2\Windows\System32\dpapi.dll [avoiding WinVerifyTrust]
268c.2c50: supR3HardenedDllNotificationCallback: load   00007ff814f60000 LB 0x00032000 C:\WINDOWS\SYSTEM32\SSPICLI.DLL [fFlags=0x0]
268c.2c50: supR3HardenedScreenImage/LdrLoadDll: cache hit (VINF_SUCCESS) on \Device\HarddiskVolume2\Windows\System32\sspicli.dll [avoiding WinVerifyTrust]
268c.2c50: supR3HardenedDllNotificationCallback: load   00007ff803df0000 LB 0x00234000 C:\Program Files (x86)\Kaspersky Lab\KES.12.4.0\x64\com_antivirus.dll [fFlags=0x0]
268c.2c50: supR3HardenedScreenImage/LdrLoadDll: cache hit (VINF_SUCCESS) on \Device\HarddiskVolume2\Program Files (x86)\Kaspersky Lab\KES.12.4.0\x64\com_antivirus.dll
268c.2c50: Detected loader lock ownership: rc=VINF_SUCCESS '\Device\HarddiskVolume2\Windows\System32\sspicli.dll'.
268c.2c50: supR3HardenedWinVerifyCacheProcessWvtTodos: 0 (was 0) fWinVerifyTrust=0 for '\Device\HarddiskVolume2\Windows\System32\sspicli.dll' [rescheduled]
268c.2c50: Detected loader lock ownership: rc=Unknown Status 22900 (0x5974) '\Device\HarddiskVolume2\Windows\System32\dpapi.dll'.
268c.2c50: supR3HardenedWinVerifyCacheProcessWvtTodos: 22900 (was 22900) fWinVerifyTrust=0 for '\Device\HarddiskVolume2\Windows\System32\dpapi.dll' [rescheduled]
268c.2c50: supR3HardenedIsApiSetDll: ApiSetQueryApiSetPresence(api-ms-win-core-synch-l1-2-0) -> 0x0, fPresent=1
268c.2c50: supR3HardenedMonitor_LdrLoadDll: pName=api-ms-win-core-synch-l1-2-0 (rcNtResolve=0x0) *pfFlags=0x0 pwszSearchPath=0000000000000801:<flags> [calling]
268c.2c50: supR3HardenedMonitor_LdrLoadDll: returns rcNt=0x0 hMod=00007ff8152e0000 'api-ms-win-core-synch-l1-2-0'
268c.2c50: Detected loader lock ownership: rc=VINF_SUCCESS '\Device\HarddiskVolume2\Windows\System32\sspicli.dll'.
268c.2c50: supR3HardenedWinVerifyCacheProcessWvtTodos: 0 (was 0) fWinVerifyTrust=0 for '\Device\HarddiskVolume2\Windows\System32\sspicli.dll' [rescheduled]
268c.2c50: Detected loader lock ownership: rc=Unknown Status 22900 (0x5974) '\Device\HarddiskVolume2\Windows\System32\dpapi.dll'.
268c.2c50: supR3HardenedWinVerifyCacheProcessWvtTodos: 22900 (was 22900) fWinVerifyTrust=0 for '\Device\HarddiskVolume2\Windows\System32\dpapi.dll' [rescheduled]
268c.2c50: Detected loader lock ownership: rc=VINF_SUCCESS '\Device\HarddiskVolume2\Windows\System32\sspicli.dll'.
268c.2c50: supR3HardenedWinVerifyCacheProcessWvtTodos: 0 (was 0) fWinVerifyTrust=0 for '\Device\HarddiskVolume2\Windows\System32\sspicli.dll' [rescheduled]
268c.2c50: Detected loader lock ownership: rc=Unknown Status 22900 (0x5974) '\Device\HarddiskVolume2\Windows\System32\dpapi.dll'.
268c.2c50: supR3HardenedWinVerifyCacheProcessWvtTodos: 22900 (was 22900) fWinVerifyTrust=0 for '\Device\HarddiskVolume2\Windows\System32\dpapi.dll' [rescheduled]
268c.2c50: supR3HardenedIsApiSetDll: ApiSetQueryApiSetPresence(api-ms-win-core-fibers-l1-1-1) -> 0x0, fPresent=1
268c.2c50: supR3HardenedMonitor_LdrLoadDll: pName=api-ms-win-core-fibers-l1-1-1 (rcNtResolve=0x0) *pfFlags=0x0 pwszSearchPath=0000000000000801:<flags> [calling]
268c.2c50: supR3HardenedMonitor_LdrLoadDll: returns rcNt=0x0 hMod=00007ff8152e0000 'api-ms-win-core-fibers-l1-1-1'
268c.2c50: Detected loader lock ownership: rc=VINF_SUCCESS '\Device\HarddiskVolume2\Windows\System32\sspicli.dll'.
268c.2c50: supR3HardenedWinVerifyCacheProcessWvtTodos: 0 (was 0) fWinVerifyTrust=0 for '\Device\HarddiskVolume2\Windows\System32\sspicli.dll' [rescheduled]
268c.2c50: Detected loader lock ownership: rc=Unknown Status 22900 (0x5974) '\Device\HarddiskVolume2\Windows\System32\dpapi.dll'.
268c.2c50: supR3HardenedWinVerifyCacheProcessWvtTodos: 22900 (was 22900) fWinVerifyTrust=0 for '\Device\HarddiskVolume2\Windows\System32\dpapi.dll' [rescheduled]
268c.2c50: Detected loader lock ownership: rc=VINF_SUCCESS '\Device\HarddiskVolume2\Windows\System32\sspicli.dll'.
268c.2c50: supR3HardenedWinVerifyCacheProcessWvtTodos: 0 (was 0) fWinVerifyTrust=0 for '\Device\HarddiskVolume2\Windows\System32\sspicli.dll' [rescheduled]
268c.2c50: Detected loader lock ownership: rc=Unknown Status 22900 (0x5974) '\Device\HarddiskVolume2\Windows\System32\dpapi.dll'.
268c.2c50: supR3HardenedWinVerifyCacheProcessWvtTodos: 22900 (was 22900) fWinVerifyTrust=0 for '\Device\HarddiskVolume2\Windows\System32\dpapi.dll' [rescheduled]
268c.2c50: supR3HardenedIsApiSetDll: ApiSetQueryApiSetPresence(api-ms-win-core-synch-l1-2-0) -> 0x0, fPresent=1
268c.2c50: supR3HardenedMonitor_LdrLoadDll: pName=api-ms-win-core-synch-l1-2-0 (rcNtResolve=0x0) *pfFlags=0x0 pwszSearchPath=0000000000000801:<flags> [calling]
268c.2c50: supR3HardenedMonitor_LdrLoadDll: returns rcNt=0x0 hMod=00007ff8152e0000 'api-ms-win-core-synch-l1-2-0'
268c.2c50: Detected loader lock ownership: rc=VINF_SUCCESS '\Device\HarddiskVolume2\Windows\System32\sspicli.dll'.
268c.2c50: supR3HardenedWinVerifyCacheProcessWvtTodos: 0 (was 0) fWinVerifyTrust=0 for '\Device\HarddiskVolume2\Windows\System32\sspicli.dll' [rescheduled]
268c.2c50: Detected loader lock ownership: rc=Unknown Status 22900 (0x5974) '\Device\HarddiskVolume2\Windows\System32\dpapi.dll'.
268c.2c50: supR3HardenedWinVerifyCacheProcessWvtTodos: 22900 (was 22900) fWinVerifyTrust=0 for '\Device\HarddiskVolume2\Windows\System32\dpapi.dll' [rescheduled]
268c.2c50: Detected loader lock ownership: rc=VINF_SUCCESS '\Device\HarddiskVolume2\Windows\System32\sspicli.dll'.
268c.2c50: supR3HardenedWinVerifyCacheProcessWvtTodos: 0 (was 0) fWinVerifyTrust=0 for '\Device\HarddiskVolume2\Windows\System32\sspicli.dll' [rescheduled]
268c.2c50: Detected loader lock ownership: rc=Unknown Status 22900 (0x5974) '\Device\HarddiskVolume2\Windows\System32\dpapi.dll'.
268c.2c50: supR3HardenedWinVerifyCacheProcessWvtTodos: 22900 (was 22900) fWinVerifyTrust=0 for '\Device\HarddiskVolume2\Windows\System32\dpapi.dll' [rescheduled]
268c.2c50: supR3HardenedIsApiSetDll: ApiSetQueryApiSetPresence(api-ms-win-core-localization-l1-2-1) -> 0x0, fPresent=1
268c.2c50: supR3HardenedMonitor_LdrLoadDll: pName=api-ms-win-core-localization-l1-2-1 (rcNtResolve=0x0) *pfFlags=0x0 pwszSearchPath=0000000000000801:<flags> [calling]
268c.2c50: supR3HardenedMonitor_LdrLoadDll: returns rcNt=0x0 hMod=00007ff8152e0000 'api-ms-win-core-localization-l1-2-1'
268c.2c50: Detected loader lock ownership: rc=VINF_SUCCESS '\Device\HarddiskVolume2\Windows\System32\sspicli.dll'.
268c.2c50: supR3HardenedWinVerifyCacheProcessWvtTodos: 0 (was 0) fWinVerifyTrust=0 for '\Device\HarddiskVolume2\Windows\System32\sspicli.dll' [rescheduled]
268c.2c50: Detected loader lock ownership: rc=Unknown Status 22900 (0x5974) '\Device\HarddiskVolume2\Windows\System32\dpapi.dll'.
268c.2c50: supR3HardenedWinVerifyCacheProcessWvtTodos: 22900 (was 22900) fWinVerifyTrust=0 for '\Device\HarddiskVolume2\Windows\System32\dpapi.dll' [rescheduled]
268c.2c50: Detected loader lock ownership: rc=VINF_SUCCESS '\Device\HarddiskVolume2\Windows\System32\sspicli.dll'.
268c.2c50: supR3HardenedWinVerifyCacheProcessWvtTodos: 0 (was 0) fWinVerifyTrust=0 for '\Device\HarddiskVolume2\Windows\System32\sspicli.dll' [rescheduled]
268c.2c50: Detected loader lock ownership: rc=Unknown Status 22900 (0x5974) '\Device\HarddiskVolume2\Windows\System32\dpapi.dll'.
268c.2c50: supR3HardenedWinVerifyCacheProcessWvtTodos: 22900 (was 22900) fWinVerifyTrust=0 for '\Device\HarddiskVolume2\Windows\System32\dpapi.dll' [rescheduled]
268c.2c50: supR3HardenedScreenImage/LdrLoadDll: cache hit (VINF_SUCCESS) on \Device\HarddiskVolume2\Windows\System32\kernel32.dll
268c.2c50: supR3HardenedWinVerifyCacheProcessImportTodos: Processing 'rpcrt4.dll'...
268c.2c50: supR3HardenedWinVerifyCacheProcessImportTodos: 'rpcrt4.dll' -> '\Device\HarddiskVolume2\Windows\System32\rpcrt4.dll' [rcNtRedir=0xc0150008]
268c.2c50: supR3HardenedMonitor_LdrLoadDll: pName=C:\WINDOWS\System32\kernel32.dll (Input=kernel32, rcNtResolve=0xc0150008) *pfFlags=0x0 pwszSearchPath=0000000000000801:<flags> [calling]
268c.2c50: supR3HardenedMonitor_LdrLoadDll: returns rcNt=0x0 hMod=00007ff816e10000 'C:\WINDOWS\System32\kernel32.dll'
268c.2c50: Detected loader lock ownership: rc=VINF_SUCCESS '\Device\HarddiskVolume2\Windows\System32\sspicli.dll'.
268c.2c50: supR3HardenedWinVerifyCacheProcessWvtTodos: 0 (was 0) fWinVerifyTrust=0 for '\Device\HarddiskVolume2\Windows\System32\sspicli.dll' [rescheduled]
268c.2c50: Detected loader lock ownership: rc=Unknown Status 22900 (0x5974) '\Device\HarddiskVolume2\Windows\System32\dpapi.dll'.
268c.2c50: supR3HardenedWinVerifyCacheProcessWvtTodos: 22900 (was 22900) fWinVerifyTrust=0 for '\Device\HarddiskVolume2\Windows\System32\dpapi.dll' [rescheduled]
268c.2c50: Detected loader lock ownership: rc=VINF_SUCCESS '\Device\HarddiskVolume2\Windows\System32\sspicli.dll'.
268c.2c50: supR3HardenedWinVerifyCacheProcessWvtTodos: 0 (was 0) fWinVerifyTrust=0 for '\Device\HarddiskVolume2\Windows\System32\sspicli.dll' [rescheduled]
268c.2c50: Detected loader lock ownership: rc=Unknown Status 22900 (0x5974) '\Device\HarddiskVolume2\Windows\System32\dpapi.dll'.
268c.2c50: supR3HardenedWinVerifyCacheProcessWvtTodos: 22900 (was 22900) fWinVerifyTrust=0 for '\Device\HarddiskVolume2\Windows\System32\dpapi.dll' [rescheduled]
268c.2c50: supR3HardenedIsApiSetDll: ApiSetQueryApiSetPresence(api-ms-win-core-string-l1-1-0) -> 0x0, fPresent=1
268c.2c50: supR3HardenedMonitor_LdrLoadDll: pName=api-ms-win-core-string-l1-1-0 (rcNtResolve=0x0) *pfFlags=0x0 pwszSearchPath=0000000000000801:<flags> [calling]
268c.2c50: supR3HardenedMonitor_LdrLoadDll: returns rcNt=0x0 hMod=00007ff8152e0000 'api-ms-win-core-string-l1-1-0'
268c.2c50: Detected loader lock ownership: rc=VINF_SUCCESS '\Device\HarddiskVolume2\Windows\System32\sspicli.dll'.
268c.2c50: supR3HardenedWinVerifyCacheProcessWvtTodos: 0 (was 0) fWinVerifyTrust=0 for '\Device\HarddiskVolume2\Windows\System32\sspicli.dll' [rescheduled]
268c.2c50: Detected loader lock ownership: rc=Unknown Status 22900 (0x5974) '\Device\HarddiskVolume2\Windows\System32\dpapi.dll'.
268c.2c50: supR3HardenedWinVerifyCacheProcessWvtTodos: 22900 (was 22900) fWinVerifyTrust=0 for '\Device\HarddiskVolume2\Windows\System32\dpapi.dll' [rescheduled]
268c.2c50: Detected loader lock ownership: rc=VINF_SUCCESS '\Device\HarddiskVolume2\Windows\System32\sspicli.dll'.
268c.2c50: supR3HardenedWinVerifyCacheProcessWvtTodos: 0 (was 0) fWinVerifyTrust=0 for '\Device\HarddiskVolume2\Windows\System32\sspicli.dll' [rescheduled]
268c.2c50: Detected loader lock ownership: rc=Unknown Status 22900 (0x5974) '\Device\HarddiskVolume2\Windows\System32\dpapi.dll'.
268c.2c50: supR3HardenedWinVerifyCacheProcessWvtTodos: 22900 (was 22900) fWinVerifyTrust=0 for '\Device\HarddiskVolume2\Windows\System32\dpapi.dll' [rescheduled]
268c.2c50: supR3HardenedIsApiSetDll: ApiSetQueryApiSetPresence(api-ms-win-core-datetime-l1-1-1) -> 0x0, fPresent=1
268c.2c50: supR3HardenedMonitor_LdrLoadDll: pName=api-ms-win-core-datetime-l1-1-1 (rcNtResolve=0x0) *pfFlags=0x0 pwszSearchPath=0000000000000801:<flags> [calling]
268c.2c50: supR3HardenedMonitor_LdrLoadDll: returns rcNt=0x0 hMod=00007ff8152e0000 'api-ms-win-core-datetime-l1-1-1'
268c.2c50: Detected loader lock ownership: rc=VINF_SUCCESS '\Device\HarddiskVolume2\Windows\System32\sspicli.dll'.
268c.2c50: supR3HardenedWinVerifyCacheProcessWvtTodos: 0 (was 0) fWinVerifyTrust=0 for '\Device\HarddiskVolume2\Windows\System32\sspicli.dll' [rescheduled]
268c.2c50: Detected loader lock ownership: rc=Unknown Status 22900 (0x5974) '\Device\HarddiskVolume2\Windows\System32\dpapi.dll'.
268c.2c50: supR3HardenedWinVerifyCacheProcessWvtTodos: 22900 (was 22900) fWinVerifyTrust=0 for '\Device\HarddiskVolume2\Windows\System32\dpapi.dll' [rescheduled]
268c.2c50: Detected loader lock ownership: rc=VINF_SUCCESS '\Device\HarddiskVolume2\Windows\System32\sspicli.dll'.
268c.2c50: supR3HardenedWinVerifyCacheProcessWvtTodos: 0 (was 0) fWinVerifyTrust=0 for '\Device\HarddiskVolume2\Windows\System32\sspicli.dll' [rescheduled]
268c.2c50: Detected loader lock ownership: rc=Unknown Status 22900 (0x5974) '\Device\HarddiskVolume2\Windows\System32\dpapi.dll'.
268c.2c50: supR3HardenedWinVerifyCacheProcessWvtTodos: 22900 (was 22900) fWinVerifyTrust=0 for '\Device\HarddiskVolume2\Windows\System32\dpapi.dll' [rescheduled]
268c.2c50: supR3HardenedIsApiSetDll: ApiSetQueryApiSetPresence(api-ms-win-core-localization-obsolete-l1-2-0) -> 0x0, fPresent=1
268c.2c50: supR3HardenedMonitor_LdrLoadDll: pName=api-ms-win-core-localization-obsolete-l1-2-0 (rcNtResolve=0x0) *pfFlags=0x0 pwszSearchPath=0000000000000801:<flags> [calling]
268c.2c50: supR3HardenedMonitor_LdrLoadDll: returns rcNt=0x0 hMod=00007ff8152e0000 'api-ms-win-core-localization-obsolete-l1-2-0'
268c.2c50: Detected loader lock ownership: rc=VINF_SUCCESS '\Device\HarddiskVolume2\Windows\System32\sspicli.dll'.
268c.2c50: supR3HardenedWinVerifyCacheProcessWvtTodos: 0 (was 0) fWinVerifyTrust=0 for '\Device\HarddiskVolume2\Windows\System32\sspicli.dll' [rescheduled]
268c.2c50: Detected loader lock ownership: rc=Unknown Status 22900 (0x5974) '\Device\HarddiskVolume2\Windows\System32\dpapi.dll'.
268c.2c50: supR3HardenedWinVerifyCacheProcessWvtTodos: 22900 (was 22900) fWinVerifyTrust=0 for '\Device\HarddiskVolume2\Windows\System32\dpapi.dll' [rescheduled]
268c.2c50: supR3HardenedMonitor_LdrLoadDll: returns rcNt=0x0 hMod=00007ff803df0000 'C:\Program Files (x86)\Kaspersky Lab\KES.12.4.0\x64\com_antivirus.dll'
268c.2c50: supR3HardenedMonitor_LdrLoadDll: returns rcNt=0x0 hMod=00007ff814060000 'C:\WINDOWS\system32\rsaenh.dll'
268c.2c50: supR3HardenedMonitor_LdrLoadDll: returns rcNt=0x0 hMod=00007ff8156a0000 'C:\WINDOWS\System32\crypt32.dll'
268c.2c50: supR3HardenedWinVerifyCacheProcessWvtTodos: 0 (was 0) fWinVerifyTrust=1 for '\Device\HarddiskVolume2\Windows\System32\sspicli.dll'
268c.2c50: supR3HardNtViCallWinVerifyTrustCatFile: hFile=00000000000008c8 pwszName=\Device\HarddiskVolume2\Windows\System32\dpapi.dll
268c.2c50: supR3HardNtViCallWinVerifyTrustCatFile: Cached context 00000000010bdd10
268c.2c50: supR3HardNtViCallWinVerifyTrustCatFile: hCatAdmin=00000000010bdd10
268c.2c50: supR3HardNtViCallWinVerifyTrustCatFile: cbHash=20 wszDigest=5770F43A5F6AE72A69091228B9CE3D5C95936817
268c.2c50: supR3HardenedMonitor_LdrLoadDll: returns rcNt=0x0 hMod=00007ff814060000 'C:\WINDOWS\system32\rsaenh.dll'
268c.2c50: supR3HardenedMonitor_LdrLoadDll: returns rcNt=0x0 hMod=00007ff8156a0000 'C:\WINDOWS\System32\crypt32.dll'
268c.2c50: supR3HardNtViCallWinVerifyTrustCatFile: WinVerifyTrust => 0x0; cat='C:\WINDOWS\system32\CatRoot\{F750E6C3-38EE-11D1-85E5-00C04FC295EE}\Microsoft-Windows-Client-Desktop-Required-Package0516~31bf3856ad364e35~amd64~~10.0.19041.4598.cat'; file='\Device\HarddiskVolume2\Windows\System32\dpapi.dll'
268c.2c50: supR3HardNtViCallWinVerifyTrustCatFile -> 0 (org 22900)
268c.2c50: supR3HardenedWinVerifyCacheProcessWvtTodos: 0 (was 22900) fWinVerifyTrust=1 for '\Device\HarddiskVolume2\Windows\System32\dpapi.dll'
268c.2bc0: \Device\HarddiskVolume2\Program Files\Oracle\VirtualBox\VBoxVMM.dll: Signature #1/2: info status: 24202
268c.2bc0: supR3HardenedMonitor_LdrLoadDll: returns rcNt=0x0 hMod=00007ff814060000 'C:\WINDOWS\system32\rsaenh.dll'
268c.2bc0: supR3HardenedMonitor_LdrLoadDll: returns rcNt=0x0 hMod=00007ff8156a0000 'C:\WINDOWS\System32\crypt32.dll'
268c.2bc0: supR3HardenedWinVerifyCacheScheduleImports: Import todo: #0 'msvcr100.dll'.
268c.2bc0: supR3HardenedWinVerifyCacheScheduleImports: Import todo: #1 'vboxrt.dll'.
268c.2bc0: supHardenedWinVerifyImageByHandle: -> 0 (\Device\HarddiskVolume2\Program Files\Oracle\VirtualBox\VBoxVMM.dll) WinVerifyTrust
268c.2bc0: supR3HardenedWinVerifyCacheInsert: \Device\HarddiskVolume2\Program Files\Oracle\VirtualBox\VBoxVMM.dll
268c.2bc0: supR3HardenedWinVerifyCacheProcessImportTodos: Processing 'vboxrt.dll'...
268c.2bc0: supR3HardenedWinVerifyCacheProcessImportTodos: 'vboxrt.dll' -> '\Device\HarddiskVolume2\Program Files\Oracle\VirtualBox\vboxrt.dll' [rcNtRedir=0xc0150008]
268c.2bc0: supR3HardenedWinVerifyCacheProcessImportTodos: Processing 'msvcr100.dll'...
268c.2bc0: supR3HardenedWinVerifyCacheProcessImportTodos: 'msvcr100.dll' -> '\Device\HarddiskVolume2\Program Files\Oracle\VirtualBox\msvcr100.dll' [rcNtRedir=0xc0150008]
268c.2bc0: supR3HardenedMonitor_LdrLoadDll: pName=C:\Program Files\Oracle\VirtualBox\VBoxVMM.DLL (rcNtResolve=0xc0150008) *pfFlags=0x0 pwszSearchPath=0000000000000001:<flags> [calling]
268c.2bc0: supR3HardenedScreenImage/NtCreateSection: cache hit (VINF_SUCCESS) on \Device\HarddiskVolume2\Program Files\Oracle\VirtualBox\VBoxVMM.dll
268c.2bc0: supR3HardenedDllNotificationCallback: load   00007fffe0050000 LB 0x0037e000 C:\Program Files\Oracle\VirtualBox\VBoxVMM.DLL [fFlags=0x0]
268c.2bc0: supR3HardenedScreenImage/LdrLoadDll: cache hit (VINF_SUCCESS) on \Device\HarddiskVolume2\Program Files\Oracle\VirtualBox\VBoxVMM.dll
268c.2bc0: supR3HardenedMonitor_LdrLoadDll: returns rcNt=0x0 hMod=00007fffe0050000 'C:\Program Files\Oracle\VirtualBox\VBoxVMM.DLL'
268c.1d64: supR3HardenedMonitor_LdrLoadDll: returns rcNt=0x0 hMod=00007ff817070000 'C:\WINDOWS\system32\ole32.dll'
268c.1c4c: supR3HardenedMonitor_LdrLoadDll: returns rcNt=0x0 hMod=00007ff817070000 'C:\WINDOWS\system32\ole32.dll'
268c.1d64: supR3HardenedMonitor_LdrLoadDll: returns rcNt=0x0 hMod=00007ff814060000 'C:\WINDOWS\system32\rsaenh.dll'
268c.1d64: supR3HardenedMonitor_LdrLoadDll: returns rcNt=0x0 hMod=00007ff8156a0000 'C:\WINDOWS\System32\crypt32.dll'
268c.17b4: \Device\HarddiskVolume2\Program Files\Oracle\VirtualBox\VBoxSharedClipboard.dll: Signature #1/2: info status: 24202
268c.17b4: supR3HardenedMonitor_LdrLoadDll: returns rcNt=0x0 hMod=00007ff814060000 'C:\WINDOWS\system32\rsaenh.dll'
268c.17b4: supR3HardenedMonitor_LdrLoadDll: returns rcNt=0x0 hMod=00007ff8156a0000 'C:\WINDOWS\System32\crypt32.dll'
268c.17b4: supR3HardenedWinVerifyCacheScheduleImports: Import todo: #0 'msvcr100.dll'.
268c.17b4: supR3HardenedWinVerifyCacheScheduleImports: Import todo: #1 'msvcp100.dll'.
268c.17b4: supR3HardenedWinVerifyCacheScheduleImports: Import todo: #2 'vboxvmm.dll'.
268c.17b4: supR3HardenedWinVerifyCacheScheduleImports: Import todo: #3 'vboxrt.dll'.
268c.17b4: supR3HardenedWinVerifyCacheScheduleImports: Import todo: #5 'user32.dll'.
268c.17b4: supHardenedWinVerifyImageByHandle: -> 0 (\Device\HarddiskVolume2\Program Files\Oracle\VirtualBox\VBoxSharedClipboard.dll) WinVerifyTrust
268c.17b4: supR3HardenedWinVerifyCacheInsert: \Device\HarddiskVolume2\Program Files\Oracle\VirtualBox\VBoxSharedClipboard.dll
268c.17b4: supR3HardenedWinVerifyCacheProcessImportTodos: Processing 'user32.dll'...
268c.17b4: supR3HardenedWinVerifyCacheProcessImportTodos: 'user32.dll' -> '\Device\HarddiskVolume2\Windows\System32\user32.dll' [rcNtRedir=0xc0150008]
268c.17b4: supR3HardenedScreenImage/Imports: cache hit (VINF_SUCCESS) on \Device\HarddiskVolume2\Windows\System32\user32.dll
268c.17b4: supR3HardenedWinVerifyCacheProcessImportTodos: Processing 'vboxrt.dll'...
268c.17b4: supR3HardenedWinVerifyCacheProcessImportTodos: 'vboxrt.dll' -> '\Device\HarddiskVolume2\Program Files\Oracle\VirtualBox\vboxrt.dll' [rcNtRedir=0xc0150008]
268c.17b4: supR3HardenedWinVerifyCacheProcessImportTodos: Processing 'vboxvmm.dll'...
268c.17b4: supR3HardenedWinVerifyCacheProcessImportTodos: 'vboxvmm.dll' -> '\Device\HarddiskVolume2\Program Files\Oracle\VirtualBox\vboxvmm.dll' [rcNtRedir=0xc0150008]
268c.17b4: supR3HardenedScreenImage/Imports: cache hit (VINF_SUCCESS) on \Device\HarddiskVolume2\Program Files\Oracle\VirtualBox\VBoxVMM.dll
268c.17b4: supR3HardenedWinVerifyCacheProcessImportTodos: Processing 'msvcp100.dll'...
268c.17b4: supR3HardenedWinVerifyCacheProcessImportTodos: 'msvcp100.dll' -> '\Device\HarddiskVolume2\Program Files\Oracle\VirtualBox\msvcp100.dll' [rcNtRedir=0xc0150008]
268c.17b4: supR3HardenedWinVerifyCacheProcessImportTodos: Processing 'msvcr100.dll'...
268c.17b4: supR3HardenedWinVerifyCacheProcessImportTodos: 'msvcr100.dll' -> '\Device\HarddiskVolume2\Program Files\Oracle\VirtualBox\msvcr100.dll' [rcNtRedir=0xc0150008]
268c.17b4: supR3HardenedMonitor_LdrLoadDll: pName=C:\Program Files\Oracle\VirtualBox\VBoxSharedClipboard.DLL (rcNtResolve=0xc0150008) *pfFlags=0x0 pwszSearchPath=0000000000000001:<flags> [calling]
268c.17b4: supR3HardenedScreenImage/NtCreateSection: cache hit (VINF_SUCCESS) on \Device\HarddiskVolume2\Program Files\Oracle\VirtualBox\VBoxSharedClipboard.dll
268c.17b4: supR3HardenedDllNotificationCallback: load   00007ff806c00000 LB 0x00010000 C:\Program Files\Oracle\VirtualBox\VBoxSharedClipboard.DLL [fFlags=0x0]
268c.17b4: supR3HardenedScreenImage/LdrLoadDll: cache hit (VINF_SUCCESS) on \Device\HarddiskVolume2\Program Files\Oracle\VirtualBox\VBoxSharedClipboard.dll
268c.17b4: supR3HardenedMonitor_LdrLoadDll: returns rcNt=0x0 hMod=00007ff806c00000 'C:\Program Files\Oracle\VirtualBox\VBoxSharedClipboard.DLL'
268c.2500: \Device\HarddiskVolume2\Program Files\Oracle\VirtualBox\VBoxDragAndDropSvc.dll: Signature #1/2: info status: 24202
268c.2500: supR3HardenedMonitor_LdrLoadDll: returns rcNt=0x0 hMod=00007ff814060000 'C:\WINDOWS\system32\rsaenh.dll'
268c.2500: supR3HardenedMonitor_LdrLoadDll: returns rcNt=0x0 hMod=00007ff8156a0000 'C:\WINDOWS\System32\crypt32.dll'
268c.2500: supR3HardenedWinVerifyCacheScheduleImports: Import todo: #0 'msvcr100.dll'.
268c.2500: supR3HardenedWinVerifyCacheScheduleImports: Import todo: #1 'msvcp100.dll'.
268c.2500: supR3HardenedWinVerifyCacheScheduleImports: Import todo: #2 'vboxrt.dll'.
268c.2500: supHardenedWinVerifyImageByHandle: -> 0 (\Device\HarddiskVolume2\Program Files\Oracle\VirtualBox\VBoxDragAndDropSvc.dll) WinVerifyTrust
268c.2500: supR3HardenedWinVerifyCacheInsert: \Device\HarddiskVolume2\Program Files\Oracle\VirtualBox\VBoxDragAndDropSvc.dll
268c.2500: supR3HardenedWinVerifyCacheProcessImportTodos: Processing 'vboxrt.dll'...
268c.2500: supR3HardenedWinVerifyCacheProcessImportTodos: 'vboxrt.dll' -> '\Device\HarddiskVolume2\Program Files\Oracle\VirtualBox\vboxrt.dll' [rcNtRedir=0xc0150008]
268c.2500: supR3HardenedWinVerifyCacheProcessImportTodos: Processing 'msvcp100.dll'...
268c.2500: supR3HardenedWinVerifyCacheProcessImportTodos: 'msvcp100.dll' -> '\Device\HarddiskVolume2\Program Files\Oracle\VirtualBox\msvcp100.dll' [rcNtRedir=0xc0150008]
268c.2500: supR3HardenedWinVerifyCacheProcessImportTodos: Processing 'msvcr100.dll'...
268c.2500: supR3HardenedWinVerifyCacheProcessImportTodos: 'msvcr100.dll' -> '\Device\HarddiskVolume2\Program Files\Oracle\VirtualBox\msvcr100.dll' [rcNtRedir=0xc0150008]
268c.2500: supR3HardenedScreenImage/Imports: cache hit (VINF_SUCCESS) on \Device\HarddiskVolume2\Program Files\Oracle\VirtualBox\msvcr100.dll
268c.2500: supR3HardenedMonitor_LdrLoadDll: pName=C:\Program Files\Oracle\VirtualBox\VBoxDragAndDropSvc.DLL (rcNtResolve=0xc0150008) *pfFlags=0x0 pwszSearchPath=0000000000000001:<flags> [calling]
268c.2500: supR3HardenedScreenImage/NtCreateSection: cache hit (VINF_SUCCESS) on \Device\HarddiskVolume2\Program Files\Oracle\VirtualBox\VBoxDragAndDropSvc.dll
268c.2500: supR3HardenedDllNotificationCallback: load   00007ff806be0000 LB 0x0000d000 C:\Program Files\Oracle\VirtualBox\VBoxDragAndDropSvc.DLL [fFlags=0x0]
268c.2500: supR3HardenedScreenImage/LdrLoadDll: cache hit (VINF_SUCCESS) on \Device\HarddiskVolume2\Program Files\Oracle\VirtualBox\VBoxDragAndDropSvc.dll
268c.2500: supR3HardenedMonitor_LdrLoadDll: returns rcNt=0x0 hMod=00007ff806be0000 'C:\Program Files\Oracle\VirtualBox\VBoxDragAndDropSvc.DLL'
268c.1d64: supR3HardenedMonitor_LdrLoadDll: returns rcNt=0x0 hMod=00007ff816010000 'C:\WINDOWS\system32\Shell32.dll'
268c.1d64: supR3HardenedScreenImage/LdrLoadDll: cache hit (VINF_SUCCESS) on \Device\HarddiskVolume2\Program Files\Oracle\VirtualBox\VBoxVMM.dll
268c.1d64: supR3HardenedMonitor_LdrLoadDll: pName=C:\Program Files\Oracle\VirtualBox\VBoxVMM.DLL (rcNtResolve=0xc0150008) *pfFlags=0x0 pwszSearchPath=0000000000000001:<flags> [calling]
268c.1d64: supR3HardenedMonitor_LdrLoadDll: returns rcNt=0x0 hMod=00007fffe0050000 'C:\Program Files\Oracle\VirtualBox\VBoxVMM.DLL'
268c.1d64: \Device\HarddiskVolume2\Program Files\Oracle\VirtualBox\ExtensionPacks\Oracle_VM_VirtualBox_Extension_Pack\win.amd64\VBoxHostWebcam.dll: Signature #1/2: info status: 24202
268c.1d64: supR3HardenedMonitor_LdrLoadDll: returns rcNt=0x0 hMod=00007ff814060000 'C:\WINDOWS\system32\rsaenh.dll'
268c.1d64: supR3HardenedMonitor_LdrLoadDll: returns rcNt=0x0 hMod=00007ff8156a0000 'C:\WINDOWS\System32\crypt32.dll'
268c.1d64: supR3HardenedWinVerifyCacheScheduleImports: Import todo: #0 'msvcr100.dll'.
268c.1d64: supR3HardenedWinVerifyCacheScheduleImports: Import todo: #1 'vboxrt.dll'.
268c.1d64: supR3HardenedWinVerifyCacheScheduleImports: Import todo: #3 'user32.dll'.
268c.1d64: supR3HardenedWinVerifyCacheScheduleImports: Import todo: #4 'ole32.dll'.
268c.1d64: supR3HardenedWinVerifyCacheScheduleImports: Import todo: #5 'oleaut32.dll'.
268c.1d64: supHardenedWinVerifyImageByHandle: -> 0 (\Device\HarddiskVolume2\Program Files\Oracle\VirtualBox\ExtensionPacks\Oracle_VM_VirtualBox_Extension_Pack\win.amd64\VBoxHostWebcam.dll) WinVerifyTrust
268c.1d64: supR3HardenedWinVerifyCacheInsert: \Device\HarddiskVolume2\Program Files\Oracle\VirtualBox\ExtensionPacks\Oracle_VM_VirtualBox_Extension_Pack\win.amd64\VBoxHostWebcam.dll
268c.1d64: supR3HardenedWinVerifyCacheProcessImportTodos: Processing 'oleaut32.dll'...
268c.1d64: supR3HardenedWinVerifyCacheProcessImportTodos: 'oleaut32.dll' -> '\Device\HarddiskVolume2\Windows\System32\oleaut32.dll' [rcNtRedir=0xc0150008]
268c.1d64: supR3HardenedWinVerifyCacheProcessImportTodos: Processing 'ole32.dll'...
268c.1d64: supR3HardenedWinVerifyCacheProcessImportTodos: 'ole32.dll' -> '\Device\HarddiskVolume2\Windows\System32\ole32.dll' [rcNtRedir=0xc0150008]
268c.1d64: supR3HardenedWinVerifyCacheProcessImportTodos: Processing 'user32.dll'...
268c.1d64: supR3HardenedWinVerifyCacheProcessImportTodos: 'user32.dll' -> '\Device\HarddiskVolume2\Windows\System32\user32.dll' [rcNtRedir=0xc0150008]
268c.1d64: supR3HardenedWinVerifyCacheProcessImportTodos: Processing 'vboxrt.dll'...
268c.1d64: supR3HardenedWinVerifyCacheProcessImportTodos: 'vboxrt.dll' -> '\Device\HarddiskVolume2\Program Files\Oracle\VirtualBox\vboxrt.dll' [rcNtRedir=0xc0150008]
268c.1d64: supR3HardenedWinVerifyCacheProcessImportTodos: Processing 'msvcr100.dll'...
268c.1d64: supR3HardenedWinVerifyCacheProcessImportTodos: 'msvcr100.dll' -> '\Device\HarddiskVolume2\Program Files\Oracle\VirtualBox\msvcr100.dll' [rcNtRedir=0xc0150008]
268c.1d64: supR3HardenedMonitor_LdrLoadDll: pName=C:\Program Files\Oracle\VirtualBox\ExtensionPacks\Oracle_VM_VirtualBox_Extension_Pack\win.amd64\VBoxHostWebcam.DLL (rcNtResolve=0xc0150008) *pfFlags=0x0 pwszSearchPath=0000000000000001:<flags> [calling]
268c.1d64: supR3HardenedScreenImage/NtCreateSection: cache hit (VINF_SUCCESS) on \Device\HarddiskVolume2\Program Files\Oracle\VirtualBox\ExtensionPacks\Oracle_VM_VirtualBox_Extension_Pack\win.amd64\VBoxHostWebcam.dll
268c.1d64: supR3HardenedDllNotificationCallback: load   00007ffff3400000 LB 0x00041000 C:\Program Files\Oracle\VirtualBox\ExtensionPacks\Oracle_VM_VirtualBox_Extension_Pack\win.amd64\VBoxHostWebcam.DLL [fFlags=0x0]
268c.1d64: supR3HardenedScreenImage/LdrLoadDll: cache hit (VINF_SUCCESS) on \Device\HarddiskVolume2\Program Files\Oracle\VirtualBox\ExtensionPacks\Oracle_VM_VirtualBox_Extension_Pack\win.amd64\VBoxHostWebcam.dll
268c.1d64: supR3HardenedMonitor_LdrLoadDll: returns rcNt=0x0 hMod=00007ffff3400000 'C:\Program Files\Oracle\VirtualBox\ExtensionPacks\Oracle_VM_VirtualBox_Extension_Pack\win.amd64\VBoxHostWebcam.DLL'
268c.1d64: supR3HardenedDllNotificationCallback: Unload 00007ffff3400000 LB 0x00041000 C:\Program Files\Oracle\VirtualBox\ExtensionPacks\Oracle_VM_VirtualBox_Extension_Pack\win.amd64\VBoxHostWebcam.DLL [flags=0x0]
268c.1d64: supR3HardenedMonitor_LdrLoadDll: returns rcNt=0x0 hMod=00007ff814060000 'C:\WINDOWS\system32\rsaenh.dll'
268c.1d64: supR3HardenedMonitor_LdrLoadDll: returns rcNt=0x0 hMod=00007ff8156a0000 'C:\WINDOWS\System32\crypt32.dll'
268c.1d64: \Device\HarddiskVolume2\Program Files\Oracle\VirtualBox\VBoxDD.dll: Signature #1/2: info status: 24202
268c.1d64: supR3HardenedMonitor_LdrLoadDll: returns rcNt=0x0 hMod=00007ff814060000 'C:\WINDOWS\system32\rsaenh.dll'
268c.1d64: supR3HardenedMonitor_LdrLoadDll: returns rcNt=0x0 hMod=00007ff8156a0000 'C:\WINDOWS\System32\crypt32.dll'
268c.1d64: supR3HardenedWinVerifyCacheScheduleImports: Import todo: #0 'msvcr100.dll'.
268c.1d64: supR3HardenedWinVerifyCacheScheduleImports: Import todo: #1 'vboxvmm.dll'.
268c.1d64: supR3HardenedWinVerifyCacheScheduleImports: Import todo: #2 'vboxrt.dll'.
268c.1d64: supR3HardenedWinVerifyCacheScheduleImports: Import todo: #3 'vboxddu.dll'.
268c.1d64: supR3HardenedWinVerifyCacheScheduleImports: Import todo: #4 'vboxdd2.dll'.
268c.1d64: supR3HardenedWinVerifyCacheScheduleImports: Import todo: #6 'user32.dll'.
268c.1d64: supR3HardenedWinVerifyCacheScheduleImports: Import todo: #7 'setupapi.dll'.
268c.1d64: supR3HardenedWinVerifyCacheScheduleImports: Import todo: #8 'ws2_32.dll'.
268c.1d64: supR3HardenedWinVerifyCacheScheduleImports: Import todo: #9 'ole32.dll'.
268c.1d64: supR3HardenedWinVerifyCacheScheduleImports: Import todo: #10 'iphlpapi.dll'.
268c.1d64: supHardenedWinVerifyImageByHandle: -> 0 (\Device\HarddiskVolume2\Program Files\Oracle\VirtualBox\VBoxDD.dll) WinVerifyTrust
268c.1d64: supR3HardenedWinVerifyCacheInsert: \Device\HarddiskVolume2\Program Files\Oracle\VirtualBox\VBoxDD.dll
268c.1d64: supR3HardenedWinVerifyCacheProcessImportTodos: Processing 'iphlpapi.dll'...
268c.1d64: supR3HardenedWinVerifyCacheProcessImportTodos: 'iphlpapi.dll' -> '\Device\HarddiskVolume2\Windows\System32\iphlpapi.dll' [rcNtRedir=0xc0150008]
268c.1d64: supR3HardenedMonitor_LdrLoadDll: returns rcNt=0x0 hMod=00007ff814060000 'C:\WINDOWS\system32\rsaenh.dll'
268c.1d64: supR3HardenedMonitor_LdrLoadDll: returns rcNt=0x0 hMod=00007ff8156a0000 'C:\WINDOWS\System32\crypt32.dll'
268c.1d64: supHardenedWinVerifyImageByHandle: -> 0 (\Device\HarddiskVolume2\Windows\System32\IPHLPAPI.DLL) WinVerifyTrust
268c.1d64: supR3HardenedWinVerifyCacheInsert: \Device\HarddiskVolume2\Windows\System32\IPHLPAPI.DLL
268c.1d64: supR3HardenedWinVerifyCacheProcessImportTodos: Processing 'ole32.dll'...
268c.1d64: supR3HardenedWinVerifyCacheProcessImportTodos: 'ole32.dll' -> '\Device\HarddiskVolume2\Windows\System32\ole32.dll' [rcNtRedir=0xc0150008]
268c.1d64: supR3HardenedWinVerifyCacheProcessImportTodos: Processing 'ws2_32.dll'...
268c.1d64: supR3HardenedWinVerifyCacheProcessImportTodos: 'ws2_32.dll' -> '\Device\HarddiskVolume2\Windows\System32\ws2_32.dll' [rcNtRedir=0xc0150008]
268c.1d64: supR3HardenedScreenImage/Imports: cache hit (VINF_SUCCESS) on \Device\HarddiskVolume2\Windows\System32\ws2_32.dll
268c.1d64: supR3HardenedWinVerifyCacheProcessImportTodos: Processing 'setupapi.dll'...
268c.1d64: supR3HardenedWinVerifyCacheProcessImportTodos: 'setupapi.dll' -> '\Device\HarddiskVolume2\Windows\System32\setupapi.dll' [rcNtRedir=0xc0150008]
268c.1d64: supR3HardenedMonitor_LdrLoadDll: returns rcNt=0x0 hMod=00007ff814060000 'C:\WINDOWS\system32\rsaenh.dll'
268c.1d64: supR3HardenedMonitor_LdrLoadDll: returns rcNt=0x0 hMod=00007ff8156a0000 'C:\WINDOWS\System32\crypt32.dll'
268c.1d64: supR3HardenedWinVerifyCacheScheduleImports: Import todo: #0 'msvcrt.dll'.
268c.1d64: supR3HardenedWinVerifyCacheScheduleImports: Import todo: #28 'rpcrt4.dll'.
268c.1d64: supR3HardenedWinVerifyCacheScheduleImports: Import todo: #35 'cfgmgr32.dll'.
268c.1d64: supR3HardenedWinVerifyCacheScheduleImports: Import todo: #41 'bcrypt.dll'.
268c.1d64: supHardenedWinVerifyImageByHandle: -> 0 (\Device\HarddiskVolume2\Windows\System32\setupapi.dll) WinVerifyTrust
268c.1d64: supR3HardenedWinVerifyCacheInsert: \Device\HarddiskVolume2\Windows\System32\setupapi.dll
268c.1d64: supR3HardenedWinVerifyCacheProcessImportTodos: Processing 'user32.dll'...
268c.1d64: supR3HardenedWinVerifyCacheProcessImportTodos: 'user32.dll' -> '\Device\HarddiskVolume2\Windows\System32\user32.dll' [rcNtRedir=0xc0150008]
268c.1d64: supR3HardenedWinVerifyCacheProcessImportTodos: Processing 'vboxdd2.dll'...
268c.1d64: supR3HardenedWinVerifyCacheProcessImportTodos: 'vboxdd2.dll' -> '\Device\HarddiskVolume2\Program Files\Oracle\VirtualBox\vboxdd2.dll' [rcNtRedir=0xc0150008]
268c.1d64: \Device\HarddiskVolume2\Program Files\Oracle\VirtualBox\VBoxDD2.dll: Signature #1/2: info status: 24202
268c.1d64: supR3HardenedWinVerifyCacheProcessImportTodos: Processing 'bcrypt.dll'...
268c.1d64: supR3HardenedWinVerifyCacheProcessImportTodos: 'bcrypt.dll' -> '\Device\HarddiskVolume2\Windows\System32\bcrypt.dll' [rcNtRedir=0xc0150008]
268c.1d64: supR3HardenedScreenImage/Imports: cache hit (VINF_SUCCESS) on \Device\HarddiskVolume2\Windows\System32\bcrypt.dll
268c.1d64: supR3HardenedWinVerifyCacheProcessImportTodos: Processing 'cfgmgr32.dll'...
268c.1d64: supR3HardenedWinVerifyCacheProcessImportTodos: 'cfgmgr32.dll' -> '\Device\HarddiskVolume2\Windows\System32\cfgmgr32.dll' [rcNtRedir=0xc0150008]
268c.1d64: Detected WinVerifyTrust recursion: rc=VINF_SUCCESS '\Device\HarddiskVolume2\Windows\System32\cfgmgr32.dll'.
268c.1d64: supHardenedWinVerifyImageByHandle: -> 0 (\Device\HarddiskVolume2\Windows\System32\cfgmgr32.dll)
268c.1d64: supR3HardenedWinVerifyCacheInsert: \Device\HarddiskVolume2\Windows\System32\cfgmgr32.dll
268c.1d64: supR3HardenedWinVerifyCacheProcessImportTodos: Processing 'rpcrt4.dll'...
268c.1d64: supR3HardenedWinVerifyCacheProcessImportTodos: 'rpcrt4.dll' -> '\Device\HarddiskVolume2\Windows\System32\rpcrt4.dll' [rcNtRedir=0xc0150008]
268c.1d64: supR3HardenedWinVerifyCacheProcessImportTodos: Processing 'msvcrt.dll'...
268c.1d64: supR3HardenedWinVerifyCacheProcessImportTodos: 'msvcrt.dll' -> '\Device\HarddiskVolume2\Windows\System32\msvcrt.dll' [rcNtRedir=0xc0150008]
268c.1d64: supR3HardenedMonitor_LdrLoadDll: returns rcNt=0x0 hMod=00007ff814060000 'C:\WINDOWS\system32\rsaenh.dll'
268c.1d64: supR3HardenedMonitor_LdrLoadDll: returns rcNt=0x0 hMod=00007ff8156a0000 'C:\WINDOWS\System32\crypt32.dll'
268c.1d64: supR3HardenedWinVerifyCacheScheduleImports: Import todo: #0 'msvcr100.dll'.
268c.1d64: supR3HardenedWinVerifyCacheScheduleImports: Import todo: #1 'vboxrt.dll'.
268c.1d64: supHardenedWinVerifyImageByHandle: -> 0 (\Device\HarddiskVolume2\Program Files\Oracle\VirtualBox\VBoxDD2.dll) WinVerifyTrust
268c.1d64: supR3HardenedWinVerifyCacheInsert: \Device\HarddiskVolume2\Program Files\Oracle\VirtualBox\VBoxDD2.dll
268c.1d64: supR3HardenedWinVerifyCacheProcessImportTodos: Processing 'vboxddu.dll'...
268c.1d64: supR3HardenedWinVerifyCacheProcessImportTodos: 'vboxddu.dll' -> '\Device\HarddiskVolume2\Program Files\Oracle\VirtualBox\vboxddu.dll' [rcNtRedir=0xc0150008]
268c.1d64: \Device\HarddiskVolume2\Program Files\Oracle\VirtualBox\VBoxDDU.dll: Signature #1/2: info status: 24202
268c.1d64: supR3HardenedWinVerifyCacheProcessImportTodos: Processing 'vboxrt.dll'...
268c.1d64: supR3HardenedWinVerifyCacheProcessImportTodos: 'vboxrt.dll' -> '\Device\HarddiskVolume2\Program Files\Oracle\VirtualBox\vboxrt.dll' [rcNtRedir=0xc0150008]
268c.1d64: supR3HardenedWinVerifyCacheProcessImportTodos: Processing 'msvcr100.dll'...
268c.1d64: supR3HardenedWinVerifyCacheProcessImportTodos: 'msvcr100.dll' -> '\Device\HarddiskVolume2\Program Files\Oracle\VirtualBox\msvcr100.dll' [rcNtRedir=0xc0150008]
268c.1d64: supR3HardenedMonitor_LdrLoadDll: returns rcNt=0x0 hMod=00007ff814060000 'C:\WINDOWS\system32\rsaenh.dll'
268c.1d64: supR3HardenedMonitor_LdrLoadDll: returns rcNt=0x0 hMod=00007ff8156a0000 'C:\WINDOWS\System32\crypt32.dll'
268c.1d64: supR3HardenedWinVerifyCacheScheduleImports: Import todo: #0 'msvcr100.dll'.
268c.1d64: supR3HardenedWinVerifyCacheScheduleImports: Import todo: #1 'vboxrt.dll'.
268c.1d64: supR3HardenedWinVerifyCacheScheduleImports: Import todo: #3 'user32.dll'.
268c.1d64: supR3HardenedWinVerifyCacheScheduleImports: Import todo: #4 'setupapi.dll'.
268c.1d64: supR3HardenedWinVerifyCacheScheduleImports: Import todo: #5 'advapi32.dll'.
268c.1d64: supHardenedWinVerifyImageByHandle: -> 0 (\Device\HarddiskVolume2\Program Files\Oracle\VirtualBox\VBoxDDU.dll) WinVerifyTrust
268c.1d64: supR3HardenedWinVerifyCacheInsert: \Device\HarddiskVolume2\Program Files\Oracle\VirtualBox\VBoxDDU.dll
268c.1d64: supR3HardenedWinVerifyCacheProcessImportTodos: Processing 'vboxrt.dll'...
268c.1d64: supR3HardenedWinVerifyCacheProcessImportTodos: 'vboxrt.dll' -> '\Device\HarddiskVolume2\Program Files\Oracle\VirtualBox\vboxrt.dll' [rcNtRedir=0xc0150008]
268c.1d64: supR3HardenedWinVerifyCacheProcessImportTodos: Processing 'vboxvmm.dll'...
268c.1d64: supR3HardenedWinVerifyCacheProcessImportTodos: 'vboxvmm.dll' -> '\Device\HarddiskVolume2\Program Files\Oracle\VirtualBox\vboxvmm.dll' [rcNtRedir=0xc0150008]
268c.1d64: supR3HardenedScreenImage/Imports: cache hit (VINF_SUCCESS) on \Device\HarddiskVolume2\Program Files\Oracle\VirtualBox\VBoxVMM.dll
268c.1d64: supR3HardenedWinVerifyCacheProcessImportTodos: Processing 'msvcr100.dll'...
268c.1d64: supR3HardenedWinVerifyCacheProcessImportTodos: 'msvcr100.dll' -> '\Device\HarddiskVolume2\Program Files\Oracle\VirtualBox\msvcr100.dll' [rcNtRedir=0xc0150008]
268c.1d64: supR3HardenedWinVerifyCacheProcessImportTodos: Processing 'advapi32.dll'...
268c.1d64: supR3HardenedWinVerifyCacheProcessImportTodos: 'advapi32.dll' -> '\Device\HarddiskVolume2\Windows\System32\advapi32.dll' [rcNtRedir=0xc0150008]
268c.1d64: supR3HardenedWinVerifyCacheProcessImportTodos: Processing 'setupapi.dll'...
268c.1d64: supR3HardenedWinVerifyCacheProcessImportTodos: 'setupapi.dll' -> '\Device\HarddiskVolume2\Windows\System32\setupapi.dll' [rcNtRedir=0xc0150008]
268c.1d64: supR3HardenedScreenImage/Imports: cache hit (VINF_SUCCESS) on \Device\HarddiskVolume2\Windows\System32\setupapi.dll
268c.1d64: supR3HardenedWinVerifyCacheProcessImportTodos: Processing 'user32.dll'...
268c.1d64: supR3HardenedWinVerifyCacheProcessImportTodos: 'user32.dll' -> '\Device\HarddiskVolume2\Windows\System32\user32.dll' [rcNtRedir=0xc0150008]
268c.1d64: supR3HardenedWinVerifyCacheProcessImportTodos: Processing 'vboxrt.dll'...
268c.1d64: supR3HardenedWinVerifyCacheProcessImportTodos: 'vboxrt.dll' -> '\Device\HarddiskVolume2\Program Files\Oracle\VirtualBox\vboxrt.dll' [rcNtRedir=0xc0150008]
268c.1d64: supR3HardenedWinVerifyCacheProcessImportTodos: Processing 'msvcr100.dll'...
268c.1d64: supR3HardenedWinVerifyCacheProcessImportTodos: 'msvcr100.dll' -> '\Device\HarddiskVolume2\Program Files\Oracle\VirtualBox\msvcr100.dll' [rcNtRedir=0xc0150008]
268c.1d64: supR3HardenedMonitor_LdrLoadDll: pName=C:\Program Files\Oracle\VirtualBox\VBoxDD.DLL (rcNtResolve=0xc0150008) *pfFlags=0x0 pwszSearchPath=0000000000000001:<flags> [calling]
268c.1d64: supR3HardenedScreenImage/NtCreateSection: cache hit (VINF_SUCCESS) on \Device\HarddiskVolume2\Program Files\Oracle\VirtualBox\VBoxDD.dll
268c.1d64: supR3HardenedScreenImage/NtCreateSection: cache hit (VINF_SUCCESS) on \Device\HarddiskVolume2\Program Files\Oracle\VirtualBox\VBoxDDU.dll
268c.1d64: supR3HardenedScreenImage/NtCreateSection: cache hit (VINF_SUCCESS) on \Device\HarddiskVolume2\Program Files\Oracle\VirtualBox\VBoxDD2.dll
268c.1d64: supR3HardenedScreenImage/NtCreateSection: cache hit (VINF_SUCCESS) on \Device\HarddiskVolume2\Windows\System32\IPHLPAPI.DLL
268c.1d64: supR3HardenedDllNotificationCallback: load   00007ff8155e0000 LB 0x0004e000 C:\WINDOWS\System32\cfgmgr32.dll [fFlags=0x0]
268c.1d64: supR3HardenedScreenImage/LdrLoadDll: cache hit (VINF_SUCCESS) on \Device\HarddiskVolume2\Windows\System32\cfgmgr32.dll [avoiding WinVerifyTrust]
268c.1d64: supR3HardenedDllNotificationCallback: load   00007ff8174c0000 LB 0x0046e000 C:\WINDOWS\System32\SETUPAPI.dll [fFlags=0x0]
268c.1d64: supR3HardenedScreenImage/LdrLoadDll: cache hit (VINF_SUCCESS) on \Device\HarddiskVolume2\Windows\System32\setupapi.dll
268c.1d64: supR3HardenedDllNotificationCallback: load   00007ffff9d60000 LB 0x00066000 C:\Program Files\Oracle\VirtualBox\VBoxDDU.dll [fFlags=0x0]
268c.1d64: supR3HardenedScreenImage/LdrLoadDll: cache hit (VINF_SUCCESS) on \Device\HarddiskVolume2\Program Files\Oracle\VirtualBox\VBoxDDU.dll
268c.1d64: supR3HardenedDllNotificationCallback: load   00007fffdd5f0000 LB 0x0085c000 C:\Program Files\Oracle\VirtualBox\VBoxDD2.dll [fFlags=0x0]
268c.1d64: supR3HardenedScreenImage/LdrLoadDll: cache hit (VINF_SUCCESS) on \Device\HarddiskVolume2\Program Files\Oracle\VirtualBox\VBoxDD2.dll
268c.1d64: supR3HardenedDllNotificationCallback: load   00007ff814420000 LB 0x0003b000 C:\WINDOWS\SYSTEM32\IPHLPAPI.DLL [fFlags=0x0]
268c.1d64: supR3HardenedScreenImage/LdrLoadDll: cache hit (VINF_SUCCESS) on \Device\HarddiskVolume2\Windows\System32\IPHLPAPI.DLL
268c.1d64: supR3HardenedDllNotificationCallback: load   00007fffdde50000 LB 0x00a04000 C:\Program Files\Oracle\VirtualBox\VBoxDD.DLL [fFlags=0x0]
268c.1d64: supR3HardenedScreenImage/LdrLoadDll: cache hit (VINF_SUCCESS) on \Device\HarddiskVolume2\Program Files\Oracle\VirtualBox\VBoxDD.dll
268c.1d64: supR3HardenedMonitor_LdrLoadDll: returns rcNt=0x0 hMod=00007fffdde50000 'C:\Program Files\Oracle\VirtualBox\VBoxDD.DLL'
268c.1d64: supR3HardenedMonitor_LdrLoadDll: returns rcNt=0x0 hMod=00007ff814060000 'C:\WINDOWS\system32\rsaenh.dll'
268c.1d64: supR3HardenedMonitor_LdrLoadDll: returns rcNt=0x0 hMod=00007ff8156a0000 'C:\WINDOWS\System32\crypt32.dll'
268c.1d64: supR3HardenedWinVerifyCacheProcessWvtTodos: 0 (was 0) fWinVerifyTrust=1 for '\Device\HarddiskVolume2\Windows\System32\cfgmgr32.dll'
268c.1d64: supR3HardenedMonitor_LdrLoadDll: returns rcNt=0x0 hMod=00007ff814060000 'C:\WINDOWS\system32\rsaenh.dll'
268c.1d64: supR3HardenedMonitor_LdrLoadDll: returns rcNt=0x0 hMod=00007ff8156a0000 'C:\WINDOWS\System32\crypt32.dll'
268c.1d64: supR3HardenedScreenImage/LdrLoadDll: cache hit (VINF_SUCCESS) on \Device\HarddiskVolume2\Program Files\Oracle\VirtualBox\ExtensionPacks\Oracle_VM_VirtualBox_Extension_Pack\win.amd64\VBoxHostWebcam.dll
268c.1d64: supR3HardenedMonitor_LdrLoadDll: pName=C:\Program Files\Oracle\VirtualBox\ExtensionPacks\Oracle_VM_VirtualBox_Extension_Pack\win.amd64\VBoxHostWebcam.DLL (rcNtResolve=0xc0150008) *pfFlags=0x0 pwszSearchPath=0000000000000001:<flags> [calling]
268c.1d64: supR3HardenedScreenImage/NtCreateSection: cache hit (VINF_SUCCESS) on \Device\HarddiskVolume2\Program Files\Oracle\VirtualBox\ExtensionPacks\Oracle_VM_VirtualBox_Extension_Pack\win.amd64\VBoxHostWebcam.dll
268c.1d64: supR3HardenedDllNotificationCallback: load   00007ffff3400000 LB 0x00041000 C:\Program Files\Oracle\VirtualBox\ExtensionPacks\Oracle_VM_VirtualBox_Extension_Pack\win.amd64\VBoxHostWebcam.DLL [fFlags=0x0]
268c.1d64: supR3HardenedScreenImage/LdrLoadDll: cache hit (VINF_SUCCESS) on \Device\HarddiskVolume2\Program Files\Oracle\VirtualBox\ExtensionPacks\Oracle_VM_VirtualBox_Extension_Pack\win.amd64\VBoxHostWebcam.dll
268c.1d64: supR3HardenedMonitor_LdrLoadDll: returns rcNt=0x0 hMod=00007ffff3400000 'C:\Program Files\Oracle\VirtualBox\ExtensionPacks\Oracle_VM_VirtualBox_Extension_Pack\win.amd64\VBoxHostWebcam.DLL'
268c.1d64: supR3HardenedMonitor_LdrLoadDll: returns rcNt=0x0 hMod=00007ff814060000 'C:\WINDOWS\system32\rsaenh.dll'
268c.1d64: supR3HardenedMonitor_LdrLoadDll: returns rcNt=0x0 hMod=00007ff8156a0000 'C:\WINDOWS\System32\crypt32.dll'
268c.1d64: supR3HardenedScreenImage/LdrLoadDll: cache hit (VINF_SUCCESS) on \Device\HarddiskVolume2\Program Files\Oracle\VirtualBox\VBoxC.dll
268c.1d64: supR3HardenedMonitor_LdrLoadDll: pName=C:\Program Files\Oracle\VirtualBox\VBoxC.DLL (rcNtResolve=0xc0150008) *pfFlags=0x0 pwszSearchPath=0000000000000001:<flags> [calling]
268c.1d64: supR3HardenedMonitor_LdrLoadDll: returns rcNt=0x0 hMod=00007fffe03d0000 'C:\Program Files\Oracle\VirtualBox\VBoxC.DLL'
268c.1d64: supR3HardenedMonitor_LdrLoadDll: returns rcNt=0x0 hMod=00007ff814060000 'C:\WINDOWS\system32\rsaenh.dll'
268c.1d64: supR3HardenedMonitor_LdrLoadDll: returns rcNt=0x0 hMod=00007ff8156a0000 'C:\WINDOWS\System32\crypt32.dll'
268c.1d64: supR3HardenedScreenImage/LdrLoadDll: cache hit (VINF_SUCCESS) on \Device\HarddiskVolume2\Program Files\Oracle\VirtualBox\VBoxDD2.dll
268c.1d64: supR3HardenedMonitor_LdrLoadDll: pName=C:\Program Files\Oracle\VirtualBox\VBoxDD2.DLL (rcNtResolve=0xc0150008) *pfFlags=0x0 pwszSearchPath=0000000000000001:<flags> [calling]
268c.1d64: supR3HardenedMonitor_LdrLoadDll: returns rcNt=0x0 hMod=00007fffdd5f0000 'C:\Program Files\Oracle\VirtualBox\VBoxDD2.DLL'
268c.1d64: supR3HardenedMonitor_LdrLoadDll: returns rcNt=0x0 hMod=00007ff814060000 'C:\WINDOWS\system32\rsaenh.dll'
268c.1d64: supR3HardenedMonitor_LdrLoadDll: returns rcNt=0x0 hMod=00007ff8156a0000 'C:\WINDOWS\System32\crypt32.dll'
268c.1d64: \Device\HarddiskVolume2\Program Files\Oracle\VirtualBox\ExtensionPacks\Oracle_VM_VirtualBox_Extension_Pack\win.amd64\VBoxEhciR3.dll: Signature #1/2: info status: 24202
268c.1d64: supR3HardenedMonitor_LdrLoadDll: returns rcNt=0x0 hMod=00007ff814060000 'C:\WINDOWS\system32\rsaenh.dll'
268c.1d64: supR3HardenedMonitor_LdrLoadDll: returns rcNt=0x0 hMod=00007ff8156a0000 'C:\WINDOWS\System32\crypt32.dll'
268c.1d64: supR3HardenedWinVerifyCacheScheduleImports: Import todo: #0 'msvcr100.dll'.
268c.1d64: supR3HardenedWinVerifyCacheScheduleImports: Import todo: #1 'vboxrt.dll'.
268c.1d64: supHardenedWinVerifyImageByHandle: -> 0 (\Device\HarddiskVolume2\Program Files\Oracle\VirtualBox\ExtensionPacks\Oracle_VM_VirtualBox_Extension_Pack\win.amd64\VBoxEhciR3.dll) WinVerifyTrust
268c.1d64: supR3HardenedWinVerifyCacheInsert: \Device\HarddiskVolume2\Program Files\Oracle\VirtualBox\ExtensionPacks\Oracle_VM_VirtualBox_Extension_Pack\win.amd64\VBoxEhciR3.dll
268c.1d64: supR3HardenedWinVerifyCacheProcessImportTodos: Processing 'vboxrt.dll'...
268c.1d64: supR3HardenedWinVerifyCacheProcessImportTodos: 'vboxrt.dll' -> '\Device\HarddiskVolume2\Program Files\Oracle\VirtualBox\vboxrt.dll' [rcNtRedir=0xc0150008]
268c.1d64: supR3HardenedWinVerifyCacheProcessImportTodos: Processing 'msvcr100.dll'...
268c.1d64: supR3HardenedWinVerifyCacheProcessImportTodos: 'msvcr100.dll' -> '\Device\HarddiskVolume2\Program Files\Oracle\VirtualBox\msvcr100.dll' [rcNtRedir=0xc0150008]
268c.1d64: supR3HardenedMonitor_LdrLoadDll: pName=C:\Program Files\Oracle\VirtualBox\ExtensionPacks\Oracle_VM_VirtualBox_Extension_Pack\win.amd64\VBoxEhciR3.DLL (rcNtResolve=0xc0150008) *pfFlags=0x0 pwszSearchPath=0000000000000001:<flags> [calling]
268c.1d64: supR3HardenedScreenImage/NtCreateSection: cache hit (VINF_SUCCESS) on \Device\HarddiskVolume2\Program Files\Oracle\VirtualBox\ExtensionPacks\Oracle_VM_VirtualBox_Extension_Pack\win.amd64\VBoxEhciR3.dll
268c.1d64: supR3HardenedDllNotificationCallback: load   00007ff8059e0000 LB 0x00017000 C:\Program Files\Oracle\VirtualBox\ExtensionPacks\Oracle_VM_VirtualBox_Extension_Pack\win.amd64\VBoxEhciR3.DLL [fFlags=0x0]
268c.1d64: supR3HardenedScreenImage/LdrLoadDll: cache hit (VINF_SUCCESS) on \Device\HarddiskVolume2\Program Files\Oracle\VirtualBox\ExtensionPacks\Oracle_VM_VirtualBox_Extension_Pack\win.amd64\VBoxEhciR3.dll
268c.1d64: supR3HardenedMonitor_LdrLoadDll: returns rcNt=0x0 hMod=00007ff8059e0000 'C:\Program Files\Oracle\VirtualBox\ExtensionPacks\Oracle_VM_VirtualBox_Extension_Pack\win.amd64\VBoxEhciR3.DLL'
268c.1d64: supR3HardenedMonitor_LdrLoadDll: returns rcNt=0x0 hMod=00007ff814060000 'C:\WINDOWS\system32\rsaenh.dll'
268c.1d64: supR3HardenedMonitor_LdrLoadDll: returns rcNt=0x0 hMod=00007ff8156a0000 'C:\WINDOWS\System32\crypt32.dll'
268c.1d64: \Device\HarddiskVolume2\Program Files\Oracle\VirtualBox\ExtensionPacks\Oracle_VM_VirtualBox_Extension_Pack\win.amd64\VBoxNvmeR3.dll: Signature #1/2: info status: 24202
268c.1d64: supR3HardenedMonitor_LdrLoadDll: returns rcNt=0x0 hMod=00007ff814060000 'C:\WINDOWS\system32\rsaenh.dll'
268c.1d64: supR3HardenedMonitor_LdrLoadDll: returns rcNt=0x0 hMod=00007ff8156a0000 'C:\WINDOWS\System32\crypt32.dll'
268c.1d64: supR3HardenedWinVerifyCacheScheduleImports: Import todo: #0 'msvcr100.dll'.
268c.1d64: supR3HardenedWinVerifyCacheScheduleImports: Import todo: #1 'vboxrt.dll'.
268c.1d64: supHardenedWinVerifyImageByHandle: -> 0 (\Device\HarddiskVolume2\Program Files\Oracle\VirtualBox\ExtensionPacks\Oracle_VM_VirtualBox_Extension_Pack\win.amd64\VBoxNvmeR3.dll) WinVerifyTrust
268c.1d64: supR3HardenedWinVerifyCacheInsert: \Device\HarddiskVolume2\Program Files\Oracle\VirtualBox\ExtensionPacks\Oracle_VM_VirtualBox_Extension_Pack\win.amd64\VBoxNvmeR3.dll
268c.1d64: supR3HardenedWinVerifyCacheProcessImportTodos: Processing 'vboxrt.dll'...
268c.1d64: supR3HardenedWinVerifyCacheProcessImportTodos: 'vboxrt.dll' -> '\Device\HarddiskVolume2\Program Files\Oracle\VirtualBox\vboxrt.dll' [rcNtRedir=0xc0150008]
268c.1d64: supR3HardenedWinVerifyCacheProcessImportTodos: Processing 'msvcr100.dll'...
268c.1d64: supR3HardenedWinVerifyCacheProcessImportTodos: 'msvcr100.dll' -> '\Device\HarddiskVolume2\Program Files\Oracle\VirtualBox\msvcr100.dll' [rcNtRedir=0xc0150008]
268c.1d64: supR3HardenedMonitor_LdrLoadDll: pName=C:\Program Files\Oracle\VirtualBox\ExtensionPacks\Oracle_VM_VirtualBox_Extension_Pack\win.amd64\VBoxNvmeR3.DLL (rcNtResolve=0xc0150008) *pfFlags=0x0 pwszSearchPath=0000000000000001:<flags> [calling]
268c.1d64: supR3HardenedScreenImage/NtCreateSection: cache hit (VINF_SUCCESS) on \Device\HarddiskVolume2\Program Files\Oracle\VirtualBox\ExtensionPacks\Oracle_VM_VirtualBox_Extension_Pack\win.amd64\VBoxNvmeR3.dll
268c.1d64: supR3HardenedDllNotificationCallback: load   00007ff8056e0000 LB 0x00012000 C:\Program Files\Oracle\VirtualBox\ExtensionPacks\Oracle_VM_VirtualBox_Extension_Pack\win.amd64\VBoxNvmeR3.DLL [fFlags=0x0]
268c.1d64: supR3HardenedScreenImage/LdrLoadDll: cache hit (VINF_SUCCESS) on \Device\HarddiskVolume2\Program Files\Oracle\VirtualBox\ExtensionPacks\Oracle_VM_VirtualBox_Extension_Pack\win.amd64\VBoxNvmeR3.dll
268c.1d64: supR3HardenedMonitor_LdrLoadDll: returns rcNt=0x0 hMod=00007ff8056e0000 'C:\Program Files\Oracle\VirtualBox\ExtensionPacks\Oracle_VM_VirtualBox_Extension_Pack\win.amd64\VBoxNvmeR3.DLL'
268c.1d64: supR3HardenedMonitor_LdrLoadDll: returns rcNt=0x0 hMod=00007ff814060000 'C:\WINDOWS\system32\rsaenh.dll'
268c.1d64: supR3HardenedMonitor_LdrLoadDll: returns rcNt=0x0 hMod=00007ff8156a0000 'C:\WINDOWS\System32\crypt32.dll'
268c.1d64: \Device\HarddiskVolume2\Program Files\Oracle\VirtualBox\ExtensionPacks\Oracle_VM_VirtualBox_Extension_Pack\win.amd64\VBoxUsbCardReaderR3.dll: Signature #1/2: info status: 24202
268c.1d64: supR3HardenedMonitor_LdrLoadDll: returns rcNt=0x0 hMod=00007ff814060000 'C:\WINDOWS\system32\rsaenh.dll'
268c.1d64: supR3HardenedMonitor_LdrLoadDll: returns rcNt=0x0 hMod=00007ff8156a0000 'C:\WINDOWS\System32\crypt32.dll'
268c.1d64: supR3HardenedWinVerifyCacheScheduleImports: Import todo: #0 'msvcr100.dll'.
268c.1d64: supR3HardenedWinVerifyCacheScheduleImports: Import todo: #1 'vboxrt.dll'.
268c.1d64: supHardenedWinVerifyImageByHandle: -> 0 (\Device\HarddiskVolume2\Program Files\Oracle\VirtualBox\ExtensionPacks\Oracle_VM_VirtualBox_Extension_Pack\win.amd64\VBoxUsbCardReaderR3.dll) WinVerifyTrust
268c.1d64: supR3HardenedWinVerifyCacheInsert: \Device\HarddiskVolume2\Program Files\Oracle\VirtualBox\ExtensionPacks\Oracle_VM_VirtualBox_Extension_Pack\win.amd64\VBoxUsbCardReaderR3.dll
268c.1d64: supR3HardenedWinVerifyCacheProcessImportTodos: Processing 'vboxrt.dll'...
268c.1d64: supR3HardenedWinVerifyCacheProcessImportTodos: 'vboxrt.dll' -> '\Device\HarddiskVolume2\Program Files\Oracle\VirtualBox\vboxrt.dll' [rcNtRedir=0xc0150008]
268c.1d64: supR3HardenedWinVerifyCacheProcessImportTodos: Processing 'msvcr100.dll'...
268c.1d64: supR3HardenedWinVerifyCacheProcessImportTodos: 'msvcr100.dll' -> '\Device\HarddiskVolume2\Program Files\Oracle\VirtualBox\msvcr100.dll' [rcNtRedir=0xc0150008]
268c.1d64: supR3HardenedMonitor_LdrLoadDll: pName=C:\Program Files\Oracle\VirtualBox\ExtensionPacks\Oracle_VM_VirtualBox_Extension_Pack\win.amd64\VBoxUsbCardReaderR3.DLL (rcNtResolve=0xc0150008) *pfFlags=0x0 pwszSearchPath=0000000000000001:<flags> [calling]
268c.1d64: supR3HardenedScreenImage/NtCreateSection: cache hit (VINF_SUCCESS) on \Device\HarddiskVolume2\Program Files\Oracle\VirtualBox\ExtensionPacks\Oracle_VM_VirtualBox_Extension_Pack\win.amd64\VBoxUsbCardReaderR3.dll
268c.1d64: supR3HardenedDllNotificationCallback: load   00007ff8055a0000 LB 0x00018000 C:\Program Files\Oracle\VirtualBox\ExtensionPacks\Oracle_VM_VirtualBox_Extension_Pack\win.amd64\VBoxUsbCardReaderR3.DLL [fFlags=0x0]
268c.1d64: supR3HardenedScreenImage/LdrLoadDll: cache hit (VINF_SUCCESS) on \Device\HarddiskVolume2\Program Files\Oracle\VirtualBox\ExtensionPacks\Oracle_VM_VirtualBox_Extension_Pack\win.amd64\VBoxUsbCardReaderR3.dll
268c.1d64: supR3HardenedMonitor_LdrLoadDll: returns rcNt=0x0 hMod=00007ff8055a0000 'C:\Program Files\Oracle\VirtualBox\ExtensionPacks\Oracle_VM_VirtualBox_Extension_Pack\win.amd64\VBoxUsbCardReaderR3.DLL'
268c.1d64: supR3HardenedMonitor_LdrLoadDll: returns rcNt=0x0 hMod=00007ff814060000 'C:\WINDOWS\system32\rsaenh.dll'
268c.1d64: supR3HardenedMonitor_LdrLoadDll: returns rcNt=0x0 hMod=00007ff8156a0000 'C:\WINDOWS\System32\crypt32.dll'
268c.1d64: \Device\HarddiskVolume2\Program Files\Oracle\VirtualBox\ExtensionPacks\Oracle_VM_VirtualBox_Extension_Pack\win.amd64\VBoxUsbWebcamR3.dll: Signature #1/2: info status: 24202
268c.1d64: supR3HardenedMonitor_LdrLoadDll: returns rcNt=0x0 hMod=00007ff814060000 'C:\WINDOWS\system32\rsaenh.dll'
268c.1d64: supR3HardenedMonitor_LdrLoadDll: returns rcNt=0x0 hMod=00007ff8156a0000 'C:\WINDOWS\System32\crypt32.dll'
268c.1d64: supR3HardenedWinVerifyCacheScheduleImports: Import todo: #0 'msvcr100.dll'.
268c.1d64: supR3HardenedWinVerifyCacheScheduleImports: Import todo: #1 'vboxrt.dll'.
268c.1d64: supHardenedWinVerifyImageByHandle: -> 0 (\Device\HarddiskVolume2\Program Files\Oracle\VirtualBox\ExtensionPacks\Oracle_VM_VirtualBox_Extension_Pack\win.amd64\VBoxUsbWebcamR3.dll) WinVerifyTrust
268c.1d64: supR3HardenedWinVerifyCacheInsert: \Device\HarddiskVolume2\Program Files\Oracle\VirtualBox\ExtensionPacks\Oracle_VM_VirtualBox_Extension_Pack\win.amd64\VBoxUsbWebcamR3.dll
268c.1d64: supR3HardenedWinVerifyCacheProcessImportTodos: Processing 'vboxrt.dll'...
268c.1d64: supR3HardenedWinVerifyCacheProcessImportTodos: 'vboxrt.dll' -> '\Device\HarddiskVolume2\Program Files\Oracle\VirtualBox\vboxrt.dll' [rcNtRedir=0xc0150008]
268c.1d64: supR3HardenedWinVerifyCacheProcessImportTodos: Processing 'msvcr100.dll'...
268c.1d64: supR3HardenedWinVerifyCacheProcessImportTodos: 'msvcr100.dll' -> '\Device\HarddiskVolume2\Program Files\Oracle\VirtualBox\msvcr100.dll' [rcNtRedir=0xc0150008]
268c.1d64: supR3HardenedMonitor_LdrLoadDll: pName=C:\Program Files\Oracle\VirtualBox\ExtensionPacks\Oracle_VM_VirtualBox_Extension_Pack\win.amd64\VBoxUsbWebcamR3.DLL (rcNtResolve=0xc0150008) *pfFlags=0x0 pwszSearchPath=0000000000000001:<flags> [calling]
268c.1d64: supR3HardenedScreenImage/NtCreateSection: cache hit (VINF_SUCCESS) on \Device\HarddiskVolume2\Program Files\Oracle\VirtualBox\ExtensionPacks\Oracle_VM_VirtualBox_Extension_Pack\win.amd64\VBoxUsbWebcamR3.dll
268c.1d64: supR3HardenedDllNotificationCallback: load   00007ff805130000 LB 0x00019000 C:\Program Files\Oracle\VirtualBox\ExtensionPacks\Oracle_VM_VirtualBox_Extension_Pack\win.amd64\VBoxUsbWebcamR3.DLL [fFlags=0x0]
268c.1d64: supR3HardenedScreenImage/LdrLoadDll: cache hit (VINF_SUCCESS) on \Device\HarddiskVolume2\Program Files\Oracle\VirtualBox\ExtensionPacks\Oracle_VM_VirtualBox_Extension_Pack\win.amd64\VBoxUsbWebcamR3.dll
268c.1d64: supR3HardenedMonitor_LdrLoadDll: returns rcNt=0x0 hMod=00007ff805130000 'C:\Program Files\Oracle\VirtualBox\ExtensionPacks\Oracle_VM_VirtualBox_Extension_Pack\win.amd64\VBoxUsbWebcamR3.DLL'
268c.1d64: supR3HardenedMonitor_LdrLoadDll: returns rcNt=0x0 hMod=00007ff814060000 'C:\WINDOWS\system32\rsaenh.dll'
268c.1d64: supR3HardenedMonitor_LdrLoadDll: returns rcNt=0x0 hMod=00007ff8156a0000 'C:\WINDOWS\System32\crypt32.dll'
268c.3268: \Device\HarddiskVolume2\Program Files\Oracle\VirtualBox\VBoxSharedFolders.dll: Signature #1/2: info status: 24202
268c.3268: supR3HardenedMonitor_LdrLoadDll: returns rcNt=0x0 hMod=00007ff814060000 'C:\WINDOWS\system32\rsaenh.dll'
268c.3268: supR3HardenedMonitor_LdrLoadDll: returns rcNt=0x0 hMod=00007ff8156a0000 'C:\WINDOWS\System32\crypt32.dll'
268c.3268: supR3HardenedWinVerifyCacheScheduleImports: Import todo: #0 'msvcr100.dll'.
268c.3268: supR3HardenedWinVerifyCacheScheduleImports: Import todo: #1 'vboxvmm.dll'.
268c.3268: supR3HardenedWinVerifyCacheScheduleImports: Import todo: #2 'vboxrt.dll'.
268c.3268: supHardenedWinVerifyImageByHandle: -> 0 (\Device\HarddiskVolume2\Program Files\Oracle\VirtualBox\VBoxSharedFolders.dll) WinVerifyTrust
268c.3268: supR3HardenedWinVerifyCacheInsert: \Device\HarddiskVolume2\Program Files\Oracle\VirtualBox\VBoxSharedFolders.dll
268c.3268: supR3HardenedWinVerifyCacheProcessImportTodos: Processing 'vboxrt.dll'...
268c.3268: supR3HardenedWinVerifyCacheProcessImportTodos: 'vboxrt.dll' -> '\Device\HarddiskVolume2\Program Files\Oracle\VirtualBox\vboxrt.dll' [rcNtRedir=0xc0150008]
268c.3268: supR3HardenedWinVerifyCacheProcessImportTodos: Processing 'vboxvmm.dll'...
268c.3268: supR3HardenedWinVerifyCacheProcessImportTodos: 'vboxvmm.dll' -> '\Device\HarddiskVolume2\Program Files\Oracle\VirtualBox\vboxvmm.dll' [rcNtRedir=0xc0150008]
268c.3268: supR3HardenedScreenImage/Imports: cache hit (VINF_SUCCESS) on \Device\HarddiskVolume2\Program Files\Oracle\VirtualBox\VBoxVMM.dll
268c.3268: supR3HardenedWinVerifyCacheProcessImportTodos: Processing 'msvcr100.dll'...
268c.3268: supR3HardenedWinVerifyCacheProcessImportTodos: 'msvcr100.dll' -> '\Device\HarddiskVolume2\Program Files\Oracle\VirtualBox\msvcr100.dll' [rcNtRedir=0xc0150008]
268c.3268: supR3HardenedMonitor_LdrLoadDll: pName=C:\Program Files\Oracle\VirtualBox\VBoxSharedFolders.DLL (rcNtResolve=0xc0150008) *pfFlags=0x0 pwszSearchPath=0000000000000001:<flags> [calling]
268c.3268: supR3HardenedScreenImage/NtCreateSection: cache hit (VINF_SUCCESS) on \Device\HarddiskVolume2\Program Files\Oracle\VirtualBox\VBoxSharedFolders.dll
268c.3268: supR3HardenedDllNotificationCallback: load   00007ff8050d0000 LB 0x00014000 C:\Program Files\Oracle\VirtualBox\VBoxSharedFolders.DLL [fFlags=0x0]
268c.3268: supR3HardenedScreenImage/LdrLoadDll: cache hit (VINF_SUCCESS) on \Device\HarddiskVolume2\Program Files\Oracle\VirtualBox\VBoxSharedFolders.dll
268c.3268: supR3HardenedMonitor_LdrLoadDll: returns rcNt=0x0 hMod=00007ff8050d0000 'C:\Program Files\Oracle\VirtualBox\VBoxSharedFolders.DLL'
268c.a88: \Device\HarddiskVolume2\Program Files\Oracle\VirtualBox\VBoxGuestControlSvc.dll: Signature #1/2: info status: 24202
268c.a88: supR3HardenedMonitor_LdrLoadDll: returns rcNt=0x0 hMod=00007ff814060000 'C:\WINDOWS\system32\rsaenh.dll'
268c.a88: supR3HardenedMonitor_LdrLoadDll: returns rcNt=0x0 hMod=00007ff8156a0000 'C:\WINDOWS\System32\crypt32.dll'
268c.a88: supR3HardenedWinVerifyCacheScheduleImports: Import todo: #0 'msvcr100.dll'.
268c.a88: supR3HardenedWinVerifyCacheScheduleImports: Import todo: #1 'msvcp100.dll'.
268c.a88: supR3HardenedWinVerifyCacheScheduleImports: Import todo: #2 'vboxvmm.dll'.
268c.a88: supR3HardenedWinVerifyCacheScheduleImports: Import todo: #3 'vboxrt.dll'.
268c.a88: supHardenedWinVerifyImageByHandle: -> 0 (\Device\HarddiskVolume2\Program Files\Oracle\VirtualBox\VBoxGuestControlSvc.dll) WinVerifyTrust
268c.a88: supR3HardenedWinVerifyCacheInsert: \Device\HarddiskVolume2\Program Files\Oracle\VirtualBox\VBoxGuestControlSvc.dll
268c.a88: supR3HardenedWinVerifyCacheProcessImportTodos: Processing 'vboxrt.dll'...
268c.a88: supR3HardenedWinVerifyCacheProcessImportTodos: 'vboxrt.dll' -> '\Device\HarddiskVolume2\Program Files\Oracle\VirtualBox\vboxrt.dll' [rcNtRedir=0xc0150008]
268c.a88: supR3HardenedWinVerifyCacheProcessImportTodos: Processing 'vboxvmm.dll'...
268c.a88: supR3HardenedWinVerifyCacheProcessImportTodos: 'vboxvmm.dll' -> '\Device\HarddiskVolume2\Program Files\Oracle\VirtualBox\vboxvmm.dll' [rcNtRedir=0xc0150008]
268c.a88: supR3HardenedScreenImage/Imports: cache hit (VINF_SUCCESS) on \Device\HarddiskVolume2\Program Files\Oracle\VirtualBox\VBoxVMM.dll
268c.a88: supR3HardenedWinVerifyCacheProcessImportTodos: Processing 'msvcp100.dll'...
268c.a88: supR3HardenedWinVerifyCacheProcessImportTodos: 'msvcp100.dll' -> '\Device\HarddiskVolume2\Program Files\Oracle\VirtualBox\msvcp100.dll' [rcNtRedir=0xc0150008]
268c.a88: supR3HardenedWinVerifyCacheProcessImportTodos: Processing 'msvcr100.dll'...
268c.a88: supR3HardenedWinVerifyCacheProcessImportTodos: 'msvcr100.dll' -> '\Device\HarddiskVolume2\Program Files\Oracle\VirtualBox\msvcr100.dll' [rcNtRedir=0xc0150008]
268c.a88: supR3HardenedMonitor_LdrLoadDll: pName=C:\Program Files\Oracle\VirtualBox\VBoxGuestControlSvc.DLL (rcNtResolve=0xc0150008) *pfFlags=0x0 pwszSearchPath=0000000000000001:<flags> [calling]
268c.a88: supR3HardenedScreenImage/NtCreateSection: cache hit (VINF_SUCCESS) on \Device\HarddiskVolume2\Program Files\Oracle\VirtualBox\VBoxGuestControlSvc.dll
268c.a88: supR3HardenedDllNotificationCallback: load   00007ff805aa0000 LB 0x0000c000 C:\Program Files\Oracle\VirtualBox\VBoxGuestControlSvc.DLL [fFlags=0x0]
268c.a88: supR3HardenedScreenImage/LdrLoadDll: cache hit (VINF_SUCCESS) on \Device\HarddiskVolume2\Program Files\Oracle\VirtualBox\VBoxGuestControlSvc.dll
268c.a88: supR3HardenedMonitor_LdrLoadDll: returns rcNt=0x0 hMod=00007ff805aa0000 'C:\Program Files\Oracle\VirtualBox\VBoxGuestControlSvc.DLL'
268c.2c0: \Device\HarddiskVolume2\Program Files\Oracle\VirtualBox\VBoxGuestPropSvc.dll: Signature #1/2: info status: 24202
268c.2c0: supR3HardenedMonitor_LdrLoadDll: returns rcNt=0x0 hMod=00007ff814060000 'C:\WINDOWS\system32\rsaenh.dll'
268c.2c0: supR3HardenedMonitor_LdrLoadDll: returns rcNt=0x0 hMod=00007ff8156a0000 'C:\WINDOWS\System32\crypt32.dll'
268c.2c0: supR3HardenedWinVerifyCacheScheduleImports: Import todo: #0 'msvcr100.dll'.
268c.2c0: supR3HardenedWinVerifyCacheScheduleImports: Import todo: #1 'msvcp100.dll'.
268c.2c0: supR3HardenedWinVerifyCacheScheduleImports: Import todo: #2 'vboxrt.dll'.
268c.2c0: supHardenedWinVerifyImageByHandle: -> 0 (\Device\HarddiskVolume2\Program Files\Oracle\VirtualBox\VBoxGuestPropSvc.dll) WinVerifyTrust
268c.2c0: supR3HardenedWinVerifyCacheInsert: \Device\HarddiskVolume2\Program Files\Oracle\VirtualBox\VBoxGuestPropSvc.dll
268c.2c0: supR3HardenedWinVerifyCacheProcessImportTodos: Processing 'vboxrt.dll'...
268c.2c0: supR3HardenedWinVerifyCacheProcessImportTodos: 'vboxrt.dll' -> '\Device\HarddiskVolume2\Program Files\Oracle\VirtualBox\vboxrt.dll' [rcNtRedir=0xc0150008]
268c.2c0: supR3HardenedWinVerifyCacheProcessImportTodos: Processing 'msvcp100.dll'...
268c.2c0: supR3HardenedWinVerifyCacheProcessImportTodos: 'msvcp100.dll' -> '\Device\HarddiskVolume2\Program Files\Oracle\VirtualBox\msvcp100.dll' [rcNtRedir=0xc0150008]
268c.2c0: supR3HardenedWinVerifyCacheProcessImportTodos: Processing 'msvcr100.dll'...
268c.2c0: supR3HardenedWinVerifyCacheProcessImportTodos: 'msvcr100.dll' -> '\Device\HarddiskVolume2\Program Files\Oracle\VirtualBox\msvcr100.dll' [rcNtRedir=0xc0150008]
268c.2c0: supR3HardenedMonitor_LdrLoadDll: pName=C:\Program Files\Oracle\VirtualBox\VBoxGuestPropSvc.DLL (rcNtResolve=0xc0150008) *pfFlags=0x0 pwszSearchPath=0000000000000001:<flags> [calling]
268c.2c0: supR3HardenedScreenImage/NtCreateSection: cache hit (VINF_SUCCESS) on \Device\HarddiskVolume2\Program Files\Oracle\VirtualBox\VBoxGuestPropSvc.dll
268c.2c0: supR3HardenedDllNotificationCallback: load   00007ff8059d0000 LB 0x0000d000 C:\Program Files\Oracle\VirtualBox\VBoxGuestPropSvc.DLL [fFlags=0x0]
268c.2c0: supR3HardenedScreenImage/LdrLoadDll: cache hit (VINF_SUCCESS) on \Device\HarddiskVolume2\Program Files\Oracle\VirtualBox\VBoxGuestPropSvc.dll
268c.2c0: supR3HardenedMonitor_LdrLoadDll: returns rcNt=0x0 hMod=00007ff8059d0000 'C:\Program Files\Oracle\VirtualBox\VBoxGuestPropSvc.DLL'
268c.1d64: supR3HardenedMonitor_LdrLoadDll: returns rcNt=0x0 hMod=00007ff814060000 'C:\WINDOWS\system32\rsaenh.dll'
268c.1d64: supR3HardenedMonitor_LdrLoadDll: returns rcNt=0x0 hMod=00007ff8156a0000 'C:\WINDOWS\System32\crypt32.dll'
268c.1d64: \Device\HarddiskVolume2\Program Files\Oracle\VirtualBox\ExtensionPacks\Oracle_VM_VirtualBox_Extension_Pack\win.amd64\VDPluginCrypt.dll: Signature #1/2: info status: 24202
268c.1d64: supR3HardenedMonitor_LdrLoadDll: returns rcNt=0x0 hMod=00007ff814060000 'C:\WINDOWS\system32\rsaenh.dll'
268c.1d64: supR3HardenedMonitor_LdrLoadDll: returns rcNt=0x0 hMod=00007ff8156a0000 'C:\WINDOWS\System32\crypt32.dll'
268c.1d64: supR3HardenedWinVerifyCacheScheduleImports: Import todo: #0 'msvcr100.dll'.
268c.1d64: supR3HardenedWinVerifyCacheScheduleImports: Import todo: #1 'vboxrt.dll'.
268c.1d64: supHardenedWinVerifyImageByHandle: -> 0 (\Device\HarddiskVolume2\Program Files\Oracle\VirtualBox\ExtensionPacks\Oracle_VM_VirtualBox_Extension_Pack\win.amd64\VDPluginCrypt.dll) WinVerifyTrust
268c.1d64: supR3HardenedWinVerifyCacheInsert: \Device\HarddiskVolume2\Program Files\Oracle\VirtualBox\ExtensionPacks\Oracle_VM_VirtualBox_Extension_Pack\win.amd64\VDPluginCrypt.dll
268c.1d64: supR3HardenedWinVerifyCacheProcessImportTodos: Processing 'vboxrt.dll'...
268c.1d64: supR3HardenedWinVerifyCacheProcessImportTodos: 'vboxrt.dll' -> '\Device\HarddiskVolume2\Program Files\Oracle\VirtualBox\vboxrt.dll' [rcNtRedir=0xc0150008]
268c.1d64: supR3HardenedWinVerifyCacheProcessImportTodos: Processing 'msvcr100.dll'...
268c.1d64: supR3HardenedWinVerifyCacheProcessImportTodos: 'msvcr100.dll' -> '\Device\HarddiskVolume2\Program Files\Oracle\VirtualBox\msvcr100.dll' [rcNtRedir=0xc0150008]
268c.1d64: supR3HardenedMonitor_LdrLoadDll: pName=C:\Program Files\Oracle\VirtualBox\ExtensionPacks\Oracle_VM_VirtualBox_Extension_Pack\win.amd64\VDPluginCrypt.DLL (rcNtResolve=0xc0150008) *pfFlags=0x0 pwszSearchPath=0000000000000001:<flags> [calling]
268c.1d64: supR3HardenedScreenImage/NtCreateSection: cache hit (VINF_SUCCESS) on \Device\HarddiskVolume2\Program Files\Oracle\VirtualBox\ExtensionPacks\Oracle_VM_VirtualBox_Extension_Pack\win.amd64\VDPluginCrypt.dll
268c.1d64: supR3HardenedDllNotificationCallback: load   00007ff811b40000 LB 0x0000a000 C:\Program Files\Oracle\VirtualBox\ExtensionPacks\Oracle_VM_VirtualBox_Extension_Pack\win.amd64\VDPluginCrypt.DLL [fFlags=0x0]
268c.1d64: supR3HardenedScreenImage/LdrLoadDll: cache hit (VINF_SUCCESS) on \Device\HarddiskVolume2\Program Files\Oracle\VirtualBox\ExtensionPacks\Oracle_VM_VirtualBox_Extension_Pack\win.amd64\VDPluginCrypt.dll
268c.1d64: supR3HardenedMonitor_LdrLoadDll: returns rcNt=0x0 hMod=00007ff811b40000 'C:\Program Files\Oracle\VirtualBox\ExtensionPacks\Oracle_VM_VirtualBox_Extension_Pack\win.amd64\VDPluginCrypt.DLL'
268c.1d64: supR3HardenedScreenImage/LdrLoadDll: cache hit (VINF_SUCCESS) on \Device\HarddiskVolume2\Windows\System32\IPHLPAPI.DLL
268c.1d64: supR3HardenedMonitor_LdrLoadDll: pName=C:\WINDOWS\system32\Iphlpapi.dll (rcNtResolve=0xc0150008) *pfFlags=0x0 pwszSearchPath=0000000000000001:<flags> [calling]
268c.1d64: supR3HardenedMonitor_LdrLoadDll: returns rcNt=0x0 hMod=00007ff814420000 'C:\WINDOWS\system32\Iphlpapi.dll'
268c.1d64: supR3HardenedWinVerifyCacheScheduleImports: Import todo: #3 'rpcrt4.dll'.
268c.1d64: supR3HardenedWinVerifyCacheScheduleImports: Import todo: #4 'nsi.dll'.
268c.1d64: supHardenedWinVerifyImageByHandle: -> 0 (\Device\HarddiskVolume2\Windows\System32\winnsi.dll)
268c.1d64: supR3HardenedWinVerifyCacheInsert: \Device\HarddiskVolume2\Windows\System32\winnsi.dll
268c.1d64: supR3HardenedDllNotificationCallback: load   00007ff817930000 LB 0x00008000 C:\WINDOWS\System32\NSI.dll [fFlags=0x0]
268c.1d64: supHardenedWinVerifyImageByHandle: -> 0 (\Device\HarddiskVolume2\Windows\System32\nsi.dll)
268c.1d64: supR3HardenedWinVerifyCacheInsert: \Device\HarddiskVolume2\Windows\System32\nsi.dll
268c.1d64: supR3HardenedDllNotificationCallback: load   00007ff810030000 LB 0x0000b000 C:\WINDOWS\SYSTEM32\WINNSI.DLL [fFlags=0x0]
268c.1d64: supR3HardenedScreenImage/LdrLoadDll: cache hit (VINF_SUCCESS) on \Device\HarddiskVolume2\Windows\System32\winnsi.dll [avoiding WinVerifyTrust]
268c.1d64: supR3HardenedWinVerifyCacheScheduleImports: Import todo: #3 'rpcrt4.dll'.
268c.1d64: supHardenedWinVerifyImageByHandle: -> 22900 (\Device\HarddiskVolume2\Windows\System32\dhcpcsvc6.dll)
268c.1d64: supR3HardenedWinVerifyCacheInsert: \Device\HarddiskVolume2\Windows\System32\dhcpcsvc6.dll
268c.1d64: supR3HardenedDllNotificationCallback: load   00007ff80fea0000 LB 0x00017000 C:\WINDOWS\SYSTEM32\dhcpcsvc6.DLL [fFlags=0x0]
268c.1d64: supR3HardenedScreenImage/LdrLoadDll: cache hit (Unknown Status 22900 (0x5974)) on \Device\HarddiskVolume2\Windows\System32\dhcpcsvc6.dll [avoiding WinVerifyTrust]
268c.1d64: supR3HardenedWinVerifyCacheScheduleImports: Import todo: #3 'rpcrt4.dll'.
268c.1d64: supHardenedWinVerifyImageByHandle: -> 22900 (\Device\HarddiskVolume2\Windows\System32\dhcpcsvc.dll)
268c.1d64: supR3HardenedWinVerifyCacheInsert: \Device\HarddiskVolume2\Windows\System32\dhcpcsvc.dll
268c.1d64: supR3HardenedDllNotificationCallback: load   00007ff80fe70000 LB 0x0001d000 C:\WINDOWS\SYSTEM32\dhcpcsvc.DLL [fFlags=0x0]
268c.1d64: supR3HardenedScreenImage/LdrLoadDll: cache hit (Unknown Status 22900 (0x5974)) on \Device\HarddiskVolume2\Windows\System32\dhcpcsvc.dll [avoiding WinVerifyTrust]
268c.1d64: supHardenedWinVerifyImageByHandle: -> 0 (\Device\HarddiskVolume2\Windows\System32\dnsapi.dll)
268c.1d64: supR3HardenedWinVerifyCacheInsert: \Device\HarddiskVolume2\Windows\System32\dnsapi.dll
268c.1d64: supR3HardenedDllNotificationCallback: load   00007ff814460000 LB 0x000ca000 C:\WINDOWS\SYSTEM32\DNSAPI.dll [fFlags=0x0]
268c.1d64: supR3HardenedScreenImage/LdrLoadDll: cache hit (VINF_SUCCESS) on \Device\HarddiskVolume2\Windows\System32\dnsapi.dll [avoiding WinVerifyTrust]
268c.1d64: supR3HardenedWinVerifyCacheProcessImportTodos: Processing 'rpcrt4.dll'...
268c.1d64: supR3HardenedWinVerifyCacheProcessImportTodos: 'rpcrt4.dll' -> '\Device\HarddiskVolume2\Windows\System32\rpcrt4.dll' [rcNtRedir=0xc0150008]
268c.1d64: supR3HardenedWinVerifyCacheProcessImportTodos: Processing 'rpcrt4.dll'...
268c.1d64: supR3HardenedWinVerifyCacheProcessImportTodos: 'rpcrt4.dll' -> '\Device\HarddiskVolume2\Windows\System32\rpcrt4.dll' [rcNtRedir=0xc0150008]
268c.1d64: supR3HardenedWinVerifyCacheProcessImportTodos: Processing 'nsi.dll'...
268c.1d64: supR3HardenedWinVerifyCacheProcessImportTodos: 'nsi.dll' -> '\Device\HarddiskVolume2\Windows\System32\nsi.dll' [rcNtRedir=0xc0150008]
268c.1d64: supR3HardenedScreenImage/Imports: cache hit (VINF_SUCCESS) on \Device\HarddiskVolume2\Windows\System32\nsi.dll [lacks WinVerifyTrust]
268c.1d64: supR3HardenedWinVerifyCacheProcessImportTodos: Processing 'rpcrt4.dll'...
268c.1d64: supR3HardenedWinVerifyCacheProcessImportTodos: 'rpcrt4.dll' -> '\Device\HarddiskVolume2\Windows\System32\rpcrt4.dll' [rcNtRedir=0xc0150008]
268c.1d64: supR3HardenedMonitor_LdrLoadDll: returns rcNt=0x0 hMod=00007ff814060000 'C:\WINDOWS\system32\rsaenh.dll'
268c.1d64: supR3HardenedMonitor_LdrLoadDll: returns rcNt=0x0 hMod=00007ff8156a0000 'C:\WINDOWS\System32\crypt32.dll'
268c.1d64: supR3HardenedWinVerifyCacheProcessWvtTodos: 0 (was 0) fWinVerifyTrust=1 for '\Device\HarddiskVolume2\Windows\System32\dnsapi.dll'
268c.1d64: supR3HardNtViCallWinVerifyTrustCatFile: hFile=00000000000013dc pwszName=\Device\HarddiskVolume2\Windows\System32\dhcpcsvc.dll
268c.1d64: supR3HardNtViCallWinVerifyTrustCatFile: Cached context 00000000010bdd10
268c.1d64: supR3HardNtViCallWinVerifyTrustCatFile: hCatAdmin=00000000010bdd10
268c.1d64: supR3HardNtViCallWinVerifyTrustCatFile: cbHash=20 wszDigest=740E2B1196D9F01AD376694D1055FFD45F803926
268c.1d64: supR3HardenedMonitor_LdrLoadDll: returns rcNt=0x0 hMod=00007ff814060000 'C:\WINDOWS\system32\rsaenh.dll'
268c.1d64: supR3HardenedMonitor_LdrLoadDll: returns rcNt=0x0 hMod=00007ff8156a0000 'C:\WINDOWS\System32\crypt32.dll'
268c.1d64: supR3HardNtViCallWinVerifyTrustCatFile: WinVerifyTrust => 0x0; cat='C:\WINDOWS\system32\CatRoot\{F750E6C3-38EE-11D1-85E5-00C04FC295EE}\Microsoft-Windows-Client-Desktop-Required-Package0516~31bf3856ad364e35~amd64~~10.0.19041.4598.cat'; file='\Device\HarddiskVolume2\Windows\System32\dhcpcsvc.dll'
268c.1d64: supR3HardNtViCallWinVerifyTrustCatFile -> 0 (org 22900)
268c.1d64: supR3HardenedWinVerifyCacheProcessWvtTodos: 0 (was 22900) fWinVerifyTrust=1 for '\Device\HarddiskVolume2\Windows\System32\dhcpcsvc.dll'
268c.1d64: supR3HardNtViCallWinVerifyTrustCatFile: hFile=000000000000104c pwszName=\Device\HarddiskVolume2\Windows\System32\dhcpcsvc6.dll
268c.1d64: supR3HardNtViCallWinVerifyTrustCatFile: Cached context 00000000010bdd10
268c.1d64: supR3HardNtViCallWinVerifyTrustCatFile: hCatAdmin=00000000010bdd10
268c.1d64: supR3HardNtViCallWinVerifyTrustCatFile: cbHash=20 wszDigest=A56431C69FDD081884ADAA1F10C80307CE8E2412
268c.1d64: supR3HardenedMonitor_LdrLoadDll: returns rcNt=0x0 hMod=00007ff814060000 'C:\WINDOWS\system32\rsaenh.dll'
268c.1d64: supR3HardenedMonitor_LdrLoadDll: returns rcNt=0x0 hMod=00007ff8156a0000 'C:\WINDOWS\System32\crypt32.dll'
268c.1d64: supR3HardNtViCallWinVerifyTrustCatFile: WinVerifyTrust => 0x0; cat='C:\WINDOWS\system32\CatRoot\{F750E6C3-38EE-11D1-85E5-00C04FC295EE}\Microsoft-Windows-Client-Desktop-Required-Package0516~31bf3856ad364e35~amd64~~10.0.19041.4598.cat'; file='\Device\HarddiskVolume2\Windows\System32\dhcpcsvc6.dll'
268c.1d64: supR3HardNtViCallWinVerifyTrustCatFile -> 0 (org 22900)
268c.1d64: supR3HardenedWinVerifyCacheProcessWvtTodos: 0 (was 22900) fWinVerifyTrust=1 for '\Device\HarddiskVolume2\Windows\System32\dhcpcsvc6.dll'
268c.1d64: supR3HardenedMonitor_LdrLoadDll: returns rcNt=0x0 hMod=00007ff814060000 'C:\WINDOWS\system32\rsaenh.dll'
268c.1d64: supR3HardenedMonitor_LdrLoadDll: returns rcNt=0x0 hMod=00007ff8156a0000 'C:\WINDOWS\System32\crypt32.dll'
268c.1d64: supR3HardenedWinVerifyCacheProcessWvtTodos: 0 (was 0) fWinVerifyTrust=1 for '\Device\HarddiskVolume2\Windows\System32\nsi.dll'
268c.1d64: supR3HardenedMonitor_LdrLoadDll: returns rcNt=0x0 hMod=00007ff814060000 'C:\WINDOWS\system32\rsaenh.dll'
268c.1d64: supR3HardenedScreenImage/LdrLoadDll: cache hit (VINF_SUCCESS) on \Device\HarddiskVolume2\Windows\System32\crypt32.dll
268c.1d64: supR3HardenedMonitor_LdrLoadDll: pName=C:\WINDOWS\System32\crypt32.dll (Input=crypt32.dll, rcNtResolve=0xc0150008) *pfFlags=0x0 pwszSearchPath=0000000000000001:<flags> [calling]
268c.1d64: supR3HardenedMonitor_LdrLoadDll: returns rcNt=0x0 hMod=00007ff8156a0000 'C:\WINDOWS\System32\crypt32.dll'
268c.1d64: supR3HardenedWinVerifyCacheProcessWvtTodos: 0 (was 0) fWinVerifyTrust=1 for '\Device\HarddiskVolume2\Windows\System32\winnsi.dll'
268c.1d64: supR3HardenedMonitor_LdrLoadDll: returns rcNt=0x0 hMod=00007ff814060000 'C:\WINDOWS\system32\rsaenh.dll'
268c.1d64: supR3HardenedMonitor_LdrLoadDll: returns rcNt=0x0 hMod=00007ff8156a0000 'C:\WINDOWS\System32\crypt32.dll'
268c.1d64: supR3HardenedWinVerifyCacheScheduleImports: Import todo: #0 'msvcp_win.dll'.
268c.1d64: supR3HardenedWinVerifyCacheScheduleImports: Import todo: #16 'rpcrt4.dll'.
268c.1d64: supR3HardenedWinVerifyCacheScheduleImports: Import todo: #28 'devobj.dll'.
268c.1d64: supHardenedWinVerifyImageByHandle: -> 0 (\Device\HarddiskVolume2\Windows\System32\MMDevAPI.dll) WinVerifyTrust
268c.1d64: supR3HardenedWinVerifyCacheInsert: \Device\HarddiskVolume2\Windows\System32\MMDevAPI.dll
268c.1d64: supR3HardenedWinVerifyCacheProcessImportTodos: Processing 'devobj.dll'...
268c.1d64: supR3HardenedWinVerifyCacheProcessImportTodos: 'devobj.dll' -> '\Device\HarddiskVolume2\Windows\System32\devobj.dll' [rcNtRedir=0xc0150008]
268c.1d64: supR3HardenedMonitor_LdrLoadDll: returns rcNt=0x0 hMod=00007ff814060000 'C:\WINDOWS\system32\rsaenh.dll'
268c.1d64: supR3HardenedMonitor_LdrLoadDll: returns rcNt=0x0 hMod=00007ff8156a0000 'C:\WINDOWS\System32\crypt32.dll'
268c.1d64: supR3HardenedWinVerifyCacheScheduleImports: Import todo: #18 'cfgmgr32.dll'.
268c.1d64: supHardenedWinVerifyImageByHandle: -> 0 (\Device\HarddiskVolume2\Windows\System32\devobj.dll) WinVerifyTrust
268c.1d64: supR3HardenedWinVerifyCacheInsert: \Device\HarddiskVolume2\Windows\System32\devobj.dll
268c.1d64: supR3HardenedWinVerifyCacheProcessImportTodos: Processing 'rpcrt4.dll'...
268c.1d64: supR3HardenedWinVerifyCacheProcessImportTodos: 'rpcrt4.dll' -> '\Device\HarddiskVolume2\Windows\System32\rpcrt4.dll' [rcNtRedir=0xc0150008]
268c.1d64: supR3HardenedWinVerifyCacheProcessImportTodos: Processing 'msvcp_win.dll'...
268c.1d64: supR3HardenedWinVerifyCacheProcessImportTodos: 'msvcp_win.dll' -> '\Device\HarddiskVolume2\Windows\System32\msvcp_win.dll' [rcNtRedir=0xc0150008]
268c.1d64: supR3HardenedScreenImage/Imports: cache hit (VINF_SUCCESS) on \Device\HarddiskVolume2\Windows\System32\msvcp_win.dll
268c.1d64: supR3HardenedWinVerifyCacheProcessImportTodos: Processing 'cfgmgr32.dll'...
268c.1d64: supR3HardenedWinVerifyCacheProcessImportTodos: 'cfgmgr32.dll' -> '\Device\HarddiskVolume2\Windows\System32\cfgmgr32.dll' [rcNtRedir=0xc0150008]
268c.1d64: supR3HardenedScreenImage/Imports: cache hit (VINF_SUCCESS) on \Device\HarddiskVolume2\Windows\System32\cfgmgr32.dll
268c.1d64: supR3HardenedMonitor_LdrLoadDll: pName=C:\WINDOWS\System32\MMDevApi.dll (rcNtResolve=0xc0150008) *pfFlags=0x0 pwszSearchPath=0000000000002009:<flags> [calling]
268c.1d64: supR3HardenedScreenImage/NtCreateSection: cache hit (VINF_SUCCESS) on \Device\HarddiskVolume2\Windows\System32\MMDevAPI.dll
268c.1d64: supR3HardenedScreenImage/NtCreateSection: cache hit (VINF_SUCCESS) on \Device\HarddiskVolume2\Windows\System32\devobj.dll
268c.1d64: supR3HardenedDllNotificationCallback: load   00007ff814d40000 LB 0x00033000 C:\WINDOWS\System32\DEVOBJ.dll [fFlags=0x0]
268c.1d64: supR3HardenedScreenImage/LdrLoadDll: cache hit (VINF_SUCCESS) on \Device\HarddiskVolume2\Windows\System32\devobj.dll
268c.1d64: supR3HardenedDllNotificationCallback: load   00007ff80f580000 LB 0x00085000 C:\WINDOWS\System32\MMDevApi.dll [fFlags=0x0]
268c.1d64: supR3HardenedScreenImage/LdrLoadDll: cache hit (VINF_SUCCESS) on \Device\HarddiskVolume2\Windows\System32\MMDevAPI.dll
268c.1d64: supR3HardenedMonitor_LdrLoadDll: returns rcNt=0x0 hMod=00007ff80f580000 'C:\WINDOWS\System32\MMDevApi.dll'
268c.1d64: supR3HardenedScreenImage/LdrLoadDll: cache hit (VINF_SUCCESS) on \Device\HarddiskVolume2\Windows\System32\MMDevAPI.dll
268c.1d64: supR3HardenedMonitor_LdrLoadDll: pName=C:\WINDOWS\System32\MMDEVAPI.DLL (Input=MMDEVAPI.DLL, rcNtResolve=0xc0150008) *pfFlags=0x0 pwszSearchPath=0000000000000001:<flags> [calling]
268c.1d64: supR3HardenedMonitor_LdrLoadDll: returns rcNt=0x0 hMod=00007ff80f580000 'C:\WINDOWS\System32\MMDEVAPI.DLL'
268c.1d64: supR3HardenedMonitor_LdrLoadDll: returns rcNt=0x0 hMod=00007ff814060000 'C:\WINDOWS\system32\rsaenh.dll'
268c.1d64: supR3HardenedMonitor_LdrLoadDll: returns rcNt=0x0 hMod=00007ff8156a0000 'C:\WINDOWS\System32\crypt32.dll'
268c.2c50: supR3HardenedMonitor_LdrLoadDll: returns rcNt=0x0 hMod=00007ff816010000 'C:\WINDOWS\system32\shell32.dll'
268c.2c50: supR3HardenedMonitor_LdrLoadDll: returns rcNt=0x0 hMod=00007ff816010000 'C:\WINDOWS\system32\shell32.dll'
268c.2c18: '\Device\HarddiskVolume2\Windows\System32\tzres.dll' has no imports
268c.2c18: supHardenedWinVerifyImageByHandle: -> 22900 (\Device\HarddiskVolume2\Windows\System32\tzres.dll)
268c.2c18: supR3HardenedWinVerifyCacheInsert: \Device\HarddiskVolume2\Windows\System32\tzres.dll
268c.2c18: supR3HardenedMonitor_NtCreateSection: NtMapViewOfSection failed on 0000000000000f18 (hFile=0000000000000c90) with 0xc0000022 -> STATUS_TRUST_FAILURE
268c.2c18: supR3HardenedScreenImage/NtCreateSection: cache hit (Unknown Status 22900 (0x5974)) on \Device\HarddiskVolume2\Windows\System32\tzres.dll [avoiding WinVerifyTrust]
268c.2c18: supR3HardenedMonitor_NtCreateSection: NtMapViewOfSection failed on 0000000000000c90 (hFile=0000000000000f18) with 0xc0000022 -> STATUS_TRUST_FAILURE
268c.2c18: supR3HardNtViCallWinVerifyTrustCatFile: hFile=0000000000001124 pwszName=\Device\HarddiskVolume2\Windows\System32\tzres.dll
268c.2c18: supR3HardNtViCallWinVerifyTrustCatFile: Cached context 00000000010bdd10
268c.2c18: supR3HardNtViCallWinVerifyTrustCatFile: hCatAdmin=00000000010bdd10
268c.2c18: supR3HardNtViCallWinVerifyTrustCatFile: cbHash=20 wszDigest=ED2E27393B53A7AF8214786465A56463C5BE0EAC
268c.2c18: supR3HardenedScreenImage/LdrLoadDll: cache hit (VINF_SUCCESS) on \Device\HarddiskVolume2\Windows\System32\rsaenh.dll
268c.2c18: supR3HardenedMonitor_LdrLoadDll: pName=C:\WINDOWS\system32\rsaenh.dll (rcNtResolve=0xc0150008) *pfFlags=0x0 pwszSearchPath=0000000000000001:<flags> [calling]
268c.2c18: supR3HardenedMonitor_LdrLoadDll: returns rcNt=0x0 hMod=00007ff814060000 'C:\WINDOWS\system32\rsaenh.dll'
268c.2c18: supR3HardenedMonitor_LdrLoadDll: returns rcNt=0x0 hMod=00007ff8156a0000 'C:\WINDOWS\System32\crypt32.dll'
268c.2c18: supR3HardNtViCallWinVerifyTrustCatFile: WinVerifyTrust => 0x0; cat='C:\WINDOWS\system32\CatRoot\{F750E6C3-38EE-11D1-85E5-00C04FC295EE}\Microsoft-Windows-Client-Desktop-Required-Package0516~31bf3856ad364e35~amd64~~10.0.19041.4780.cat'; file='\Device\HarddiskVolume2\Windows\System32\tzres.dll'
268c.2c18: supR3HardNtViCallWinVerifyTrustCatFile -> 0 (org 22900)
268c.2c18: supR3HardenedWinVerifyCacheProcessWvtTodos: 0 (was 22900) fWinVerifyTrust=1 for '\Device\HarddiskVolume2\Windows\System32\tzres.dll'
268c.2c18: supR3HardenedMonitor_LdrLoadDll: returns rcNt=0x0 hMod=00007ff814060000 'C:\WINDOWS\system32\rsaenh.dll'
268c.2c18: supR3HardenedMonitor_LdrLoadDll: returns rcNt=0x0 hMod=00007ff8156a0000 'C:\WINDOWS\System32\crypt32.dll'
268c.2c18: supR3HardenedWinVerifyCacheScheduleImports: Import todo: #12 'ws2_32.dll'.
268c.2c18: supR3HardenedWinVerifyCacheScheduleImports: Import todo: #21 'rpcrt4.dll'.
268c.2c18: supHardenedWinVerifyImageByHandle: -> 0 (\Device\HarddiskVolume2\Windows\System32\mswsock.dll) WinVerifyTrust
268c.2c18: supR3HardenedWinVerifyCacheInsert: \Device\HarddiskVolume2\Windows\System32\mswsock.dll
268c.2c18: supR3HardenedWinVerifyCacheProcessImportTodos: Processing 'rpcrt4.dll'...
268c.2c18: supR3HardenedWinVerifyCacheProcessImportTodos: 'rpcrt4.dll' -> '\Device\HarddiskVolume2\Windows\System32\rpcrt4.dll' [rcNtRedir=0xc0150008]
268c.2c18: supR3HardenedWinVerifyCacheProcessImportTodos: Processing 'ws2_32.dll'...
268c.2c18: supR3HardenedWinVerifyCacheProcessImportTodos: 'ws2_32.dll' -> '\Device\HarddiskVolume2\Windows\System32\ws2_32.dll' [rcNtRedir=0xc0150008]
268c.2c18: supR3HardenedScreenImage/Imports: cache hit (VINF_SUCCESS) on \Device\HarddiskVolume2\Windows\System32\ws2_32.dll
268c.2c18: supR3HardenedMonitor_LdrLoadDll: pName=C:\WINDOWS\system32\mswsock.dll (rcNtResolve=0xc0150008) *pfFlags=0x0 pwszSearchPath=0000000000000001:<flags> [calling]
268c.2c18: supR3HardenedScreenImage/NtCreateSection: cache hit (VINF_SUCCESS) on \Device\HarddiskVolume2\Windows\System32\mswsock.dll
268c.2c18: supR3HardenedDllNotificationCallback: load   00007ff814740000 LB 0x0006a000 C:\WINDOWS\system32\mswsock.dll [fFlags=0x0]
268c.2c18: supR3HardenedScreenImage/LdrLoadDll: cache hit (VINF_SUCCESS) on \Device\HarddiskVolume2\Windows\System32\mswsock.dll
268c.2c18: supR3HardenedMonitor_LdrLoadDll: returns rcNt=0x0 hMod=00007ff814740000 'C:\WINDOWS\system32\mswsock.dll'
268c.2420: supR3HardenedMonitor_LdrLoadDll: returns rcNt=0x0 hMod=00007ff814060000 'C:\WINDOWS\system32\rsaenh.dll'
268c.2420: supR3HardenedMonitor_LdrLoadDll: returns rcNt=0x0 hMod=00007ff8156a0000 'C:\WINDOWS\System32\crypt32.dll'
268c.2420: supR3HardenedWinVerifyCacheScheduleImports: Import todo: #0 'msvcp_win.dll'.
268c.2420: supR3HardenedWinVerifyCacheScheduleImports: Import todo: #5 'rpcrt4.dll'.
268c.2420: supR3HardenedWinVerifyCacheScheduleImports: Import todo: #7 'oleaut32.dll'.
268c.2420: supR3HardenedWinVerifyCacheScheduleImports: Import todo: #29 'mmdevapi.dll'.
268c.2420: supHardenedWinVerifyImageByHandle: -> 0 (\Device\HarddiskVolume2\Windows\System32\AudioSes.dll) WinVerifyTrust
268c.2420: supR3HardenedWinVerifyCacheInsert: \Device\HarddiskVolume2\Windows\System32\AudioSes.dll
268c.2420: supR3HardenedWinVerifyCacheProcessImportTodos: Processing 'mmdevapi.dll'...
268c.2420: supR3HardenedWinVerifyCacheProcessImportTodos: 'mmdevapi.dll' -> '\Device\HarddiskVolume2\Windows\System32\mmdevapi.dll' [rcNtRedir=0xc0150008]
268c.2420: supR3HardenedScreenImage/Imports: cache hit (VINF_SUCCESS) on \Device\HarddiskVolume2\Windows\System32\MMDevAPI.dll
268c.2420: supR3HardenedWinVerifyCacheProcessImportTodos: Processing 'oleaut32.dll'...
268c.2420: supR3HardenedWinVerifyCacheProcessImportTodos: 'oleaut32.dll' -> '\Device\HarddiskVolume2\Windows\System32\oleaut32.dll' [rcNtRedir=0xc0150008]
268c.2420: supR3HardenedWinVerifyCacheProcessImportTodos: Processing 'rpcrt4.dll'...
268c.2420: supR3HardenedWinVerifyCacheProcessImportTodos: 'rpcrt4.dll' -> '\Device\HarddiskVolume2\Windows\System32\rpcrt4.dll' [rcNtRedir=0xc0150008]
268c.2420: supR3HardenedWinVerifyCacheProcessImportTodos: Processing 'msvcp_win.dll'...
268c.2420: supR3HardenedWinVerifyCacheProcessImportTodos: 'msvcp_win.dll' -> '\Device\HarddiskVolume2\Windows\System32\msvcp_win.dll' [rcNtRedir=0xc0150008]
268c.2420: supR3HardenedScreenImage/Imports: cache hit (VINF_SUCCESS) on \Device\HarddiskVolume2\Windows\System32\msvcp_win.dll
268c.2420: supR3HardenedMonitor_LdrLoadDll: pName=C:\WINDOWS\System32\AUDIOSES.DLL (Input=AUDIOSES.DLL, rcNtResolve=0xc0150008) *pfFlags=0x0 pwszSearchPath=0000000000000001:<flags> [calling]
268c.2420: supR3HardenedScreenImage/NtCreateSection: cache hit (VINF_SUCCESS) on \Device\HarddiskVolume2\Windows\System32\AudioSes.dll
268c.2420: supR3HardenedWinVerifyCacheScheduleImports: Import todo: #12 'rpcrt4.dll'.
268c.2420: supHardenedWinVerifyImageByHandle: -> 0 (\Device\HarddiskVolume2\Windows\System32\powrprof.dll)
268c.2420: supR3HardenedWinVerifyCacheInsert: \Device\HarddiskVolume2\Windows\System32\powrprof.dll
268c.2420: supR3HardenedDllNotificationCallback: load   00007ff814ee0000 LB 0x0004b000 C:\WINDOWS\SYSTEM32\powrprof.dll [fFlags=0x0]
268c.2420: supR3HardenedScreenImage/LdrLoadDll: cache hit (VINF_SUCCESS) on \Device\HarddiskVolume2\Windows\System32\powrprof.dll [avoiding WinVerifyTrust]
268c.2420: supR3HardenedDllNotificationCallback: load   00007fffe8040000 LB 0x00181000 C:\WINDOWS\System32\AUDIOSES.DLL [fFlags=0x0]
268c.2420: supR3HardenedScreenImage/LdrLoadDll: cache hit (VINF_SUCCESS) on \Device\HarddiskVolume2\Windows\System32\AudioSes.dll
268c.2420: supHardenedWinVerifyImageByHandle: -> 0 (\Device\HarddiskVolume2\Windows\System32\umpdc.dll)
268c.2420: supR3HardenedWinVerifyCacheInsert: \Device\HarddiskVolume2\Windows\System32\umpdc.dll
268c.2420: supR3HardenedDllNotificationCallback: load   00007ff814ec0000 LB 0x00012000 C:\WINDOWS\SYSTEM32\UMPDC.dll [fFlags=0x0]
268c.2420: supR3HardenedScreenImage/LdrLoadDll: cache hit (VINF_SUCCESS) on \Device\HarddiskVolume2\Windows\System32\umpdc.dll [avoiding WinVerifyTrust]
268c.2420: supR3HardenedMonitor_LdrLoadDll: returns rcNt=0x0 hMod=00007fffe8040000 'C:\WINDOWS\System32\AUDIOSES.DLL'
268c.2420: supR3HardenedWinVerifyCacheProcessImportTodos: Processing 'rpcrt4.dll'...
268c.2420: supR3HardenedWinVerifyCacheProcessImportTodos: 'rpcrt4.dll' -> '\Device\HarddiskVolume2\Windows\System32\rpcrt4.dll' [rcNtRedir=0xc0150008]
268c.2420: supR3HardenedMonitor_LdrLoadDll: returns rcNt=0x0 hMod=00007ff814060000 'C:\WINDOWS\system32\rsaenh.dll'
268c.2420: supR3HardenedMonitor_LdrLoadDll: returns rcNt=0x0 hMod=00007ff8156a0000 'C:\WINDOWS\System32\crypt32.dll'
268c.2420: supR3HardenedWinVerifyCacheProcessWvtTodos: 0 (was 0) fWinVerifyTrust=1 for '\Device\HarddiskVolume2\Windows\System32\umpdc.dll'
268c.2420: supR3HardenedMonitor_LdrLoadDll: returns rcNt=0x0 hMod=00007ff814060000 'C:\WINDOWS\system32\rsaenh.dll'
268c.2420: supR3HardenedMonitor_LdrLoadDll: returns rcNt=0x0 hMod=00007ff8156a0000 'C:\WINDOWS\System32\crypt32.dll'
268c.2420: supR3HardenedWinVerifyCacheProcessWvtTodos: 0 (was 0) fWinVerifyTrust=1 for '\Device\HarddiskVolume2\Windows\System32\powrprof.dll'
268c.2c50: supR3HardenedMonitor_LdrLoadDll: returns rcNt=0x0 hMod=00007ff817070000 'C:\WINDOWS\system32\ole32.dll'
268c.2c0: supR3HardenedDllNotificationCallback: Unload 00007ff8059d0000 LB 0x0000d000 C:\Program Files\Oracle\VirtualBox\VBoxGuestPropSvc.DLL [flags=0x0]
268c.a88: supR3HardenedDllNotificationCallback: Unload 00007ff805aa0000 LB 0x0000c000 C:\Program Files\Oracle\VirtualBox\VBoxGuestControlSvc.DLL [flags=0x0]
268c.3268: supR3HardenedDllNotificationCallback: Unload 00007ff8050d0000 LB 0x00014000 C:\Program Files\Oracle\VirtualBox\VBoxSharedFolders.DLL [flags=0x0]
268c.2500: supR3HardenedDllNotificationCallback: Unload 00007ff806be0000 LB 0x0000d000 C:\Program Files\Oracle\VirtualBox\VBoxDragAndDropSvc.DLL [flags=0x0]
268c.17b4: supR3HardenedDllNotificationCallback: Unload 00007ff806c00000 LB 0x00010000 C:\Program Files\Oracle\VirtualBox\VBoxSharedClipboard.DLL [flags=0x0]
268c.1d64: supR3HardenedDllNotificationCallback: Unload 00007ff805130000 LB 0x00019000 C:\Program Files\Oracle\VirtualBox\ExtensionPacks\Oracle_VM_VirtualBox_Extension_Pack\win.amd64\VBoxUsbWebcamR3.DLL [flags=0x0]
268c.1d64: supR3HardenedDllNotificationCallback: Unload 00007ff8055a0000 LB 0x00018000 C:\Program Files\Oracle\VirtualBox\ExtensionPacks\Oracle_VM_VirtualBox_Extension_Pack\win.amd64\VBoxUsbCardReaderR3.DLL [flags=0x0]
268c.1d64: supR3HardenedDllNotificationCallback: Unload 00007ff8056e0000 LB 0x00012000 C:\Program Files\Oracle\VirtualBox\ExtensionPacks\Oracle_VM_VirtualBox_Extension_Pack\win.amd64\VBoxNvmeR3.DLL [flags=0x0]
268c.1d64: supR3HardenedDllNotificationCallback: Unload 00007ff8059e0000 LB 0x00017000 C:\Program Files\Oracle\VirtualBox\ExtensionPacks\Oracle_VM_VirtualBox_Extension_Pack\win.amd64\VBoxEhciR3.DLL [flags=0x0]
268c.1d64: supR3HardenedDllNotificationCallback: Unload 00007ffff3400000 LB 0x00041000 C:\Program Files\Oracle\VirtualBox\ExtensionPacks\Oracle_VM_VirtualBox_Extension_Pack\win.amd64\VBoxHostWebcam.DLL [flags=0x0]
268c.1d64: supR3HardenedDllNotificationCallback: Unload 00007fffdde50000 LB 0x00a04000 C:\Program Files\Oracle\VirtualBox\VBoxDD.DLL [flags=0x0]
268c.1d64: supR3HardenedDllNotificationCallback: Unload 00007ffff9d60000 LB 0x00066000 C:\Program Files\Oracle\VirtualBox\VBoxDDU.dll [flags=0x0]
268c.1d64: supR3HardenedDllNotificationCallback: Unload 00007fffdd5f0000 LB 0x0085c000 C:\Program Files\Oracle\VirtualBox\VBoxDD2.dll [flags=0x0]
268c.1d64: supR3HardenedDllNotificationCallback: Unload 00007ff8174c0000 LB 0x0046e000 C:\WINDOWS\System32\SETUPAPI.dll [flags=0x0]
268c.2c50: supR3HardenedDllNotificationCallback: Unload 00007ff806d50000 LB 0x0000e000 C:\Program Files\Oracle\VirtualBox\ExtensionPacks\Oracle_VM_VirtualBox_Extension_Pack\win.amd64\VBoxPuelMainVM.DLL [flags=0x0]
268c.2c50: supR3HardenedDllNotificationCallback: Unload 00007ff8048f0000 LB 0x00014000 C:\WINDOWS\system32\wbem\wbemsvc.dll [flags=0x0]
268c.2c50: supR3HardenedDllNotificationCallback: Unload 00007ff804990000 LB 0x0010c000 C:\WINDOWS\system32\wbem\fastprox.dll [flags=0x0]
268c.2c50: supR3HardenedDllNotificationCallback: Unload 00007ff806980000 LB 0x00011000 C:\WINDOWS\system32\wbem\wbemprox.dll [flags=0x0]
268c.2c50: supR3HardenedDllNotificationCallback: Unload 00007ff805200000 LB 0x00090000 C:\WINDOWS\SYSTEM32\wbemcomn.dll [flags=0x0]
268c.2c50: supR3HardenedDllNotificationCallback: Unload 00007ffffcbc0000 LB 0x0003e000 C:\WINDOWS\system32\dataexchange.dll [flags=0x0]
268c.2c50: supR3HardenedWinVerifyCacheScheduleImports: Import todo: #0 'msvcp_win.dll'.
268c.2c50: supR3HardenedWinVerifyCacheScheduleImports: Import todo: #14 'rpcrt4.dll'.
268c.2c50: supR3HardenedWinVerifyCacheScheduleImports: Import todo: #28 'win32u.dll'.
268c.2c50: supHardenedWinVerifyImageByHandle: -> 0 (\Device\HarddiskVolume2\Windows\System32\DXCore.dll)
268c.2c50: supR3HardenedWinVerifyCacheInsert: \Device\HarddiskVolume2\Windows\System32\DXCore.dll
268c.2c50: supR3HardenedDllNotificationCallback: load   00007ff80fb10000 LB 0x0003b000 C:\WINDOWS\SYSTEM32\dxcore.dll [fFlags=0x0]
268c.2c50: supR3HardenedScreenImage/LdrLoadDll: cache hit (VINF_SUCCESS) on \Device\HarddiskVolume2\Windows\System32\DXCore.dll [avoiding WinVerifyTrust]
268c.2c50: supR3HardenedDllNotificationCallback: Unload 00007ff810c70000 LB 0x00263000 C:\WINDOWS\system32\d3d11.dll [flags=0x0]
268c.2c50: supR3HardenedDllNotificationCallback: Unload 00007ff813910000 LB 0x000f6000 C:\WINDOWS\system32\dxgi.dll [flags=0x0]
268c.2c50: supR3HardenedDllNotificationCallback: Unload 00007ff811b50000 LB 0x001e4000 C:\WINDOWS\system32\dcomp.dll [flags=0x0]
268c.2c50: supR3HardenedDllNotificationCallback: Unload 00007ff80e5d0000 LB 0x00203000 C:\WINDOWS\system32\twinapi.appcore.dll [flags=0x0]
268c.2c50: supR3HardenedDllNotificationCallback: Unload 00007fffec330000 LB 0x000ef000 C:\Program Files\Oracle\VirtualBox\VBoxProxyStub.dll [flags=0x0]
268c.2c50: supR3HardenedDllNotificationCallback: Unload 00007fffe03d0000 LB 0x003c2000 C:\Program Files\Oracle\VirtualBox\VBoxC.dll [flags=0x0]
268c.2c50: Terminating the normal way: rcExit=0
594.125c: supR3HardNtChildWaitFor[2]: Quitting: ExitCode=0x0 (rcNtWait=0x0, rcNt1=0x0, rcNt2=0x103, rcNt3=0x103, 2023709 ms, the end);
35b8.3888: supR3HardNtChildWaitFor[1]: Quitting: ExitCode=0x0 (rcNtWait=0x0, rcNt1=0x0, rcNt2=0x103, rcNt3=0x103, 2024490 ms, the end);
