00:00:04.152083 VirtualBox VM 6.1.36 r152435 win.amd64 (Jul 19 2022 21:51:27) release log
00:00:04.152100 Log opened 2024-11-28T07:55:54.007221000Z
00:00:04.152101 Build Type: release
00:00:04.152104 OS Product: Windows 10
00:00:04.152105 OS Release: 10.0.19045
00:00:04.152105 OS Service Pack: 
00:00:04.365980 DMI Product Name: System Product Name
00:00:04.369916 DMI Product Version: System Version
00:00:04.369927 Firmware type: BIOS
00:00:04.369934 Host RAM: 16249MB (15.8GB) total, 11020MB (10.7GB) available
00:00:04.369936 Executable: C:\Program Files\Oracle\VirtualBox\VirtualBoxVM.exe
00:00:04.369936 Process ID: 9868
00:00:04.369937 Package type: WINDOWS_64BITS_GENERIC
00:00:04.370799 Installed Extension Packs:
00:00:04.371075   Oracle VM VirtualBox Extension Pack (Version: 6.1.36 r152435; VRDE Module: VBoxVRDP)
00:00:04.371782 Console: Machine state changed to 'Starting'
00:00:04.372004 Qt version: 5.6.2
00:00:04.373741 GUI: UIMediumEnumerator: Medium-enumeration finished!
00:00:04.588317 SUP: seg #0: R   0x00000000 LB 0x00001000
00:00:04.588334 SUP: seg #1: R X 0x00001000 LB 0x00109000
00:00:04.588339 SUP: seg #2: R   0x0010a000 LB 0x0004a000
00:00:04.588343 SUP: seg #3: RW  0x00154000 LB 0x00013000
00:00:04.588347 SUP: seg #4: R   0x00167000 LB 0x0000e000
00:00:04.588351 SUP: seg #5: RW  0x00175000 LB 0x00003000
00:00:04.588355 SUP: seg #6: R   0x00178000 LB 0x0000b000
00:00:04.588359 SUP: seg #7: RWX 0x00183000 LB 0x00002000
00:00:04.588362 SUP: seg #8: R   0x00185000 LB 0x00007000
00:00:04.589100 SUP: Loaded VMMR0.r0 (C:\Program Files\Oracle\VirtualBox\VMMR0.r0) at 0xXXXXXXXXXXXXXXXX - ModuleInit at XXXXXXXXXXXXXXXX and ModuleTerm at XXXXXXXXXXXXXXXX using the native ring-0 loader
00:00:04.589132 SUP: VMMR0EntryEx located at XXXXXXXXXXXXXXXX and VMMR0EntryFast at XXXXXXXXXXXXXXXX
00:00:04.589136 SUP: windbg> .reload /f C:\Program Files\Oracle\VirtualBox\VMMR0.r0=0xXXXXXXXXXXXXXXXX
00:00:04.590475 Guest OS type: 'Ubuntu_64'
00:00:04.591263 fHMForced=true - No raw-mode support in this build!
00:00:04.594916 File system of 'D:\Фоминых Александр\Фоминых_Ubuntu\Snapshots' (snapshots) is ntfs
00:00:04.594927 File system of 'D:\Фоминых Александр\Фоминых_Ubuntu\Фоминых_Ubuntu.vdi' is ntfs
00:00:04.625956 Shared Clipboard: Service loaded
00:00:04.625968 Shared Clipboard: Mode: Off
00:00:04.626187 Shared Clipboard: Service running in normal mode
00:00:04.650095 Drag and drop service loaded
00:00:04.650106 Drag and drop mode: Off
00:00:04.679403 ************************* CFGM dump *************************
00:00:04.679405 [/] (level 0)
00:00:04.679408   CpuExecutionCap   <integer> = 0x0000000000000064 (100)
00:00:04.679409   EnablePAE         <integer> = 0x0000000000000000 (0)
00:00:04.679410   HMEnabled         <integer> = 0x0000000000000001 (1)
00:00:04.679411   MemBalloonSize    <integer> = 0x0000000000000000 (0)
00:00:04.679411   Name              <string>  = "Фоминых_Ubuntu" (cb=22)
00:00:04.679412   NumCPUs           <integer> = 0x0000000000000002 (2)
00:00:04.679413   PageFusionAllowed <integer> = 0x0000000000000000 (0)
00:00:04.679414   RamHoleSize       <integer> = 0x0000000020000000 (536 870 912, 512 MB)
00:00:04.679415   RamSize           <integer> = 0x0000000100000000 (4 294 967 296, 4 096 MB, 4.0 GB)
00:00:04.679417   TimerMillies      <integer> = 0x000000000000000a (10)
00:00:04.679417   UUID              <bytes>   = "de de 00 a7 fc a3 89 4e 8b 04 7b c4 7d ca c5 ab" (cb=16)
00:00:04.679454 
00:00:04.679454 [/CPUM/] (level 1)
00:00:04.679456   GuestCpuName       <string>  = "host" (cb=5)
00:00:04.679456   NestedHWVirt       <integer> = 0x0000000000000000 (0)
00:00:04.679457   PortableCpuIdLevel <integer> = 0x0000000000000000 (0)
00:00:04.679457   SpecCtrl           <integer> = 0x0000000000000000 (0)
00:00:04.679458 
00:00:04.679458 [/CPUM/IsaExts/] (level 2)
00:00:04.679459 
00:00:04.679459 [/DBGC/] (level 1)
00:00:04.679460   GlobalInitScript <string>  = "C:\Users\student\.VirtualBox/dbgc-init" (cb=39)
00:00:04.679461   HistoryFile      <string>  = "C:\Users\student\.VirtualBox/dbgc-history" (cb=42)
00:00:04.679461   LocalInitScript  <string>  = "D:\Фоминых Александр\Фоминых_Ubuntu/dbgc-init" (cb=69)
00:00:04.679462 
00:00:04.679462 [/DBGF/] (level 1)
00:00:04.679463   Path <string>  = "D:\Фоминых Александр\Фоминых_Ubuntu/debug/;D:\Фоминых Александр\Фоминых_Ubuntu/;cache*D:\Фоминых Александр\Фоминых_Ubuntu/dbgcache/;C:\Users\student\" (cb=219)
00:00:04.679464 
00:00:04.679464 [/Devices/] (level 1)
00:00:04.679465 
00:00:04.679465 [/Devices/8237A/] (level 2)
00:00:04.679465 
00:00:04.679466 [/Devices/8237A/0/] (level 3)
00:00:04.679466   Trusted <integer> = 0x0000000000000001 (1)
00:00:04.679467 
00:00:04.679467 [/Devices/GIMDev/] (level 2)
00:00:04.679468 
00:00:04.679468 [/Devices/GIMDev/0/] (level 3)
00:00:04.679469   Trusted <integer> = 0x0000000000000001 (1)
00:00:04.679469 
00:00:04.679469 [/Devices/VMMDev/] (level 2)
00:00:04.679470 
00:00:04.679470 [/Devices/VMMDev/0/] (level 3)
00:00:04.679471   PCIBusNo      <integer> = 0x0000000000000000 (0)
00:00:04.679472   PCIDeviceNo   <integer> = 0x0000000000000004 (4)
00:00:04.679472   PCIFunctionNo <integer> = 0x0000000000000000 (0)
00:00:04.679473   Trusted       <integer> = 0x0000000000000001 (1)
00:00:04.679473 
00:00:04.679474 [/Devices/VMMDev/0/Config/] (level 4)
00:00:04.679474   GuestCoreDumpDir <string>  = "D:\Фоминых Александр\Фоминых_Ubuntu\Snapshots" (cb=69)
00:00:04.679475 
00:00:04.679475 [/Devices/VMMDev/0/LUN#0/] (level 4)
00:00:04.679476   Driver <string>  = "HGCM" (cb=5)
00:00:04.679476 
00:00:04.679477 [/Devices/VMMDev/0/LUN#0/Config/] (level 5)
00:00:04.679478   Object <integer> = 0x0000000007be5cc0 (129 916 096)
00:00:04.679478 
00:00:04.679479 [/Devices/VMMDev/0/LUN#999/] (level 4)
00:00:04.679479   Driver <string>  = "MainStatus" (cb=11)
00:00:04.679480 
00:00:04.679480 [/Devices/VMMDev/0/LUN#999/Config/] (level 5)
00:00:04.679481   First   <integer> = 0x0000000000000000 (0)
00:00:04.679482   Last    <integer> = 0x0000000000000000 (0)
00:00:04.679483   papLeds <integer> = 0x0000000004ba2308 (79 307 528)
00:00:04.679483 
00:00:04.679484 [/Devices/acpi/] (level 2)
00:00:04.679484 
00:00:04.679484 [/Devices/acpi/0/] (level 3)
00:00:04.679485   PCIBusNo      <integer> = 0x0000000000000000 (0)
00:00:04.679486   PCIDeviceNo   <integer> = 0x0000000000000007 (7)
00:00:04.679486   PCIFunctionNo <integer> = 0x0000000000000000 (0)
00:00:04.679487   Trusted       <integer> = 0x0000000000000001 (1)
00:00:04.679487 
00:00:04.679488 [/Devices/acpi/0/Config/] (level 4)
00:00:04.679489   CpuHotPlug          <integer> = 0x0000000000000000 (0)
00:00:04.679490   FdcEnabled          <integer> = 0x0000000000000000 (0)
00:00:04.679490   HostBusPciAddress   <integer> = 0x0000000000000000 (0)
00:00:04.679491   HpetEnabled         <integer> = 0x0000000000000000 (0)
00:00:04.679492   IOAPIC              <integer> = 0x0000000000000001 (1)
00:00:04.679492   IocPciAddress       <integer> = 0x0000000000010000 (65 536)
00:00:04.679493   NumCPUs             <integer> = 0x0000000000000002 (2)
00:00:04.679494   Parallel0IoPortBase <integer> = 0x0000000000000000 (0)
00:00:04.679494   Parallel0Irq        <integer> = 0x0000000000000000 (0)
00:00:04.679495   Parallel1IoPortBase <integer> = 0x0000000000000000 (0)
00:00:04.679495   Parallel1Irq        <integer> = 0x0000000000000000 (0)
00:00:04.679496   Serial0IoPortBase   <integer> = 0x0000000000000000 (0)
00:00:04.679496   Serial0Irq          <integer> = 0x0000000000000000 (0)
00:00:04.679497   Serial1IoPortBase   <integer> = 0x0000000000000000 (0)
00:00:04.679497   Serial1Irq          <integer> = 0x0000000000000000 (0)
00:00:04.679498   ShowCpu             <integer> = 0x0000000000000001 (1)
00:00:04.679499   ShowRtc             <integer> = 0x0000000000000000 (0)
00:00:04.679499   SmcEnabled          <integer> = 0x0000000000000000 (0)
00:00:04.679500 
00:00:04.679500 [/Devices/acpi/0/LUN#0/] (level 4)
00:00:04.679501   Driver <string>  = "ACPIHost" (cb=9)
00:00:04.679501 
00:00:04.679502 [/Devices/acpi/0/LUN#0/Config/] (level 5)
00:00:04.679502 
00:00:04.679503 [/Devices/acpi/0/LUN#1/] (level 4)
00:00:04.679503   Driver <string>  = "ACPICpu" (cb=8)
00:00:04.679504 
00:00:04.679504 [/Devices/acpi/0/LUN#1/Config/] (level 5)
00:00:04.679505 
00:00:04.679505 [/Devices/ahci/] (level 2)
00:00:04.679505 
00:00:04.679506 [/Devices/ahci/0/] (level 3)
00:00:04.679507   PCIBusNo      <integer> = 0x0000000000000000 (0)
00:00:04.679507   PCIDeviceNo   <integer> = 0x000000000000000d (13)
00:00:04.679508   PCIFunctionNo <integer> = 0x0000000000000000 (0)
00:00:04.679508   Trusted       <integer> = 0x0000000000000001 (1)
00:00:04.679509 
00:00:04.679509 [/Devices/ahci/0/Config/] (level 4)
00:00:04.679509   Bootable  <integer> = 0x0000000000000001 (1)
00:00:04.679510   PortCount <integer> = 0x0000000000000001 (1)
00:00:04.679510 
00:00:04.679511 [/Devices/ahci/0/Config/Port0/] (level 5)
00:00:04.679511   Hotpluggable <integer> = 0x0000000000000000 (0)
00:00:04.679512 
00:00:04.679512 [/Devices/ahci/0/LUN#0/] (level 4)
00:00:04.679513   Driver <string>  = "VD" (cb=3)
00:00:04.679514 
00:00:04.679514 [/Devices/ahci/0/LUN#0/Config/] (level 5)
00:00:04.679515   BlockCache <integer> = 0x0000000000000001 (1)
00:00:04.679515   Format     <string>  = "VDI" (cb=4)
00:00:04.679516   Mountable  <integer> = 0x0000000000000000 (0)
00:00:04.679516   Path       <string>  = "D:\Фоминых Александр\Фоминых_Ubuntu\Фоминых_Ubuntu.vdi" (cb=85)
00:00:04.679517   Type       <string>  = "HardDisk" (cb=9)
00:00:04.679517   UseNewIo   <integer> = 0x0000000000000001 (1)
00:00:04.679518 
00:00:04.679518 [/Devices/ahci/0/LUN#0/Config/Plugins/] (level 6)
00:00:04.679519 
00:00:04.679519 [/Devices/ahci/0/LUN#0/Config/Plugins/VDPluginCrypt/] (level 7)
00:00:04.679520   Path <string>  = "C:\Program Files\Oracle\VirtualBox\ExtensionPacks\Oracle_VM_VirtualBox_Extension_Pack\win.amd64\VDPluginCrypt.DLL" (cb=114)
00:00:04.679521 
00:00:04.679521 [/Devices/ahci/0/LUN#0/Config/VDConfig/] (level 6)
00:00:04.679522   AllocationBlockSize <string>  = "1048576" (cb=8)
00:00:04.679522 
00:00:04.679523 [/Devices/ahci/0/LUN#999/] (level 4)
00:00:04.679523   Driver <string>  = "MainStatus" (cb=11)
00:00:04.679524 
00:00:04.679524 [/Devices/ahci/0/LUN#999/Config/] (level 5)
00:00:04.679525   DeviceInstance        <string>  = "ahci/0" (cb=7)
00:00:04.679525   First                 <integer> = 0x0000000000000000 (0)
00:00:04.679526   Last                  <integer> = 0x0000000000000000 (0)
00:00:04.679527   pConsole              <integer> = 0x0000000004ba0f10 (79 302 416)
00:00:04.679528   papLeds               <integer> = 0x0000000004ba1710 (79 304 464)
00:00:04.679528   pmapMediumAttachments <integer> = 0x0000000004ba2328 (79 307 560)
00:00:04.679529 
00:00:04.679529 [/Devices/apic/] (level 2)
00:00:04.679530 
00:00:04.679530 [/Devices/apic/0/] (level 3)
00:00:04.679531   Trusted <integer> = 0x0000000000000001 (1)
00:00:04.679531 
00:00:04.679531 [/Devices/apic/0/Config/] (level 4)
00:00:04.679532   IOAPIC  <integer> = 0x0000000000000001 (1)
00:00:04.679533   Mode    <integer> = 0x0000000000000003 (3)
00:00:04.679533   NumCPUs <integer> = 0x0000000000000002 (2)
00:00:04.679534 
00:00:04.679534 [/Devices/e1000/] (level 2)
00:00:04.679535 
00:00:04.679535 [/Devices/e1000/0/] (level 3)
00:00:04.679536   PCIBusNo      <integer> = 0x0000000000000000 (0)
00:00:04.679536   PCIDeviceNo   <integer> = 0x0000000000000003 (3)
00:00:04.679537   PCIFunctionNo <integer> = 0x0000000000000000 (0)
00:00:04.679537   Trusted       <integer> = 0x0000000000000001 (1)
00:00:04.679538 
00:00:04.679538 [/Devices/e1000/0/Config/] (level 4)
00:00:04.679539   AdapterType    <integer> = 0x0000000000000000 (0)
00:00:04.679539   CableConnected <integer> = 0x0000000000000001 (1)
00:00:04.679540   LineSpeed      <integer> = 0x0000000000000000 (0)
00:00:04.679540   MAC            <bytes>   = "08 00 27 b1 6a ed" (cb=6)
00:00:04.679541 
00:00:04.679541 [/Devices/e1000/0/LUN#0/] (level 4)
00:00:04.679542   Driver <string>  = "NAT" (cb=4)
00:00:04.679543 
00:00:04.679543 [/Devices/e1000/0/LUN#0/Config/] (level 5)
00:00:04.679544   AliasMode       <integer> = 0x0000000000000000 (0)
00:00:04.679544   BootFile        <string>  = "Фоминых_Ubuntu.pxe" (cb=26)
00:00:04.679545   DNSProxy        <integer> = 0x0000000000000000 (0)
00:00:04.679546   Network         <string>  = "10.0.2.0/24" (cb=12)
00:00:04.679546   PassDomain      <integer> = 0x0000000000000001 (1)
00:00:04.679547   TFTPPrefix      <string>  = "C:\Users\student\.VirtualBox\TFTP" (cb=34)
00:00:04.679547   UseHostResolver <integer> = 0x0000000000000000 (0)
00:00:04.679548 
00:00:04.679548 [/Devices/e1000/0/LUN#999/] (level 4)
00:00:04.679549   Driver <string>  = "MainStatus" (cb=11)
00:00:04.679549 
00:00:04.679550 [/Devices/e1000/0/LUN#999/Config/] (level 5)
00:00:04.679550   First   <integer> = 0x0000000000000000 (0)
00:00:04.679551   Last    <integer> = 0x0000000000000000 (0)
00:00:04.679551   papLeds <integer> = 0x0000000004ba21e8 (79 307 240)
00:00:04.679552 
00:00:04.679552 [/Devices/i8254/] (level 2)
00:00:04.679553 
00:00:04.679553 [/Devices/i8254/0/] (level 3)
00:00:04.679554 
00:00:04.679554 [/Devices/i8254/0/Config/] (level 4)
00:00:04.679555 
00:00:04.679555 [/Devices/i8259/] (level 2)
00:00:04.679556 
00:00:04.679556 [/Devices/i8259/0/] (level 3)
00:00:04.679556   Trusted <integer> = 0x0000000000000001 (1)
00:00:04.679557 
00:00:04.679557 [/Devices/i8259/0/Config/] (level 4)
00:00:04.679558 
00:00:04.679558 [/Devices/ichac97/] (level 2)
00:00:04.679558 
00:00:04.679559 [/Devices/ichac97/0/] (level 3)
00:00:04.679559   PCIBusNo      <integer> = 0x0000000000000000 (0)
00:00:04.679560   PCIDeviceNo   <integer> = 0x0000000000000005 (5)
00:00:04.679560   PCIFunctionNo <integer> = 0x0000000000000000 (0)
00:00:04.679561   Trusted       <integer> = 0x0000000000000001 (1)
00:00:04.679561 
00:00:04.679561 [/Devices/ichac97/0/AudioConfig/] (level 4)
00:00:04.679562 
00:00:04.679562 [/Devices/ichac97/0/Config/] (level 4)
00:00:04.679563   Codec        <string>  = "AD1980" (cb=7)
00:00:04.679563   DebugEnabled <integer> = 0x0000000000000000 (0)
00:00:04.679564 
00:00:04.679564 [/Devices/ichac97/0/LUN#0/] (level 4)
00:00:04.679565   Driver <string>  = "AUDIO" (cb=6)
00:00:04.679565 
00:00:04.679565 [/Devices/ichac97/0/LUN#0/AttachedDriver/] (level 5)
00:00:04.679566   Driver <string>  = "HostAudioWas" (cb=13)
00:00:04.679567 
00:00:04.679567 [/Devices/ichac97/0/LUN#0/AttachedDriver/Config/] (level 6)
00:00:04.679568   VmName <string>  = "Фоминых_Ubuntu" (cb=22)
00:00:04.679569   VmUuid <string>  = "a700dede-a3fc-4e89-8b04-7bc47dcac5ab" (cb=37)
00:00:04.679569 
00:00:04.679569 [/Devices/ichac97/0/LUN#0/Config/] (level 5)
00:00:04.679570   DriverName    <string>  = "HostAudioWas" (cb=13)
00:00:04.679570   InputEnabled  <integer> = 0x0000000000000000 (0)
00:00:04.679571   OutputEnabled <integer> = 0x0000000000000001 (1)
00:00:04.679571 
00:00:04.679572 [/Devices/ichac97/0/LUN#1/] (level 4)
00:00:04.679572   Driver <string>  = "AUDIO" (cb=6)
00:00:04.679573 
00:00:04.679573 [/Devices/ichac97/0/LUN#2/] (level 4)
00:00:04.679574   Driver <string>  = "AUDIO" (cb=6)
00:00:04.679574 
00:00:04.679574 [/Devices/ioapic/] (level 2)
00:00:04.679575 
00:00:04.679575 [/Devices/ioapic/0/] (level 3)
00:00:04.679576   Trusted <integer> = 0x0000000000000001 (1)
00:00:04.679576 
00:00:04.679576 [/Devices/ioapic/0/Config/] (level 4)
00:00:04.679577   NumCPUs <integer> = 0x0000000000000002 (2)
00:00:04.679577 
00:00:04.679578 [/Devices/mc146818/] (level 2)
00:00:04.679578 
00:00:04.679578 [/Devices/mc146818/0/] (level 3)
00:00:04.679579 
00:00:04.679579 [/Devices/mc146818/0/Config/] (level 4)
00:00:04.679580   UseUTC <integer> = 0x0000000000000001 (1)
00:00:04.679581 
00:00:04.679581 [/Devices/parallel/] (level 2)
00:00:04.679581 
00:00:04.679581 [/Devices/pcarch/] (level 2)
00:00:04.679582 
00:00:04.679582 [/Devices/pcarch/0/] (level 3)
00:00:04.679583   Trusted <integer> = 0x0000000000000001 (1)
00:00:04.679583 
00:00:04.679583 [/Devices/pcarch/0/Config/] (level 4)
00:00:04.679584 
00:00:04.679584 [/Devices/pcbios/] (level 2)
00:00:04.679585 
00:00:04.679585 [/Devices/pcbios/0/] (level 3)
00:00:04.679586   Trusted <integer> = 0x0000000000000001 (1)
00:00:04.679586 
00:00:04.679586 [/Devices/pcbios/0/Config/] (level 4)
00:00:04.679587   APIC               <integer> = 0x0000000000000001 (1)
00:00:04.679588   BootDevice0        <string>  = "FLOPPY" (cb=7)
00:00:04.679588   BootDevice1        <string>  = "DVD" (cb=4)
00:00:04.679589   BootDevice2        <string>  = "IDE" (cb=4)
00:00:04.679589   BootDevice3        <string>  = "NONE" (cb=5)
00:00:04.679590   FloppyDevice       <string>  = "i82078" (cb=7)
00:00:04.679590   HardDiskDevice     <string>  = "piix3ide" (cb=9)
00:00:04.679591   IOAPIC             <integer> = 0x0000000000000001 (1)
00:00:04.679591   LanBootRom         <string>  = "C:\Program Files\Oracle\VirtualBox\ExtensionPacks\Oracle_VM_VirtualBox_Extension_Pack\PXE-Intel.rom" (cb=100)
00:00:04.679592   McfgBase           <integer> = 0x0000000000000000 (0)
00:00:04.679593   McfgLength         <integer> = 0x0000000000000000 (0)
00:00:04.679593   NumCPUs            <integer> = 0x0000000000000002 (2)
00:00:04.679594   PXEDebug           <integer> = 0x0000000000000000 (0)
00:00:04.679595   SataHardDiskDevice <string>  = "ahci" (cb=5)
00:00:04.679595   SataLUN1           <integer> = 0x0000000000000000 (0)
00:00:04.679596   UUID               <bytes>   = "de de 00 a7 fc a3 89 4e 8b 04 7b c4 7d ca c5 ab" (cb=16)
00:00:04.679597   UuidLe             <integer> = 0x0000000000000001 (1)
00:00:04.679598 
00:00:04.679598 [/Devices/pcbios/0/Config/NetBoot/] (level 5)
00:00:04.679599 
00:00:04.679599 [/Devices/pcbios/0/Config/NetBoot/0/] (level 6)
00:00:04.679600   NIC           <integer> = 0x0000000000000000 (0)
00:00:04.679600   PCIBusNo      <integer> = 0x0000000000000000 (0)
00:00:04.679601   PCIDeviceNo   <integer> = 0x0000000000000003 (3)
00:00:04.679602   PCIFunctionNo <integer> = 0x0000000000000000 (0)
00:00:04.679602 
00:00:04.679602 [/Devices/pci/] (level 2)
00:00:04.679603 
00:00:04.679603 [/Devices/pci/0/] (level 3)
00:00:04.679604   Trusted <integer> = 0x0000000000000001 (1)
00:00:04.679604 
00:00:04.679604 [/Devices/pci/0/Config/] (level 4)
00:00:04.679605   IOAPIC <integer> = 0x0000000000000001 (1)
00:00:04.679605 
00:00:04.679606 [/Devices/pcibridge/] (level 2)
00:00:04.679606 
00:00:04.679607 [/Devices/pckbd/] (level 2)
00:00:04.679607 
00:00:04.679607 [/Devices/pckbd/0/] (level 3)
00:00:04.679608   Trusted <integer> = 0x0000000000000001 (1)
00:00:04.679608 
00:00:04.679608 [/Devices/pckbd/0/Config/] (level 4)
00:00:04.679609 
00:00:04.679609 [/Devices/pckbd/0/LUN#0/] (level 4)
00:00:04.679610   Driver <string>  = "KeyboardQueue" (cb=14)
00:00:04.679611 
00:00:04.679611 [/Devices/pckbd/0/LUN#0/AttachedDriver/] (level 5)
00:00:04.679612   Driver <string>  = "MainKeyboard" (cb=13)
00:00:04.679612 
00:00:04.679612 [/Devices/pckbd/0/LUN#0/AttachedDriver/Config/] (level 6)
00:00:04.679613   Object <integer> = 0x0000000001819490 (25 269 392)
00:00:04.679614 
00:00:04.679614 [/Devices/pckbd/0/LUN#0/Config/] (level 5)
00:00:04.679615   QueueSize <integer> = 0x0000000000000040 (64)
00:00:04.679615 
00:00:04.679616 [/Devices/pckbd/0/LUN#1/] (level 4)
00:00:04.679616   Driver <string>  = "MouseQueue" (cb=11)
00:00:04.679617 
00:00:04.679617 [/Devices/pckbd/0/LUN#1/AttachedDriver/] (level 5)
00:00:04.679618   Driver <string>  = "MainMouse" (cb=10)
00:00:04.679618 
00:00:04.679618 [/Devices/pckbd/0/LUN#1/AttachedDriver/Config/] (level 6)
00:00:04.679619   Object <integer> = 0x000000000185bce0 (25 541 856)
00:00:04.679620 
00:00:04.679620 [/Devices/pckbd/0/LUN#1/Config/] (level 5)
00:00:04.679621   QueueSize <integer> = 0x0000000000000080 (128)
00:00:04.679621 
00:00:04.679622 [/Devices/pcnet/] (level 2)
00:00:04.679622 
00:00:04.679622 [/Devices/piix3ide/] (level 2)
00:00:04.679623 
00:00:04.679623 [/Devices/piix3ide/0/] (level 3)
00:00:04.679624   PCIBusNo      <integer> = 0x0000000000000000 (0)
00:00:04.679625   PCIDeviceNo   <integer> = 0x0000000000000001 (1)
00:00:04.679625   PCIFunctionNo <integer> = 0x0000000000000001 (1)
00:00:04.679626   Trusted       <integer> = 0x0000000000000001 (1)
00:00:04.679626 
00:00:04.679626 [/Devices/piix3ide/0/Config/] (level 4)
00:00:04.679627   Type <string>  = "PIIX4" (cb=6)
00:00:04.679627 
00:00:04.679628 [/Devices/piix3ide/0/LUN#999/] (level 4)
00:00:04.679628   Driver <string>  = "MainStatus" (cb=11)
00:00:04.679629 
00:00:04.679629 [/Devices/piix3ide/0/LUN#999/Config/] (level 5)
00:00:04.679630   DeviceInstance        <string>  = "piix3ide/0" (cb=11)
00:00:04.679631   First                 <integer> = 0x0000000000000000 (0)
00:00:04.679631   Last                  <integer> = 0x0000000000000003 (3)
00:00:04.679632   pConsole              <integer> = 0x0000000004ba0f10 (79 302 416)
00:00:04.679632   papLeds               <integer> = 0x0000000004ba16f0 (79 304 432)
00:00:04.679633   pmapMediumAttachments <integer> = 0x0000000004ba2328 (79 307 560)
00:00:04.679634 
00:00:04.679634 [/Devices/serial/] (level 2)
00:00:04.679635 
00:00:04.679635 [/Devices/usb-ehci/] (level 2)
00:00:04.679636 
00:00:04.679636 [/Devices/usb-ehci/0/] (level 3)
00:00:04.679636   PCIBusNo      <integer> = 0x0000000000000000 (0)
00:00:04.679637   PCIDeviceNo   <integer> = 0x000000000000000b (11)
00:00:04.679637   PCIFunctionNo <integer> = 0x0000000000000000 (0)
00:00:04.679638   Trusted       <integer> = 0x0000000000000001 (1)
00:00:04.679638 
00:00:04.679639 [/Devices/usb-ehci/0/Config/] (level 4)
00:00:04.679639 
00:00:04.679639 [/Devices/usb-ehci/0/LUN#0/] (level 4)
00:00:04.679640   Driver <string>  = "VUSBRootHub" (cb=12)
00:00:04.679641 
00:00:04.679641 [/Devices/usb-ehci/0/LUN#0/Config/] (level 5)
00:00:04.679642 
00:00:04.679642 [/Devices/usb-ehci/0/LUN#999/] (level 4)
00:00:04.679642   Driver <string>  = "MainStatus" (cb=11)
00:00:04.679643 
00:00:04.679643 [/Devices/usb-ehci/0/LUN#999/Config/] (level 5)
00:00:04.679644   First   <integer> = 0x0000000000000000 (0)
00:00:04.679644   Last    <integer> = 0x0000000000000000 (0)
00:00:04.679645   papLeds <integer> = 0x0000000004ba2318 (79 307 544)
00:00:04.679645 
00:00:04.679646 [/Devices/usb-ohci/] (level 2)
00:00:04.679646 
00:00:04.679646 [/Devices/usb-ohci/0/] (level 3)
00:00:04.679647   PCIBusNo      <integer> = 0x0000000000000000 (0)
00:00:04.679648   PCIDeviceNo   <integer> = 0x0000000000000006 (6)
00:00:04.679648   PCIFunctionNo <integer> = 0x0000000000000000 (0)
00:00:04.679649   Trusted       <integer> = 0x0000000000000001 (1)
00:00:04.679649 
00:00:04.679649 [/Devices/usb-ohci/0/Config/] (level 4)
00:00:04.679650 
00:00:04.679650 [/Devices/usb-ohci/0/LUN#0/] (level 4)
00:00:04.679651   Driver <string>  = "VUSBRootHub" (cb=12)
00:00:04.679651 
00:00:04.679651 [/Devices/usb-ohci/0/LUN#0/Config/] (level 5)
00:00:04.679652 
00:00:04.679652 [/Devices/usb-ohci/0/LUN#999/] (level 4)
00:00:04.679653   Driver <string>  = "MainStatus" (cb=11)
00:00:04.679653 
00:00:04.679654 [/Devices/usb-ohci/0/LUN#999/Config/] (level 5)
00:00:04.679654   First   <integer> = 0x0000000000000000 (0)
00:00:04.679655   Last    <integer> = 0x0000000000000000 (0)
00:00:04.679655   papLeds <integer> = 0x0000000004ba2310 (79 307 536)
00:00:04.679656 
00:00:04.679656 [/Devices/vga/] (level 2)
00:00:04.679657 
00:00:04.679657 [/Devices/vga/0/] (level 3)
00:00:04.679657   PCIBusNo      <integer> = 0x0000000000000000 (0)
00:00:04.679658   PCIDeviceNo   <integer> = 0x0000000000000002 (2)
00:00:04.679658   PCIFunctionNo <integer> = 0x0000000000000000 (0)
00:00:04.679659   Trusted       <integer> = 0x0000000000000001 (1)
00:00:04.679659 
00:00:04.679660 [/Devices/vga/0/Config/] (level 4)
00:00:04.679661   3DEnabled          <integer> = 0x0000000000000000 (0)
00:00:04.679661   CustomVideoModes   <integer> = 0x0000000000000000 (0)
00:00:04.679662   FadeIn             <integer> = 0x0000000000000001 (1)
00:00:04.679662   FadeOut            <integer> = 0x0000000000000001 (1)
00:00:04.679663   HeightReduction    <integer> = 0x0000000000000000 (0)
00:00:04.679663   LogoFile           <string>  = "" (cb=1)
00:00:04.679664   LogoTime           <integer> = 0x0000000000000000 (0)
00:00:04.679664   MonitorCount       <integer> = 0x0000000000000001 (1)
00:00:04.679665   ShowBootMenu       <integer> = 0x0000000000000002 (2)
00:00:04.679665   VMSVGA3dEnabled    <integer> = 0x0000000000000000 (0)
00:00:04.679666   VMSVGAEnabled      <integer> = 0x0000000000000001 (1)
00:00:04.679666   VMSVGAPciBarLayout <integer> = 0x0000000000000001 (1)
00:00:04.679667   VMSVGAPciId        <integer> = 0x0000000000000001 (1)
00:00:04.679667   VRamSize           <integer> = 0x0000000001000000 (16 777 216, 16 MB)
00:00:04.679668 
00:00:04.679669 [/Devices/vga/0/LUN#0/] (level 4)
00:00:04.679669   Driver <string>  = "MainDisplay" (cb=12)
00:00:04.679670 
00:00:04.679670 [/Devices/vga/0/LUN#0/Config/] (level 5)
00:00:04.679671   Object <integer> = 0x0000000004c17d80 (79 789 440)
00:00:04.679671 
00:00:04.679672 [/Devices/vga/0/LUN#999/] (level 4)
00:00:04.679672   Driver <string>  = "MainStatus" (cb=11)
00:00:04.679673 
00:00:04.679673 [/Devices/vga/0/LUN#999/Config/] (level 5)
00:00:04.679674   First   <integer> = 0x0000000000000000 (0)
00:00:04.679674   Last    <integer> = 0x0000000000000000 (0)
00:00:04.679675   papLeds <integer> = 0x0000000004ba2320 (79 307 552)
00:00:04.679675 
00:00:04.679676 [/Devices/virtio-net/] (level 2)
00:00:04.679676 
00:00:04.679676 [/EM/] (level 1)
00:00:04.679677   TripleFaultReset <integer> = 0x0000000000000000 (0)
00:00:04.679677 
00:00:04.679678 [/GIM/] (level 1)
00:00:04.679678   Provider <string>  = "KVM" (cb=4)
00:00:04.679679 
00:00:04.679679 [/HM/] (level 1)
00:00:04.679680   64bitEnabled            <integer> = 0x0000000000000001 (1)
00:00:04.679681   EnableLargePages        <integer> = 0x0000000000000001 (1)
00:00:04.679681   EnableNestedPaging      <integer> = 0x0000000000000001 (1)
00:00:04.679682   EnableUX                <integer> = 0x0000000000000001 (1)
00:00:04.679682   EnableVPID              <integer> = 0x0000000000000001 (1)
00:00:04.679683   Exclusive               <integer> = 0x0000000000000000 (0)
00:00:04.679683   HMForced                <integer> = 0x0000000000000001 (1)
00:00:04.679684   IBPBOnVMEntry           <integer> = 0x0000000000000000 (0)
00:00:04.679685   IBPBOnVMExit            <integer> = 0x0000000000000000 (0)
00:00:04.679685   L1DFlushOnSched         <integer> = 0x0000000000000001 (1)
00:00:04.679686   L1DFlushOnVMEntry       <integer> = 0x0000000000000000 (0)
00:00:04.679686   LovelyMesaDrvWorkaround <integer> = 0x0000000000000001 (1)
00:00:04.679687   MDSClearOnSched         <integer> = 0x0000000000000001 (1)
00:00:04.679687   MDSClearOnVMEntry       <integer> = 0x0000000000000000 (0)
00:00:04.679688   SpecCtrlByHost          <integer> = 0x0000000000000000 (0)
00:00:04.679688   UseNEMInstead           <integer> = 0x0000000000000000 (0)
00:00:04.679689 
00:00:04.679689 [/MM/] (level 1)
00:00:04.679689   CanUseLargerHeap <integer> = 0x0000000000000000 (0)
00:00:04.679690 
00:00:04.679690 [/NEM/] (level 1)
00:00:04.679691   Allow64BitGuests        <integer> = 0x0000000000000001 (1)
00:00:04.679691   LovelyMesaDrvWorkaround <integer> = 0x0000000000000001 (1)
00:00:04.679692 
00:00:04.679692 [/PDM/] (level 1)
00:00:04.679692 
00:00:04.679693 [/PDM/AsyncCompletion/] (level 2)
00:00:04.679693 
00:00:04.679693 [/PDM/AsyncCompletion/File/] (level 3)
00:00:04.679694 
00:00:04.679694 [/PDM/AsyncCompletion/File/BwGroups/] (level 4)
00:00:04.679695 
00:00:04.679695 [/PDM/BlkCache/] (level 2)
00:00:04.679696   CacheSize <integer> = 0x0000000000500000 (5 242 880, 5 MB)
00:00:04.679697 
00:00:04.679697 [/PDM/Devices/] (level 2)
00:00:04.679698 
00:00:04.679698 [/PDM/Devices/VBoxEhci/] (level 3)
00:00:04.679699   Path         <string>  = "C:\Program Files\Oracle\VirtualBox\ExtensionPacks\Oracle_VM_VirtualBox_Extension_Pack\win.amd64\VBoxEhciR3.DLL" (cb=111)
00:00:04.679699   R0SearchPath <string>  = "C:\Program Files\Oracle\VirtualBox\ExtensionPacks\Oracle_VM_VirtualBox_Extension_Pack\win.amd64" (cb=96)
00:00:04.679700 
00:00:04.679700 [/PDM/Devices/VBoxNvme/] (level 3)
00:00:04.679701   Path         <string>  = "C:\Program Files\Oracle\VirtualBox\ExtensionPacks\Oracle_VM_VirtualBox_Extension_Pack\win.amd64\VBoxNvmeR3.DLL" (cb=111)
00:00:04.679702   R0SearchPath <string>  = "C:\Program Files\Oracle\VirtualBox\ExtensionPacks\Oracle_VM_VirtualBox_Extension_Pack\win.amd64" (cb=96)
00:00:04.679702 
00:00:04.679703 [/PDM/Drivers/] (level 2)
00:00:04.679703 
00:00:04.679703 [/PDM/Drivers/DrvHostWebcam/] (level 3)
00:00:04.679704   Path <string>  = "C:\Program Files\Oracle\VirtualBox\ExtensionPacks\Oracle_VM_VirtualBox_Extension_Pack\win.amd64\VBoxHostWebcam.DLL" (cb=115)
00:00:04.679705 
00:00:04.679705 [/PDM/Drivers/VBoxC/] (level 3)
00:00:04.679706   Path <string>  = "VBoxC" (cb=6)
00:00:04.679706 
00:00:04.679706 [/PDM/NetworkShaper/] (level 2)
00:00:04.679707 
00:00:04.679707 [/PDM/NetworkShaper/BwGroups/] (level 3)
00:00:04.679708 
00:00:04.679708 [/PDM/USB/] (level 2)
00:00:04.679709 
00:00:04.679709 [/PDM/USB/VBoxUsbCardReader/] (level 3)
00:00:04.679710   Path <string>  = "C:\Program Files\Oracle\VirtualBox\ExtensionPacks\Oracle_VM_VirtualBox_Extension_Pack\win.amd64\VBoxUsbCardReaderR3.DLL" (cb=120)
00:00:04.679710 
00:00:04.679710 [/PDM/USB/VBoxUsbWebcam/] (level 3)
00:00:04.679711   Path <string>  = "C:\Program Files\Oracle\VirtualBox\ExtensionPacks\Oracle_VM_VirtualBox_Extension_Pack\win.amd64\VBoxUsbWebcamR3.DLL" (cb=116)
00:00:04.679712 
00:00:04.679712 [/TM/] (level 1)
00:00:04.679712   UTCOffset <integer> = 0x0000000000000000 (0)
00:00:04.679713 
00:00:04.679713 [/USB/] (level 1)
00:00:04.679713 
00:00:04.679714 [/USB/HidMouse/] (level 2)
00:00:04.679714 
00:00:04.679715 [/USB/HidMouse/0/] (level 3)
00:00:04.679715 
00:00:04.679715 [/USB/HidMouse/0/Config/] (level 4)
00:00:04.679716   Mode <string>  = "absolute" (cb=9)
00:00:04.679716 
00:00:04.679717 [/USB/HidMouse/0/LUN#0/] (level 4)
00:00:04.679717   Driver <string>  = "MouseQueue" (cb=11)
00:00:04.679718 
00:00:04.679718 [/USB/HidMouse/0/LUN#0/AttachedDriver/] (level 5)
00:00:04.679719   Driver <string>  = "MainMouse" (cb=10)
00:00:04.679720 
00:00:04.679720 [/USB/HidMouse/0/LUN#0/AttachedDriver/Config/] (level 6)
00:00:04.679721   Object <integer> = 0x000000000185bce0 (25 541 856)
00:00:04.679721 
00:00:04.679721 [/USB/HidMouse/0/LUN#0/Config/] (level 5)
00:00:04.679722   QueueSize <integer> = 0x0000000000000080 (128)
00:00:04.679723 
00:00:04.679723 [/USB/USBProxy/] (level 2)
00:00:04.679724 
00:00:04.679724 [/USB/USBProxy/GlobalConfig/] (level 3)
00:00:04.679724 
00:00:04.679725 ********************* End of CFGM dump **********************
00:00:04.680009 HM: HMR3Init: VT-x w/ nested paging and unrestricted guest execution hw support
00:00:04.680136 MM: cbHyperHeap=0x240000 (2359296)
00:00:04.683619 CPUM: fXStateHostMask=0x7; initial: 0x7; host XCR0=0x1f
00:00:04.685081 CPUM: Matched host CPU INTEL 0x6/0x9e/0x9 Intel_Core7_KabyLake with CPU DB entry 'Intel Core i7-6700K' (INTEL 0x6/0x5e/0x3 Intel_Core7_Skylake)
00:00:04.685258 CPUM: MXCSR_MASK=0xffff (host: 0xffff)
00:00:04.685283 CPUM: Microcode revision 0x000000B4
00:00:04.685326 CPUM: Changing leaf 13[0]: EBX=0x440 -> 0x340, ECX=0x440 -> 0x340
00:00:04.685348 CPUM: MSR/CPUID reconciliation insert: 0x0000010b IA32_FLUSH_CMD
00:00:04.685700 PGM: Host paging mode: AMD64+NX
00:00:04.685732 PGM: PGMPool: cMaxPages=2304 (u64MaxPages=2084)
00:00:04.685737 PGM: pgmR3PoolInit: cMaxPages=0x900 cMaxUsers=0x1200 cMaxPhysExts=0x1200 fCacheEnable=true 
00:00:04.695605 TM: GIP - u32Mode=3 (Invariant) u32UpdateHz=93 u32UpdateIntervalNS=10734900 enmUseTscDelta=2 (Practically Zero) fGetGipCpu=0x1b cCpus=4
00:00:04.695654 TM: GIP - u64CpuHz=3 000 004 579 (0xb2d06fe3)  SUPGetCpuHzFromGip => 3 000 004 579
00:00:04.695703 TM: GIP - CPU: iCpuSet=0x0 idCpu=0x0 idApic=0x0 iGipCpu=0x0 i64TSCDelta=0 enmState=3 u64CpuHz=3000004579(*) cErrors=0
00:00:04.695712 TM: GIP - CPU: iCpuSet=0x1 idCpu=0x1 idApic=0x2 iGipCpu=0x2 i64TSCDelta=0 enmState=3 u64CpuHz=2999998769(*) cErrors=0
00:00:04.695716 TM: GIP - CPU: iCpuSet=0x2 idCpu=0x2 idApic=0x4 iGipCpu=0x3 i64TSCDelta=0 enmState=3 u64CpuHz=3000004531(*) cErrors=0
00:00:04.695721 TM: GIP - CPU: iCpuSet=0x3 idCpu=0x3 idApic=0x6 iGipCpu=0x1 i64TSCDelta=0 enmState=3 u64CpuHz=2999990841(*) cErrors=0
00:00:04.695774 TM: cTSCTicksPerSecond=3 000 004 579 (0xb2d06fe3) enmTSCMode=1 (VirtTscEmulated)
00:00:04.695775 TM: TSCTiedToExecution=false TSCNotTiedToHalt=false
00:00:04.696580 EMR3Init: fIemExecutesAll=false fGuruOnTripleFault=true 
00:00:04.696983 IEM: TargetCpu=CURRENT, Microarch=Intel_Core7_KabyLake
00:00:04.697185 GIM: Using provider 'KVM' (Implementation version: 0)
00:00:04.697226 CPUM: SetGuestCpuIdFeature: Enabled Hypervisor Present bit
00:00:04.697432 AIOMgr: Default manager type is 'Async'
00:00:04.697439 AIOMgr: Default file backend is 'NonBuffered'
00:00:04.697723 BlkCache: Cache successfully initialized. Cache size is 5242880 bytes
00:00:04.697732 BlkCache: Cache commit interval is 10000 ms
00:00:04.697737 BlkCache: Cache commit threshold is 2621440 bytes
00:00:05.838597 PcBios: [SMP] BIOS with 2 CPUs
00:00:05.838664 PcBios: Using the 386+ BIOS image.
00:00:05.838929 PcBios: MPS table at 000e1300
00:00:05.842262 PcBios: Using LAN ROM 'C:\Program Files\Oracle\VirtualBox\ExtensionPacks\Oracle_VM_VirtualBox_Extension_Pack\PXE-Intel.rom' with a size of 0xc000 bytes
00:00:05.843387 PcBios: fCheckShutdownStatusForSoftReset=true   fClearShutdownStatusOnHardReset=true 
00:00:05.889577 SUP: seg #0: R   0x00000000 LB 0x00001000
00:00:05.889592 SUP: seg #1: R X 0x00001000 LB 0x0001f000
00:00:05.889597 SUP: seg #2: R   0x00020000 LB 0x0000c000
00:00:05.889601 SUP: seg #3: RW  0x0002c000 LB 0x00001000
00:00:05.889605 SUP: seg #4: R   0x0002d000 LB 0x00002000
00:00:05.889609 SUP: seg #5: RW  0x0002f000 LB 0x00001000
00:00:05.889613 SUP: seg #6: R   0x00030000 LB 0x00001000
00:00:05.889617 SUP: seg #7: RWX 0x00031000 LB 0x00001000
00:00:05.889621 SUP: seg #8: R   0x00032000 LB 0x00002000
00:00:05.889672 SUP: Loaded VBoxDDR0.r0 (C:\Program Files\Oracle\VirtualBox\VBoxDDR0.r0) at 0xXXXXXXXXXXXXXXXX - ModuleInit at XXXXXXXXXXXXXXXX and ModuleTerm at XXXXXXXXXXXXXXXX using the native ring-0 loader
00:00:05.889679 SUP: windbg> .reload /f C:\Program Files\Oracle\VirtualBox\VBoxDDR0.r0=0xXXXXXXXXXXXXXXXX
00:00:05.890120 CPUM: SetGuestCpuIdFeature: Enabled xAPIC
00:00:05.890128 CPUM: SetGuestCpuIdFeature: Enabled x2APIC
00:00:05.890487 IOAPIC: Using implementation 2.0! Chipset type ICH9
00:00:05.890618 PIT: mode=3 count=0x10000 (65536) - 18.20 Hz (ch=0)
00:00:05.890927 VMMDev: cbDefaultBudget: 266 233 152 (fde6540)
00:00:05.920105 Shared Folders service loaded
00:00:05.942320 Guest Control service loaded
00:00:05.971496 VGA: Using the 386+ BIOS image.
00:00:05.976368 VD: VDInit finished with VINF_SUCCESS
00:00:06.027181 DrvVD: Flushes will be ignored
00:00:06.027190 DrvVD: Async flushes will be passed to the disk
00:00:06.028467 AIOMgr: Endpoint for file 'D:\Фоминых Александр\Фоминых_Ubuntu\Фоминых_Ubuntu.vdi' (flags 000c0723) created successfully
00:00:06.030041 VD: Opening the disk took 2054242 ns
00:00:06.030190 AHCI: LUN#0: disk, PCHS=16383/16/63, total number of sectors 125829120
00:00:06.030406 AHCI#0: Reset the HBA
00:00:06.030416 VD#0: Cancelling all active requests
00:00:06.033360 PIIX3 ATA: LUN#0: no unit
00:00:06.033371 PIIX3 ATA: LUN#1: no unit
00:00:06.033430 PIIX3 ATA: LUN#2: no unit
00:00:06.033437 PIIX3 ATA: LUN#3: no unit
00:00:06.033529 PIIX3 ATA: Ctl#0: finished processing RESET
00:00:06.033563 PIIX3 ATA: Ctl#1: finished processing RESET
00:00:06.033697 E1000#0: Chip=82540EM LinkUpDelay=3000ms EthernetCRC=on GSO=enabled Itr=disabled ItrRx=enabled TID=disabled R0=enabled RC=disabled
00:00:06.049591 NAT: Guest address guess set to 10.0.2.15 by initialization
00:00:06.074374 NAT: DNS#0: 10.100.4.1
00:00:06.075184 AC97: Using codec 'AD1980'
00:00:06.143121 WasAPI: Failed to get audio input device '{Default}': ERROR_NOT_FOUND 0x80070490
00:00:06.153189 Audio: Found 2 devices for driver 'WasAPI'
00:00:06.153207 Audio: Device 'Динамики (Realtek High Definition Audio)':
00:00:06.153208 Audio:   ID              = {0.0.0.00000000}.{f4574c0a-1ea3-47a6-9a9f-c5eab0a94514}
00:00:06.153208 Audio:   Usage           = output
00:00:06.153209 Audio:   Flags           = DEFAULT_OUT
00:00:06.153209 Audio:   Input channels  = 0
00:00:06.153210 Audio:   Output channels = 2
00:00:06.153214 Audio: Device 'Динамики (Realtek High Definition Audio)':
00:00:06.153214 Audio:   ID              = {0.0.0.00000000}.{f4574c0a-1ea3-47a6-9a9f-c5eab0a94514}
00:00:06.153215 Audio:   Usage           = output
00:00:06.153215 Audio:   Flags           = NONE
00:00:06.153215 Audio:   Input channels  = 0
00:00:06.153215 Audio:   Output channels = 2
00:00:06.153558 AC97: Reset
00:00:06.153567 AC97: Mixer reset (EAID=0x809, EACS=0x9)
00:00:06.153571 AC97: Record select to left=mic, right=mic
00:00:06.194669 SUP: seg #0: R   0x00000000 LB 0x00001000
00:00:06.194682 SUP: seg #1: R X 0x00001000 LB 0x00002000
00:00:06.194687 SUP: seg #2: R   0x00003000 LB 0x00001000
00:00:06.194691 SUP: seg #3: RW  0x00004000 LB 0x00001000
00:00:06.194695 SUP: seg #4: R   0x00005000 LB 0x00002000
00:00:06.194698 SUP: seg #5: RWX 0x00007000 LB 0x00001000
00:00:06.194702 SUP: seg #6: R   0x00008000 LB 0x00002000
00:00:06.194723 SUP: Loaded VBoxEhciR0.r0 (C:\Program Files\Oracle\VirtualBox\ExtensionPacks\Oracle_VM_VirtualBox_Extension_Pack\win.amd64\VBoxEhciR0.r0) at 0xXXXXXXXXXXXXXXXX - ModuleInit at XXXXXXXXXXXXXXXX and ModuleTerm at XXXXXXXXXXXXXXXX using the native ring-0 loader
00:00:06.194729 SUP: windbg> .reload /f C:\Program Files\Oracle\VirtualBox\ExtensionPacks\Oracle_VM_VirtualBox_Extension_Pack\win.amd64\VBoxEhciR0.r0=0xXXXXXXXXXXXXXXXX
00:00:06.195851 VUSB: Attached 'HidMouse' to port 1 on RootHub#1 (FullSpeed)
00:00:06.195907 PGM: The CPU physical address width is 39 bits
00:00:06.195913 PGM: PGMR3InitFinalize: 4 MB PSE mask 0000007fffffffff -> VINF_SUCCESS
00:00:06.196061 TM: TMR3InitFinalize: fTSCModeSwitchAllowed=true 
00:00:06.196346 VMM: Thread-context hooks unavailable
00:00:06.196353 VMM: RTThreadPreemptIsPending() can be trusted
00:00:06.196357 VMM: Kernel preemption is possible
00:00:06.196873 HM: fWorldSwitcher=0x0 (fIbpbOnVmExit=false fIbpbOnVmEntry=false fL1dFlushOnVmEntry=false); fL1dFlushOnSched=true  fMdsClearOnVmEntry=false
00:00:06.196883 HM: Using VT-x implementation 3.0
00:00:06.196899 HM: Max resume loops                  = 8192
00:00:06.196900 HM: Host CR4                          = 0x370678
00:00:06.196901 HM: Host EFER                         = 0xd01
00:00:06.196901 HM: MSR_IA32_SMM_MONITOR_CTL          = 0x0
00:00:06.196902 HM: MSR_IA32_FEATURE_CONTROL          = 0x5
00:00:06.196902 HM:   LOCK
00:00:06.196903 HM:   VMXON
00:00:06.196903 HM: MSR_IA32_VMX_BASIC                = 0xda040000000004
00:00:06.196904 HM:   VMCS id                           = 0x4
00:00:06.196904 HM:   VMCS size                         = 1024 bytes
00:00:06.196905 HM:   VMCS physical address limit       = None
00:00:06.196905 HM:   VMCS memory type                  = Write Back (WB)
00:00:06.196905 HM:   Dual-monitor treatment support    = true 
00:00:06.196906 HM:   OUTS & INS instruction-info       = true 
00:00:06.196906 HM:   Supports true-capability MSRs     = true 
00:00:06.196907 HM:   VM-entry Xcpt error-code optional = false
00:00:06.196907 HM: MSR_IA32_VMX_PINBASED_CTLS        = 0x7f00000016
00:00:06.196908 HM:   EXT_INT_EXIT
00:00:06.196908 HM:   NMI_EXIT
00:00:06.196908 HM:   VIRTUAL_NMI
00:00:06.196908 HM:   PREEMPT_TIMER
00:00:06.196909 HM:   POSTED_INT (must be cleared)
00:00:06.196921 HM: MSR_IA32_VMX_PROCBASED_CTLS       = 0xfff9fffe0401e172
00:00:06.196922 HM:   INT_WINDOW_EXIT
00:00:06.196922 HM:   USE_TSC_OFFSETTING
00:00:06.196923 HM:   HLT_EXIT
00:00:06.196923 HM:   INVLPG_EXIT
00:00:06.196923 HM:   MWAIT_EXIT
00:00:06.196923 HM:   RDPMC_EXIT
00:00:06.196924 HM:   RDTSC_EXIT
00:00:06.196924 HM:   CR3_LOAD_EXIT (must be set)
00:00:06.196924 HM:   CR3_STORE_EXIT (must be set)
00:00:06.196925 HM:   CR8_LOAD_EXIT
00:00:06.196925 HM:   CR8_STORE_EXIT
00:00:06.196925 HM:   USE_TPR_SHADOW
00:00:06.196925 HM:   NMI_WINDOW_EXIT
00:00:06.196926 HM:   MOV_DR_EXIT
00:00:06.196926 HM:   UNCOND_IO_EXIT
00:00:06.196926 HM:   USE_IO_BITMAPS
00:00:06.196938 HM:   MONITOR_TRAP_FLAG
00:00:06.196939 HM:   USE_MSR_BITMAPS
00:00:06.196939 HM:   MONITOR_EXIT
00:00:06.196939 HM:   PAUSE_EXIT
00:00:06.196940 HM:   USE_SECONDARY_CTLS
00:00:06.196951 HM: MSR_IA32_VMX_PROCBASED_CTLS2      = 0x5ffcff00000000
00:00:06.196952 HM:   VIRT_APIC_ACCESS
00:00:06.196952 HM:   EPT
00:00:06.196953 HM:   DESC_TABLE_EXIT
00:00:06.196953 HM:   RDTSCP
00:00:06.196953 HM:   VIRT_X2APIC_MODE
00:00:06.196953 HM:   VPID
00:00:06.196954 HM:   WBINVD_EXIT
00:00:06.196954 HM:   UNRESTRICTED_GUEST
00:00:06.196954 HM:   APIC_REG_VIRT (must be cleared)
00:00:06.196954 HM:   VIRT_INT_DELIVERY (must be cleared)
00:00:06.196955 HM:   PAUSE_LOOP_EXIT
00:00:06.196955 HM:   RDRAND_EXIT
00:00:06.196955 HM:   INVPCID
00:00:06.196955 HM:   VMFUNC
00:00:06.196956 HM:   VMCS_SHADOWING
00:00:06.196956 HM:   ENCLS_EXIT
00:00:06.196956 HM:   RDSEED_EXIT
00:00:06.196956 HM:   PML
00:00:06.196957 HM:   EPT_VE
00:00:06.196957 HM:   CONCEAL_VMX_FROM_PT
00:00:06.196957 HM:   XSAVES_XRSTORS
00:00:06.196957 HM:   MODE_BASED_EPT_PERM
00:00:06.196958 HM:   SPPTP_EPT (must be cleared)
00:00:06.196958 HM:   PT_EPT (must be cleared)
00:00:06.196958 HM:   TSC_SCALING (must be cleared)
00:00:06.196958 HM:   USER_WAIT_PAUSE (must be cleared)
00:00:06.196959 HM:   ENCLV_EXIT (must be cleared)
00:00:06.196959 HM: MSR_IA32_VMX_ENTRY_CTLS           = 0x3ffff000011ff
00:00:06.196960 HM:   LOAD_DEBUG (must be set)
00:00:06.196960 HM:   IA32E_MODE_GUEST
00:00:06.196960 HM:   ENTRY_TO_SMM
00:00:06.196961 HM:   DEACTIVATE_DUAL_MON
00:00:06.196961 HM:   LOAD_PERF_MSR
00:00:06.196961 HM:   LOAD_PAT_MSR
00:00:06.196961 HM:   LOAD_EFER_MSR
00:00:06.196962 HM:   LOAD_BNDCFGS_MSR
00:00:06.196962 HM:   CONCEAL_VMX_FROM_PT
00:00:06.196962 HM:   LOAD_RTIT_CTL_MSR (must be cleared)
00:00:06.196962 HM: MSR_IA32_VMX_EXIT_CTLS            = 0x1ffffff00036dff
00:00:06.196963 HM:   SAVE_DEBUG (must be set)
00:00:06.196963 HM:   HOST_ADDR_SPACE_SIZE
00:00:06.196964 HM:   LOAD_PERF_MSR
00:00:06.196976 HM:   ACK_EXT_INT
00:00:06.196976 HM:   SAVE_PAT_MSR
00:00:06.196976 HM:   LOAD_PAT_MSR
00:00:06.196976 HM:   SAVE_EFER_MSR
00:00:06.196977 HM:   LOAD_EFER_MSR
00:00:06.196977 HM:   SAVE_PREEMPT_TIMER
00:00:06.196977 HM:   CLEAR_BNDCFGS_MSR
00:00:06.196978 HM:   CONCEAL_VMX_FROM_PT
00:00:06.196978 HM:   CLEAR_RTIT_CTL_MSR (must be cleared)
00:00:06.196978 HM: MSR_IA32_VMX_TRUE_PINBASED_CTLS   = 0x7f00000016
00:00:06.196979 HM: MSR_IA32_VMX_TRUE_PROCBASED_CTLS  = 0xfff9fffe04006172
00:00:06.196980 HM: MSR_IA32_VMX_TRUE_ENTRY_CTLS      = 0x3ffff000011fb
00:00:06.196980 HM: MSR_IA32_VMX_TRUE_EXIT_CTLS       = 0x1ffffff00036dfb
00:00:06.196981 HM: MSR_IA32_VMX_MISC                 = 0x7004c1e7
00:00:06.196981 HM:   PREEMPT_TIMER_TSC                 = 0x7
00:00:06.196982 HM:   EXIT_SAVE_EFER_LMA                = true 
00:00:06.196982 HM:   ACTIVITY_STATES                   = 0x7 ( HLT SHUTDOWN SIPI_WAIT )
00:00:06.196983 HM:   INTEL_PT                          = true 
00:00:06.196983 HM:   SMM_READ_SMBASE_MSR               = true 
00:00:06.196983 HM:   CR3_TARGET                        = 0x4
00:00:06.196984 HM:   MAX_MSR                           = 0x0 ( 512 )
00:00:06.196984 HM:   VMXOFF_BLOCK_SMI                  = true 
00:00:06.196985 HM:   VMWRITE_ALL                       = true 
00:00:06.196985 HM:   ENTRY_INJECT_SOFT_INT             = 0x1
00:00:06.196985 HM:   MSEG_ID                           = 0x0
00:00:06.196986 HM: MSR_IA32_VMX_VMCS_ENUM            = 0x2e
00:00:06.196986 HM:   HIGHEST_IDX                       = 0x17
00:00:06.196987 HM: MSR_IA32_VMX_EPT_VPID_CAP         = 0xf0106734141
00:00:06.196987 HM:   RWX_X_ONLY
00:00:06.196987 HM:   PAGE_WALK_LENGTH_4
00:00:06.196988 HM:   EMT_UC
00:00:06.196988 HM:   EMT_WB
00:00:06.196988 HM:   PDE_2M
00:00:06.196988 HM:   PDPTE_1G
00:00:06.196989 HM:   INVEPT
00:00:06.196989 HM:   EPT_ACCESS_DIRTY
00:00:06.196989 HM:   ADVEXITINFO_EPT
00:00:06.196989 HM:   INVEPT_SINGLE_CONTEXT
00:00:06.196990 HM:   INVEPT_ALL_CONTEXTS
00:00:06.196990 HM:   INVVPID
00:00:06.196990 HM:   INVVPID_INDIV_ADDR
00:00:06.196990 HM:   INVVPID_SINGLE_CONTEXT
00:00:06.196991 HM:   INVVPID_ALL_CONTEXTS
00:00:06.196991 HM:   INVVPID_SINGLE_CONTEXT_RETAIN_GLOBALS
00:00:06.196991 HM: MSR_IA32_VMX_VMFUNC               = 0x1
00:00:06.196991 HM:   EPTP_SWITCHING
00:00:06.196992 HM: MSR_IA32_VMX_CR0_FIXED0           = 0x80000021
00:00:06.196992 HM: MSR_IA32_VMX_CR0_FIXED1           = 0xffffffff
00:00:06.196993 HM: MSR_IA32_VMX_CR4_FIXED0           = 0x2000
00:00:06.196993 HM: MSR_IA32_VMX_CR4_FIXED1           = 0x3727ff
00:00:06.196994 HM: APIC-access page physaddr         = 0x00000001e2295000
00:00:06.196995 HM: VCPU  0: MSR bitmap physaddr      = 0x000000011b199000
00:00:06.196995 HM: VCPU  0: VMCS physaddr            = 0x0000000342d96000
00:00:06.196996 HM: VCPU  1: MSR bitmap physaddr      = 0x000000030c89d000
00:00:06.196997 HM: VCPU  1: VMCS physaddr            = 0x0000000151c9a000
00:00:06.196997 HM: Guest support: 32-bit and 64-bit
00:00:06.197003 HM: Supports VMCS EFER fields         = true 
00:00:06.197003 HM: Enabled VMX
00:00:06.197019 CPUM: SetGuestCpuIdFeature: Enabled SYSENTER/EXIT
00:00:06.197019 CPUM: SetGuestCpuIdFeature: Enabled PAE
00:00:06.197020 CPUM: SetGuestCpuIdFeature: Enabled LONG MODE
00:00:06.197020 CPUM: SetGuestCpuIdFeature: Enabled SYSCALL/RET
00:00:06.197020 CPUM: SetGuestCpuIdFeature: Enabled LAHF/SAHF
00:00:06.197021 CPUM: SetGuestCpuIdFeature: Enabled NX
00:00:06.197021 HM: Enabled nested paging
00:00:06.197021 HM:   EPT flush type                  = Single context
00:00:06.197022 HM: Enabled unrestricted guest execution
00:00:06.197022 HM: Enabled large page support
00:00:06.197022 HM: Enabled VPID
00:00:06.197023 HM:   VPID flush type                 = Single context
00:00:06.197023 HM: Enabled VMX-preemption timer (cPreemptTimerShift=7)
00:00:06.197023 HM: VT-x/AMD-V init method: Local
00:00:06.197024 EM: Exit history optimizations: enabled=true  enabled-r0=true  enabled-r0-no-preemption=false
00:00:06.197134 PcBios: SATA LUN#0 LCHS=1024/255/63
00:00:06.197157 APIC: fPostedIntrsEnabled=false fVirtApicRegsEnabled=false fSupportsTscDeadline=false
00:00:06.197163 TMR3UtcNow: nsNow=1 732 780 556 052 454 300 nsPrev=0 -> cNsDelta=1 732 780 556 052 454 300 (offLag=0 offVirtualSync=0 offVirtualSyncGivenUp=0, NowAgain=1 732 780 556 052 454 300)
00:00:06.197183 VMM: fUsePeriodicPreemptionTimers=false
00:00:06.197244 CPUM: Logical host processors: 4 present, 4 max, 4 online, online mask: 000000000000000f
00:00:06.197246 CPUM: Physical host cores: 4
00:00:06.197246 ************************* CPUID dump ************************
00:00:06.197273          Raw Standard CPUID Leaves
00:00:06.197273      Leaf/sub-leaf  eax      ebx      ecx      edx
00:00:06.197286 Gst: 00000000/0000  00000016 756e6547 6c65746e 49656e69
00:00:06.197288 Hst:                00000016 756e6547 6c65746e 49656e69
00:00:06.197288 Gst: 00000001/0000  000906e9 00020800 d6fa2203 178bfbff
00:00:06.197289 Hst:                000906e9 06100800 7ffafbbf bfebfbff
00:00:06.197290 Gst: 00000002/0000  76036301 00f0b6ff 00000000 00c30000
00:00:06.197291 Hst:                76036301 00f0b6ff 00000000 00c30000
00:00:06.197292 Gst: 00000003/0000  00000000 00000000 00000000 00000000
00:00:06.197292 Hst:                00000000 00000000 00000000 00000000
00:00:06.197293 Gst: 00000004/0000  04000121 01c0003f 0000003f 00000000
00:00:06.197294 Hst:                1c004121 01c0003f 0000003f 00000000
00:00:06.197295 Gst: 00000004/0001  04000122 01c0003f 0000003f 00000000
00:00:06.197295 Hst:                1c004122 01c0003f 0000003f 00000000
00:00:06.197296 Gst: 00000004/0002  04000143 00c0003f 000003ff 00000000
00:00:06.197297 Hst:                1c004143 00c0003f 000003ff 00000000
00:00:06.197298 Gst: 00000004/0003  04000163 02c0003f 00001fff 00000006
00:00:06.197298 Hst:                1c03c163 02c0003f 00001fff 00000006
00:00:06.197299 Gst: 00000004/0004  04000000 00000000 00000000 00000000
00:00:06.197300 Hst:                00000000 00000000 00000000 00000000
00:00:06.197300 Gst: 00000005/0000  00000000 00000000 00000000 00000000
00:00:06.197301 Hst:                00000040 00000040 00000003 00142120
00:00:06.197302 Gst: 00000006/0000  00000000 00000000 00000000 00000000
00:00:06.197302 Hst:                000027f7 00000002 00000001 00000000
00:00:06.197303 Gst: 00000007/0000  00000000 00842421 00000000 10000400
00:00:06.197304 Hst:                00000000 029c67af 00000000 9c002400
00:00:06.197304 Gst: 00000007/0001  00000000 00000000 00000000 00000000
00:00:06.197305 Hst:                00000000 00000000 00000000 00000000
00:00:06.197305 Gst: 00000008/0000  00000000 00000000 00000000 00000000
00:00:06.197306 Hst:                00000000 00000000 00000000 00000000
00:00:06.197306 Gst: 00000009/0000  00000000 00000000 00000000 00000000
00:00:06.197307 Hst:                00000000 00000000 00000000 00000000
00:00:06.197307 Gst: 0000000a/0000  00000000 00000000 00000000 00000000
00:00:06.197308 Hst:                07300804 00000000 00000000 00000603
00:00:06.197308 Gst: 0000000b/0000  00000000 00000001 00000100 00000000
00:00:06.197309 Hst:                00000001 00000001 00000100 00000006
00:00:06.197310 Gst: 0000000b/0001  00000001 00000002 00000201 00000000
00:00:06.197310 Hst:                00000004 00000004 00000201 00000006
00:00:06.197311 Gst: 0000000b/0002  00000000 00000000 00000002 00000000
00:00:06.197311 Hst:                00000000 00000000 00000002 00000006
00:00:06.197312 Gst: 0000000c/0000  00000000 00000000 00000000 00000000
00:00:06.197312 Hst:                00000000 00000000 00000000 00000000
00:00:06.197313 Gst: 0000000d/0000  00000007 00000340 00000340 00000000
00:00:06.197313 Hst:                0000001f 00000440 00000440 00000000
00:00:06.197314 Gst: 0000000d/0001  00000000 00000440 00000000 00000000
00:00:06.197314 Hst:                0000000f 00000440 00000100 00000000
00:00:06.197315 Gst: 0000000d/0002  00000100 00000240 00000000 00000000
00:00:06.197315 Hst:                00000100 00000240 00000000 00000000
00:00:06.197316 Gst: 0000000d/0003  00000000 00000000 00000000 00000000
00:00:06.197317 Hst:                00000040 000003c0 00000000 00000000
00:00:06.197317 Gst: 0000000d/0004  00000000 00000000 00000000 00000000
00:00:06.197318 Hst:                00000040 00000400 00000000 00000000
00:00:06.197318 Gst: 0000000d/0005  00000000 00000000 00000000 00000000
00:00:06.197319 Hst:                00000000 00000000 00000000 00000000
00:00:06.197319 Gst: 0000000d/0006  00000000 00000000 00000000 00000000
00:00:06.197320 Hst:                00000000 00000000 00000000 00000000
00:00:06.197320 Gst: 0000000d/0007  00000000 00000000 00000000 00000000
00:00:06.197321 Hst:                00000000 00000000 00000000 00000000
00:00:06.197321 Gst: 0000000d/0008  00000000 00000000 00000000 00000000
00:00:06.197322 Hst:                00000080 00000000 00000001 00000000
00:00:06.197322 Gst: 0000000d/0009  00000000 00000000 00000000 00000000
00:00:06.197323 Hst:                00000000 00000000 00000000 00000000
00:00:06.197339 Gst: 0000000e/0000  00000000 00000000 00000000 00000000
00:00:06.197340 Hst:                00000000 00000000 00000000 00000000
00:00:06.197340 Gst: 0000000f/0000  00000000 00000000 00000000 00000000
00:00:06.197341 Hst:                00000000 00000000 00000000 00000000
00:00:06.197341 Gst: 00000010/0000  00000000 00000000 00000000 00000000
00:00:06.197342 Hst:                00000000 00000000 00000000 00000000
00:00:06.197342 Gst: 00000011/0000  00000000 00000000 00000000 00000000
00:00:06.197343 Hst:                00000000 00000000 00000000 00000000
00:00:06.197343 Gst: 00000012/0000  00000000 00000000 00000000 00000000
00:00:06.197344 Hst:                00000000 00000000 00000000 00000000
00:00:06.197344 Gst: 00000013/0000  00000000 00000000 00000000 00000000
00:00:06.197345 Hst:                00000000 00000000 00000000 00000000
00:00:06.197345 Gst: 00000014/0000  00000000 00000000 00000000 00000000
00:00:06.197346 Hst:                00000001 0000000f 00000007 00000000
00:00:06.197346 Hst: 00000015/0000  00000002 000000fa 00000000 00000000
00:00:06.197347 Hst: 00000016/0000  00000bb8 00000dac 00000064 00000000
00:00:06.197348                                Name: GenuineIntel
00:00:06.197349                            Supports: 0x00000000-0x00000016
00:00:06.197362                              Family:  6 	Extended: 0 	Effective: 6
00:00:06.197363                               Model: 14 	Extended: 9 	Effective: 158
00:00:06.197364                            Stepping: 9
00:00:06.197364                                Type: 0 (primary)
00:00:06.197365                             APIC ID: 0x00
00:00:06.197365                        Logical CPUs: 2
00:00:06.197366                        CLFLUSH Size: 8
00:00:06.197366                            Brand ID: 0x00
00:00:06.197367 Features
00:00:06.197367   Mnemonic - Description                                  = guest (host)
00:00:06.197380   FPU - x87 FPU on Chip                                   = 1 (1)
00:00:06.197381   VME - Virtual 8086 Mode Enhancements                    = 1 (1)
00:00:06.197382   DE - Debugging extensions                               = 1 (1)
00:00:06.197382   PSE - Page Size Extension                               = 1 (1)
00:00:06.197383   TSC - Time Stamp Counter                                = 1 (1)
00:00:06.197384   MSR - Model Specific Registers                          = 1 (1)
00:00:06.197384   PAE - Physical Address Extension                        = 1 (1)
00:00:06.197385   MCE - Machine Check Exception                           = 1 (1)
00:00:06.197386   CX8 - CMPXCHG8B instruction                             = 1 (1)
00:00:06.197386   APIC - APIC On-Chip                                     = 1 (1)
00:00:06.197387   SEP - SYSENTER and SYSEXIT Present                      = 1 (1)
00:00:06.197388   MTRR - Memory Type Range Registers                      = 1 (1)
00:00:06.197388   PGE - PTE Global Bit                                    = 1 (1)
00:00:06.197389   MCA - Machine Check Architecture                        = 1 (1)
00:00:06.197390   CMOV - Conditional Move instructions                    = 1 (1)
00:00:06.197390   PAT - Page Attribute Table                              = 1 (1)
00:00:06.197391   PSE-36 - 36-bit Page Size Extension                     = 1 (1)
00:00:06.197392   PSN - Processor Serial Number                           = 0 (0)
00:00:06.197393   CLFSH - CLFLUSH instruction                             = 1 (1)
00:00:06.197393   DS - Debug Store                                        = 0 (1)
00:00:06.197394   ACPI - Thermal Mon. & Soft. Clock Ctrl.                 = 0 (1)
00:00:06.197395   MMX - Intel MMX Technology                              = 1 (1)
00:00:06.197395   FXSR - FXSAVE and FXRSTOR instructions                  = 1 (1)
00:00:06.197396   SSE - SSE support                                       = 1 (1)
00:00:06.197397   SSE2 - SSE2 support                                     = 1 (1)
00:00:06.197397   SS - Self Snoop                                         = 0 (1)
00:00:06.197398   HTT - Hyper-Threading Technology                        = 1 (1)
00:00:06.197399   TM - Therm. Monitor                                     = 0 (1)
00:00:06.197399   PBE - Pending Break Enabled                             = 0 (1)
00:00:06.197400   SSE3 - SSE3 support                                     = 1 (1)
00:00:06.197401   PCLMUL - PCLMULQDQ support (for AES-GCM)                = 1 (1)
00:00:06.197402   DTES64 - DS Area 64-bit Layout                          = 0 (1)
00:00:06.197402   MONITOR - MONITOR/MWAIT instructions                    = 0 (1)
00:00:06.197403   CPL-DS - CPL Qualified Debug Store                      = 0 (1)
00:00:06.197404   VMX - Virtual Machine Extensions                        = 0 (1)
00:00:06.197404   SMX - Safer Mode Extensions                             = 0 (0)
00:00:06.197405   EST - Enhanced SpeedStep Technology                     = 0 (1)
00:00:06.197405   TM2 - Terminal Monitor 2                                = 0 (1)
00:00:06.197406   SSSE3 - Supplemental Streaming SIMD Extensions 3        = 1 (1)
00:00:06.197407   CNTX-ID - L1 Context ID                                 = 0 (0)
00:00:06.197407   SDBG - Silicon Debug interface                          = 0 (1)
00:00:06.197408   FMA - Fused Multiply Add extensions                     = 0 (1)
00:00:06.197409   CX16 - CMPXCHG16B instruction                           = 1 (1)
00:00:06.197409   TPRUPDATE - xTPR Update Control                         = 0 (1)
00:00:06.197410   PDCM - Perf/Debug Capability MSR                        = 0 (1)
00:00:06.197411   PCID - Process Context Identifiers                      = 1 (1)
00:00:06.197411   DCA - Direct Cache Access                               = 0 (0)
00:00:06.197412   SSE4_1 - SSE4_1 support                                 = 1 (1)
00:00:06.197413   SSE4_2 - SSE4_2 support                                 = 1 (1)
00:00:06.197414   X2APIC - x2APIC support                                 = 1 (1)
00:00:06.197414   MOVBE - MOVBE instruction                               = 1 (1)
00:00:06.197415   POPCNT - POPCNT instruction                             = 1 (1)
00:00:06.197416   TSCDEADL - Time Stamp Counter Deadline                  = 0 (1)
00:00:06.197416   AES - AES instructions                                  = 1 (1)
00:00:06.197417   XSAVE - XSAVE instruction                               = 1 (1)
00:00:06.197418   OSXSAVE - OSXSAVE instruction                           = 0 (1)
00:00:06.197418   AVX - AVX support                                       = 1 (1)
00:00:06.197419   F16C - 16-bit floating point conversion instructions    = 0 (1)
00:00:06.197420   RDRAND - RDRAND instruction                             = 1 (1)
00:00:06.197420   HVP - Hypervisor Present (we're a guest)                = 1 (0)
00:00:06.197421 Structured Extended Feature Flags Enumeration (leaf 7):
00:00:06.197421   Mnemonic - Description                                  = guest (host)
00:00:06.197422   FSGSBASE - RDFSBASE/RDGSBASE/WRFSBASE/WRGSBASE instr.   = 1 (1)
00:00:06.197422   TSCADJUST - Supports MSR_IA32_TSC_ADJUST                = 0 (1)
00:00:06.197423   SGX - Supports Software Guard Extensions                = 0 (1)
00:00:06.197424   BMI1 - Advanced Bit Manipulation extension 1            = 0 (1)
00:00:06.197424   HLE - Hardware Lock Elision                             = 0 (0)
00:00:06.197425   AVX2 - Advanced Vector Extensions 2                     = 1 (1)
00:00:06.197425   FDP_EXCPTN_ONLY - FPU DP only updated on exceptions     = 0 (0)
00:00:06.197426   SMEP - Supervisor Mode Execution Prevention             = 0 (1)
00:00:06.197427   BMI2 - Advanced Bit Manipulation extension 2            = 0 (1)
00:00:06.197427   ERMS - Enhanced REP MOVSB/STOSB instructions            = 0 (1)
00:00:06.197428   INVPCID - INVPCID instruction                           = 1 (1)
00:00:06.197428   RTM - Restricted Transactional Memory                   = 0 (0)
00:00:06.197429   PQM - Platform Quality of Service Monitoring            = 0 (0)
00:00:06.197430   DEPFPU_CS_DS - Deprecates FPU CS, FPU DS values if set  = 1 (1)
00:00:06.197430   MPE - Intel Memory Protection Extensions                = 0 (1)
00:00:06.197431   PQE - Platform Quality of Service Enforcement           = 0 (0)
00:00:06.197431   AVX512F - AVX512 Foundation instructions                = 0 (0)
00:00:06.197432   RDSEED - RDSEED instruction                             = 1 (1)
00:00:06.197433   ADX - ADCX/ADOX instructions                            = 0 (1)
00:00:06.197433   SMAP - Supervisor Mode Access Prevention                = 0 (1)
00:00:06.197434   CLFLUSHOPT - CLFLUSHOPT (Cache Line Flush) instruction  = 1 (1)
00:00:06.197434   INTEL_PT - Intel Processor Trace                        = 0 (1)
00:00:06.197435   AVX512PF - AVX512 Prefetch instructions                 = 0 (0)
00:00:06.197436   AVX512ER - AVX512 Exponential & Reciprocal instructions = 0 (0)
00:00:06.197436   AVX512CD - AVX512 Conflict Detection instructions       = 0 (0)
00:00:06.197437   SHA - Secure Hash Algorithm extensions                  = 0 (0)
00:00:06.197437   PREFETCHWT1 - PREFETCHWT1 instruction                   = 0 (0)
00:00:06.197438   UMIP - User mode insturction prevention                 = 0 (0)
00:00:06.197439   PKU - Protection Key for Usermode pages                 = 0 (0)
00:00:06.197439   OSPKE - CR4.PKU mirror                                  = 0 (0)
00:00:06.197440   MAWAU - Value used by BNDLDX & BNDSTX                   = 0x0 (0x0)
00:00:06.197441   RDPID - Read processor ID support                       = 0 (0)
00:00:06.197441   SGX_LC - Supports SGX Launch Configuration              = 0 (0)
00:00:06.197442   MD_CLEAR - Supports MDS related buffer clearing         = 1 (1)
00:00:06.197443   13 - Reserved                                           = 0 (1)
00:00:06.197444   IBRS_IBPB - IA32_SPEC_CTRL.IBRS and IA32_PRED_CMD.IBPB  = 0 (1)
00:00:06.197444   STIBP - Supports IA32_SPEC_CTRL.STIBP                   = 0 (1)
00:00:06.197445   FLUSH_CMD - Supports IA32_FLUSH_CMD                     = 1 (1)
00:00:06.197445   ARCHCAP - Supports IA32_ARCH_CAP                        = 0 (0)
00:00:06.197446   CORECAP - Supports IA32_CORE_CAP                        = 0 (0)
00:00:06.197447   SSBD - Supports IA32_SPEC_CTRL.SSBD                     = 0 (1)
00:00:06.197447 Processor Extended State Enumeration (leaf 0xd):
00:00:06.197448    XSAVE area cur/max size by XCR0, guest: 0x340/0x340
00:00:06.197448     XSAVE area cur/max size by XCR0, host: 0x440/0x440
00:00:06.197449                    Valid XCR0 bits, guest: 0x00000000`00000007 ( x87 SSE YMM_Hi128 )
00:00:06.197450                     Valid XCR0 bits, host: 0x00000000`0000001f ( x87 SSE YMM_Hi128 BNDREGS BNDCSR )
00:00:06.197452                     XSAVE features, guest:
00:00:06.197453                      XSAVE features, host: XSAVEOPT XSAVEC XGETBC1 XSAVES
00:00:06.197454       XSAVE area cur size XCR0|XSS, guest: 0x440
00:00:06.197454        XSAVE area cur size XCR0|XSS, host: 0x440
00:00:06.197455                Valid IA32_XSS bits, guest: 0x00000000`00000000
00:00:06.197455                 Valid IA32_XSS bits, host: 0x00000100`00000000 ( 40 )
00:00:06.197456   State #2, guest: off=0x0240, cb=0x0100 IA32_XSS-bit -- YMM_Hi128
00:00:06.197457   State #2, host:  off=0x0240, cb=0x0100 IA32_XSS-bit -- YMM_Hi128
00:00:06.197459   State #3, host:  off=0x03c0, cb=0x0040 IA32_XSS-bit -- BNDREGS
00:00:06.197460   State #4, host:  off=0x0400, cb=0x0040 IA32_XSS-bit -- BNDCSR
00:00:06.197461   State #8, host:  off=0x0000, cb=0x0080 XCR0-bit -- 8
00:00:06.197469          Unknown CPUID Leaves
00:00:06.197470      Leaf/sub-leaf  eax      ebx      ecx      edx
00:00:06.197470 Gst: 00000014/0001  00000000 00000000 00000000 00000000
00:00:06.197471 Hst:                02490002 003f3fff 00000000 00000000
00:00:06.197471 Gst: 00000014/0002  00000000 00000000 00000000 00000000
00:00:06.197472 Hst:                00000000 00000000 00000000 00000000
00:00:06.197473 Gst: 00000015/0000  00000000 00000000 00000000 00000000
00:00:06.197473 Hst:                00000002 000000fa 00000000 00000000
00:00:06.197474 Gst: 00000016/0000  00000000 00000000 00000000 00000000
00:00:06.197474 Hst:                00000bb8 00000dac 00000064 00000000
00:00:06.197475          Raw Hypervisor CPUID Leaves
00:00:06.197476      Leaf/sub-leaf  eax      ebx      ecx      edx
00:00:06.197476 Gst: 40000000/0000  40000001 4b4d564b 564b4d56 0000004d
00:00:06.197477 Hst:                00000bb8 00000dac 00000064 00000000
00:00:06.197478 Gst: 40000001/0000  01000089 00000000 00000000 00000000
00:00:06.197479 Hst:                00000bb8 00000dac 00000064 00000000
00:00:06.197480          Raw Extended CPUID Leaves
00:00:06.197480      Leaf/sub-leaf  eax      ebx      ecx      edx
00:00:06.197480 Gst: 80000000/0000  80000008 00000000 00000000 00000000
00:00:06.197481 Hst:                80000008 00000000 00000000 00000000
00:00:06.197481 Gst: 80000001/0000  00000000 00000000 00000121 28100800
00:00:06.197482 Hst:                00000000 00000000 00000121 2c100800
00:00:06.197483 Gst: 80000002/0000  65746e49 2952286c 726f4320 4d542865
00:00:06.197484 Hst:                65746e49 2952286c 726f4320 4d542865
00:00:06.197485 Gst: 80000003/0000  35692029 3034372d 50432030 20402055
00:00:06.197486 Hst:                35692029 3034372d 50432030 20402055
00:00:06.197487 Gst: 80000004/0000  30302e33 007a4847 00000000 00000000
00:00:06.197488 Hst:                30302e33 007a4847 00000000 00000000
00:00:06.197488 Gst: 80000005/0000  00000000 00000000 00000000 00000000
00:00:06.197489 Hst:                00000000 00000000 00000000 00000000
00:00:06.197489 Gst: 80000006/0000  00000000 00000000 01006040 00000000
00:00:06.197490 Hst:                00000000 00000000 01006040 00000000
00:00:06.197491 Gst: 80000007/0000  00000000 00000000 00000000 00000100
00:00:06.197491 Hst:                00000000 00000000 00000000 00000100
00:00:06.197492 Gst: 80000008/0000  00003027 00000000 00000000 00000000
00:00:06.197493 Hst:                00003027 00000000 00000000 00000000
00:00:06.197493 Ext Name:                        
00:00:06.197494 Ext Supports:                    0x80000000-0x80000008
00:00:06.197494 Family:                          0  	Extended: 0 	Effective: 0
00:00:06.197495 Model:                           0  	Extended: 0 	Effective: 0
00:00:06.197495 Stepping:                        0
00:00:06.197495 Brand ID:                        0x000
00:00:06.197496 Ext Features
00:00:06.197496   Mnemonic - Description                                  = guest (host)
00:00:06.197509   FPU - x87 FPU on Chip                                   = 0 (0)
00:00:06.197510   VME - Virtual 8086 Mode Enhancements                    = 0 (0)
00:00:06.197511   DE - Debugging extensions                               = 0 (0)
00:00:06.197511   PSE - Page Size Extension                               = 0 (0)
00:00:06.197512   TSC - Time Stamp Counter                                = 0 (0)
00:00:06.197513   MSR - K86 Model Specific Registers                      = 0 (0)
00:00:06.197513   PAE - Physical Address Extension                        = 0 (0)
00:00:06.197514   MCE - Machine Check Exception                           = 0 (0)
00:00:06.197515   CX8 - CMPXCHG8B instruction                             = 0 (0)
00:00:06.197515   APIC - APIC On-Chip                                     = 0 (0)
00:00:06.197516   SEP - SYSCALL/SYSRET                                    = 1 (1)
00:00:06.197517   MTRR - Memory Type Range Registers                      = 0 (0)
00:00:06.197517   PGE - PTE Global Bit                                    = 0 (0)
00:00:06.197518   MCA - Machine Check Architecture                        = 0 (0)
00:00:06.197519   CMOV - Conditional Move instructions                    = 0 (0)
00:00:06.197519   PAT - Page Attribute Table                              = 0 (0)
00:00:06.197520   PSE-36 - 36-bit Page Size Extension                     = 0 (0)
00:00:06.197521   NX - No-Execute/Execute-Disable                         = 1 (1)
00:00:06.197521   AXMMX - AMD Extensions to MMX instructions              = 0 (0)
00:00:06.197522   MMX - Intel MMX Technology                              = 0 (0)
00:00:06.197523   FXSR - FXSAVE and FXRSTOR Instructions                  = 0 (0)
00:00:06.197523   FFXSR - AMD fast FXSAVE and FXRSTOR instructions        = 0 (0)
00:00:06.197524   Page1GB - 1 GB large page                               = 0 (1)
00:00:06.197524   RDTSCP - RDTSCP instruction                             = 1 (1)
00:00:06.197525   LM - AMD64 Long Mode                                    = 1 (1)
00:00:06.197526   3DNOWEXT - AMD Extensions to 3DNow                      = 0 (0)
00:00:06.197527   3DNOW - AMD 3DNow                                       = 0 (0)
00:00:06.197527   LahfSahf - LAHF/SAHF support in 64-bit mode             = 1 (1)
00:00:06.197528   CmpLegacy - Core multi-processing legacy mode           = 0 (0)
00:00:06.197528   SVM - AMD Secure Virtual Machine extensions             = 0 (0)
00:00:06.197529   EXTAPIC - AMD Extended APIC registers                   = 0 (0)
00:00:06.197530   CR8L - AMD LOCK MOV CR0 means MOV CR8                   = 0 (0)
00:00:06.197530   ABM - AMD Advanced Bit Manipulation                     = 1 (1)
00:00:06.197531   SSE4A - SSE4A instructions                              = 0 (0)
00:00:06.197532   MISALIGNSSE - AMD Misaligned SSE mode                   = 0 (0)
00:00:06.197532   3DNOWPRF - AMD PREFETCH and PREFETCHW instructions      = 1 (1)
00:00:06.197533   OSVW - AMD OS Visible Workaround                        = 0 (0)
00:00:06.197533   IBS - Instruct Based Sampling                           = 0 (0)
00:00:06.197534   XOP - Extended Operation support                        = 0 (0)
00:00:06.197535   SKINIT - SKINIT, STGI, and DEV support                  = 0 (0)
00:00:06.197535   WDT - AMD Watchdog Timer support                        = 0 (0)
00:00:06.197536   LWP - Lightweight Profiling support                     = 0 (0)
00:00:06.197537   FMA4 - Four operand FMA instruction support             = 0 (0)
00:00:06.197537   NodeId - NodeId in MSR C001_100C                        = 0 (0)
00:00:06.197538   TBM - Trailing Bit Manipulation instructions            = 0 (0)
00:00:06.197538   TOPOEXT - Topology Extensions                           = 0 (0)
00:00:06.197539   PRFEXTCORE - Performance Counter Extensions support     = 0 (0)
00:00:06.197540   PRFEXTNB - NB Performance Counter Extensions support    = 0 (0)
00:00:06.197540   DATABPEXT - Data-access Breakpoint Extension            = 0 (0)
00:00:06.197541   PERFTSC - Performance Time Stamp Counter                = 0 (0)
00:00:06.197541   PCX_L2I - L2I/L3 Performance Counter Extensions         = 0 (0)
00:00:06.197542   MWAITX - MWAITX and MONITORX instructions               = 0 (0)
00:00:06.197543 Full Name:                       "Intel(R) Core(TM) i5-7400 CPU @ 3.00GHz"
00:00:06.197544 TLB 2/4M Instr/Uni:              res0     0 entries
00:00:06.197544 TLB 2/4M Data:                   res0     0 entries
00:00:06.197545 TLB 4K Instr/Uni:                res0     0 entries
00:00:06.197545 TLB 4K Data:                     res0     0 entries
00:00:06.197545 L1 Instr Cache Line Size:        0 bytes
00:00:06.197546 L1 Instr Cache Lines Per Tag:    0
00:00:06.197546 L1 Instr Cache Associativity:    res0  
00:00:06.197546 L1 Instr Cache Size:             0 KB
00:00:06.197547 L1 Data Cache Line Size:         0 bytes
00:00:06.197547 L1 Data Cache Lines Per Tag:     0
00:00:06.197547 L1 Data Cache Associativity:     res0  
00:00:06.197548 L1 Data Cache Size:              0 KB
00:00:06.197548 L2 TLB 2/4M Instr/Uni:           off       0 entries
00:00:06.197548 L2 TLB 2/4M Data:                off       0 entries
00:00:06.197549 L2 TLB 4K Instr/Uni:             off       0 entries
00:00:06.197549 L2 TLB 4K Data:                  off       0 entries
00:00:06.197550 L2 Cache Line Size:              0 bytes
00:00:06.197550 L2 Cache Lines Per Tag:          0
00:00:06.197550 L2 Cache Associativity:          off   
00:00:06.197550 L2 Cache Size:                   0 KB
00:00:06.197551   TS - Temperature Sensor                                 = 0 (0)
00:00:06.197552   FID - Frequency ID control                              = 0 (0)
00:00:06.197552   VID - Voltage ID control                                = 0 (0)
00:00:06.197553   TscInvariant - Invariant Time Stamp Counter             = 1 (1)
00:00:06.197554   CBP - Core Performance Boost                            = 0 (0)
00:00:06.197554   EffFreqRO - Read-only Effective Frequency Interface     = 0 (0)
00:00:06.197555   ProcFdbkIf - Processor Feedback Interface               = 0 (0)
00:00:06.197556   ProcPwrRep - Core power reporting interface support     = 0 (0)
00:00:06.197557 Physical Address Width:          39 bits
00:00:06.197557 Virtual Address Width:           48 bits
00:00:06.197557 Guest Physical Address Width:    0 bits
00:00:06.197558 Physical Core Count:             1
00:00:06.197559 
00:00:06.197559 ******************** End of CPUID dump **********************
00:00:06.197560 *********************** VT-x features ***********************
00:00:06.197560 Nested hardware virtualization - VMX features
00:00:06.197561   Mnemonic - Description                                  = guest (host)
00:00:06.197561   VMX - Virtual-Machine Extensions                        = 0 (1)
00:00:06.197562   InsOutInfo - INS/OUTS instruction info.                 = 0 (1)
00:00:06.197562   ExtIntExit - External interrupt exiting                 = 0 (1)
00:00:06.197562   NmiExit - NMI exiting                                   = 0 (1)
00:00:06.197563   VirtNmi - Virtual NMIs                                  = 0 (1)
00:00:06.197563   PreemptTimer - VMX preemption timer                     = 0 (1)
00:00:06.197564   PostedInt - Posted interrupts                           = 0 (0)
00:00:06.197564   IntWindowExit - Interrupt-window exiting                = 0 (1)
00:00:06.197564   TscOffsetting - TSC offsetting                          = 0 (1)
00:00:06.197565   HltExit - HLT exiting                                   = 0 (1)
00:00:06.197578   InvlpgExit - INVLPG exiting                             = 0 (1)
00:00:06.197578   MwaitExit - MWAIT exiting                               = 0 (1)
00:00:06.197578   RdpmcExit - RDPMC exiting                               = 0 (1)
00:00:06.197579   RdtscExit - RDTSC exiting                               = 0 (1)
00:00:06.197579   Cr3LoadExit - CR3-load exiting                          = 0 (1)
00:00:06.197579   Cr3StoreExit - CR3-store exiting                        = 0 (1)
00:00:06.197580   Cr8LoadExit  - CR8-load exiting                         = 0 (1)
00:00:06.197580   Cr8StoreExit - CR8-store exiting                        = 0 (1)
00:00:06.197580   UseTprShadow - Use TPR shadow                           = 0 (1)
00:00:06.197581   NmiWindowExit - NMI-window exiting                      = 0 (1)
00:00:06.197581   MovDRxExit - Mov-DR exiting                             = 0 (1)
00:00:06.197582   UncondIoExit - Unconditional I/O exiting                = 0 (1)
00:00:06.197582   UseIoBitmaps - Use I/O bitmaps                          = 0 (1)
00:00:06.197582   MonitorTrapFlag - Monitor Trap Flag                     = 0 (1)
00:00:06.197594   UseMsrBitmaps - MSR bitmaps                             = 0 (1)
00:00:06.197595   MonitorExit - MONITOR exiting                           = 0 (1)
00:00:06.197595   PauseExit - PAUSE exiting                               = 0 (1)
00:00:06.197596   SecondaryExecCtl - Activate secondary controls          = 0 (1)
00:00:06.197596   VirtApic - Virtualize-APIC accesses                     = 0 (1)
00:00:06.197596   Ept - Extended Page Tables                              = 0 (1)
00:00:06.197597   DescTableExit - Descriptor-table exiting                = 0 (1)
00:00:06.197597   Rdtscp - Enable RDTSCP                                  = 0 (1)
00:00:06.197597   VirtX2ApicMode - Virtualize-x2APIC mode                 = 0 (1)
00:00:06.197598   Vpid - Enable VPID                                      = 0 (1)
00:00:06.197598   WbinvdExit - WBINVD exiting                             = 0 (1)
00:00:06.197598   UnrestrictedGuest - Unrestricted guest                  = 0 (1)
00:00:06.197599   ApicRegVirt - APIC-register virtualization              = 0 (0)
00:00:06.197599   VirtIntDelivery - Virtual-interrupt delivery            = 0 (0)
00:00:06.197599   PauseLoopExit - PAUSE-loop exiting                      = 0 (1)
00:00:06.197600   RdrandExit - RDRAND exiting                             = 0 (1)
00:00:06.197600   Invpcid - Enable INVPCID                                = 0 (1)
00:00:06.197601   VmFuncs - Enable VM Functions                           = 0 (1)
00:00:06.197601   VmcsShadowing - VMCS shadowing                          = 0 (1)
00:00:06.197601   RdseedExiting - RDSEED exiting                          = 0 (1)
00:00:06.197602   PML - Page-Modification Log (PML)                       = 0 (1)
00:00:06.197602   EptVe - EPT violations can cause #VE                    = 0 (1)
00:00:06.197602   XsavesXRstors - Enable XSAVES/XRSTORS                   = 0 (1)
00:00:06.197603   EntryLoadDebugCtls - Load debug controls on VM-entry    = 0 (1)
00:00:06.197603   Ia32eModeGuest - IA-32e mode guest                      = 0 (1)
00:00:06.197603   EntryLoadEferMsr - Load IA32_EFER MSR on VM-entry       = 0 (1)
00:00:06.197604   EntryLoadPatMsr - Load IA32_PAT MSR on VM-entry         = 0 (1)
00:00:06.197604   ExitSaveDebugCtls - Save debug controls on VM-exit      = 0 (1)
00:00:06.197604   HostAddrSpaceSize - Host address-space size             = 0 (1)
00:00:06.197605   ExitAckExtInt - Acknowledge interrupt on VM-exit        = 0 (1)
00:00:06.197605   ExitSavePatMsr - Save IA32_PAT MSR on VM-exit           = 0 (1)
00:00:06.197606   ExitLoadPatMsr - Load IA32_PAT MSR on VM-exit           = 0 (1)
00:00:06.197606   ExitSaveEferMsr - Save IA32_EFER MSR on VM-exit         = 0 (1)
00:00:06.197606   ExitLoadEferMsr - Load IA32_EFER MSR on VM-exit         = 0 (1)
00:00:06.197607   SavePreemptTimer - Save VMX-preemption timer            = 0 (1)
00:00:06.197607   ExitSaveEferLma - Save IA32_EFER.LMA on VM-exit         = 0 (1)
00:00:06.197607   IntelPt - Intel PT (Processor Trace) in VMX operation   = 0 (1)
00:00:06.197608   VmwriteAll - VMWRITE to any supported VMCS field        = 0 (1)
00:00:06.197608   EntryInjectSoftInt - Inject softint. with 0-len instr.  = 0 (1)
00:00:06.197609 
00:00:06.197609 ******************* End of VT-x features ********************
00:00:06.197651 VMEmt: Halt method global1 (5)
00:00:06.197790 VMEmt: HaltedGlobal1 config: cNsSpinBlockThresholdCfg=50000
00:00:06.197862 Changing the VM state from 'CREATING' to 'CREATED'
00:00:06.198714 Changing the VM state from 'CREATED' to 'POWERING_ON'
00:00:06.198771 AIOMgr: Endpoints without assigned bandwidth groups:
00:00:06.198779 AIOMgr:     D:\Фоминых Александр\Фоминых_Ubuntu\Фоминых_Ubuntu.vdi
00:00:06.198970 Changing the VM state from 'POWERING_ON' to 'RUNNING'
00:00:06.198982 Console: Machine state changed to 'Running'
00:00:06.199341 GUI: Capturing keyboard on resume
00:00:06.202683 VMMDev: Guest Log: BIOS: VirtualBox 6.1.36
00:00:06.202772 PCI: Setting up resources and interrupts
00:00:06.203080 PIT: mode=2 count=0x10000 (65536) - 18.20 Hz (ch=0)
00:00:06.227428 Display::i_handleDisplayResize: uScreenId=0 pvVRAM=0000000000000000 w=720 h=400 bpp=0 cbLine=0x0 flags=0x0 origin=0,0
00:00:06.227731 VMMDev: Guest Log: CPUID EDX: 0x178bfbff
00:00:06.228181 AHCI#0: Reset the HBA
00:00:06.228188 VD#0: Cancelling all active requests
00:00:06.228228 AHCI#0: Port 0 reset
00:00:06.228254 VD#0: Cancelling all active requests
00:00:06.229435 VMMDev: Guest Log: BIOS: AHCI 0-P#0: PCHS=16383/16/63 LCHS=1024/255/63 0x0000000007800000 sectors
00:00:06.230334 PIT: mode=2 count=0x48d3 (18643) - 64.00 Hz (ch=0)
00:00:06.258696 Display::i_handleDisplayResize: uScreenId=0 pvVRAM=000000000cd80000 w=640 h=480 bpp=32 cbLine=0xA00 flags=0x0 origin=0,0
00:00:06.700713 GUI: UIMachineViewNormal::resendSizeHint: Restoring guest size-hint for screen 0 to 800x600
00:00:06.712872 GUI: 2D video acceleration is disabled
00:00:06.713205 GUI: HID LEDs sync is enabled
00:00:06.755071 GUI: UIMachineLogicNormal::sltCheckForRequestedVisualStateType: Requested-state=0, Machine-state=5
00:00:08.744582 Display::i_handleDisplayResize: uScreenId=0 pvVRAM=0000000000000000 w=720 h=400 bpp=0 cbLine=0x0 flags=0x0 origin=0,0
00:00:08.753954 PIT: mode=2 count=0x10000 (65536) - 18.20 Hz (ch=0)
00:00:08.754538 VMMDev: Guest Log: BIOS: Boot : bseqnr=1, bootseq=0231
00:00:08.755062 VMMDev: Guest Log: BIOS: Boot from Floppy 0 failed
00:00:08.755567 VMMDev: Guest Log: BIOS: Boot : bseqnr=2, bootseq=0023
00:00:08.756040 VMMDev: Guest Log: BIOS: CDROM boot failure code : 0002
00:00:08.756459 VMMDev: Guest Log: BIOS: Boot from CD-ROM failed
00:00:08.756955 VMMDev: Guest Log: BIOS: Boot : bseqnr=3, bootseq=0002
00:00:08.757984 VMMDev: Guest Log: BIOS: Booting from Hard Disk...
00:00:09.189768 Display::i_handleDisplayResize: uScreenId=0 pvVRAM=000000000cd80000 w=640 h=480 bpp=32 cbLine=0xA00 flags=0x0 origin=0,0
00:00:10.015458 GUI: Releasing mouse on focus out
00:00:10.015575 GUI: Releasing keyboard on focus out
00:00:10.015901 GUI: Machine-view #0 unfocused, reason=0
00:00:10.104198 GUI: Capturing keyboard on focus in
00:00:10.104249 GUI: Machine-view #0 focused, reason=7
00:00:10.955183 Display::i_handleDisplayResize: uScreenId=0 pvVRAM=0000000000000000 w=720 h=400 bpp=0 cbLine=0x0 flags=0x0 origin=0,0
00:00:11.353247 GIM: KVM: VCPU  0: Enabled system-time struct. at 0x0000000050602000 - u32TscScale=0xaaaa9999 i8TscShift=-1 uVersion=2 fFlags=0x1 uTsc=0x3999f7a45 uVirtNanoTS=0x133350a06 TscKHz=3000004
00:00:11.353344 TM: Switching TSC mode from 'VirtTscEmulated' to 'RealTscOffset'
00:00:11.551983 GIM: KVM: Enabled wall-clock struct. at 0x0000000050601000 - u32Sec=1732780561 u32Nano=406342553 uVersion=2
00:00:11.565227 PIT: mode=2 count=0x4a9 (1193) - 1000.15 Hz (ch=0)
00:00:11.565619 APIC0: Switched mode to x2APIC
00:00:11.700761 PIT: mode=0 count=0x10000 (65536) - 18.20 Hz (ch=0)
00:00:11.704690 APIC1: Switched mode to x2APIC
00:00:11.705521 GIM: KVM: VCPU  1: Enabled system-time struct. at 0x0000000050602040 - u32TscScale=0xaaaa9999 i8TscShift=-1 uVersion=2 fFlags=0x1 uTsc=0x3d89d230d uVirtNanoTS=0x14834402f TscKHz=3000004
00:00:11.883274 OHCI: Software reset
00:00:11.936275 EHCI: Hardware reset
00:00:11.936473 EHCI: USB Operational
00:00:11.947241 OHCI: USB Reset
00:00:11.970159 EHCI: USB Suspended
00:00:12.000479 OHCI: Software reset
00:00:12.000791 OHCI: USB Operational
00:00:12.598197 GUI: Releasing mouse on capabilities lost
00:00:12.672194 IEM: rdmsr(0xc0011029) -> #GP(0)
00:00:12.984324 AHCI#0: Reset the HBA
00:00:12.984352 VD#0: Cancelling all active requests
00:00:12.989444 AHCI#0: Port 0 reset
00:00:12.990876 VD#0: Cancelling all active requests
00:00:13.190565 GUI: Releasing mouse on capabilities lost
00:00:13.632014 AIOMgr: Async flushes not supported
00:00:15.374912 NAT: Link up
00:00:15.964828 Enabling different vbva mode
00:00:15.966312 Display::i_handleDisplayResize: uScreenId=0 pvVRAM=000000000d168000 w=1280 h=800 bpp=32 cbLine=0x1400 flags=0x1 origin=0,0
00:00:17.092164 VMMDev: Guest Log: vboxguest: host-version: 6.1.36r152435 0x8000000f
00:00:17.092229 VMMDev: Guest Additions information report: Version 6.0.0 r127566 '6.0.0'
00:00:17.092261 VMMDev: Guest Additions information report: Interface = 0x00010004 osType = 0x00053100 (Linux >= 2.6, 64-bit)
00:00:17.092445 VMMDev: Guest Additions capability report: (0x0 -> 0x0) seamless: no, hostWindowMapping: no, graphics: no
00:00:17.092545 GUI: UISession::sltAdditionsChange: GA state change event came, notifying listeners
00:00:17.092558 GUI: UIMachineLogicNormal::sltCheckForRequestedVisualStateType: Requested-state=0, Machine-state=5
00:00:17.092573 VMMDev: vmmDevReqHandler_HeartbeatConfigure: No change (fHeartbeatActive=false)
00:00:17.092593 VMMDev: Heartbeat flatline timer set to trigger after 4 000 000 000 ns
00:00:17.092605 GUI: UISession::sltAdditionsChange: GA state change event came, notifying listeners
00:00:17.092611 GUI: UIMachineLogicNormal::sltCheckForRequestedVisualStateType: Requested-state=0, Machine-state=5
00:00:17.093187 VMMDev: Guest Log: vbg_heartbeat_init: Setting up heartbeat to trigger every 2000 milliseconds
00:00:17.093317 GUI: UISession::sltAdditionsChange: GA state really changed, notifying listeners
00:00:17.093332 GUI: UIMachineViewNormal::adjustGuestScreenSize: Adjust guest-screen size if necessary
00:00:17.093375 GUI: UISession::sltAdditionsChange: GA state change event came, notifying listeners
00:00:17.093382 GUI: UIMachineLogicNormal::sltCheckForRequestedVisualStateType: Requested-state=0, Machine-state=5
00:00:18.408617 AC97: Reset
00:00:18.408637 AC97: Mixer reset (EAID=0x809, EACS=0x9)
00:00:18.408644 AC97: Record select to left=mic, right=mic
00:00:18.408796 AC97: Reset
00:00:18.408802 AC97: Mixer reset (EAID=0x809, EACS=0x9)
00:00:18.408806 AC97: Record select to left=mic, right=mic
00:00:18.410589 AC97: Record select to left=mic, right=mic
00:00:23.276970 NAT: DHCP offered IP address 10.0.2.15
00:00:23.423332 NAT: IPv6 not supported
00:00:27.142410 Audio: Warning: Scheduling hint of stream '[WasAPI] Output:0' is bigger (140703128616965ms) than used period size (0ms)
00:00:27.154607 WasAPI: Failed to open audio capture device '{Default-In}': ERROR_NOT_FOUND 0x80070490
00:01:07.827806 GUI: Releasing mouse on focus out
00:01:07.827883 GUI: Releasing keyboard on focus out
00:01:07.829099 GUI: Machine-view #0 unfocused, reason=0
00:01:07.903842 GUI: Capturing keyboard on focus in
00:01:07.903884 GUI: Machine-view #0 focused, reason=7
00:01:59.572004 GUI: Machine-window #0 deactivated
00:01:59.572032 GUI: Releasing mouse on focus out
00:01:59.572042 GUI: Releasing keyboard on focus out
00:01:59.576918 GUI: Machine-view #0 unfocused, reason=3
00:02:38.335216 GUI: Machine-window #0 activated
00:02:38.335380 GUI: Capturing keyboard on focus in
00:02:38.335475 GUI: Machine-view #0 focused, reason=3
00:03:00.952498 GUI: Machine-window #0 deactivated
00:03:00.952888 GUI: Releasing mouse on focus out
00:03:00.953079 GUI: Releasing keyboard on focus out
00:03:00.970229 GUI: Machine-view #0 unfocused, reason=3
00:03:01.020827 GUI: Machine-window #0 activated
00:03:01.020888 GUI: Capturing keyboard on focus in
00:03:01.020918 GUI: Machine-view #0 focused, reason=3
00:03:44.184910 GUI: Machine-window #0 deactivated
00:03:44.184994 GUI: Releasing mouse on focus out
00:03:44.185035 GUI: Releasing keyboard on focus out
00:03:44.197900 GUI: Machine-view #0 unfocused, reason=3
00:03:50.528543 GUI: Machine-window #0 activated
00:03:50.528598 GUI: Capturing keyboard on focus in
00:03:50.528623 GUI: Machine-view #0 focused, reason=3
00:08:55.416037 GUI: Machine-window #0 deactivated
00:08:55.416102 GUI: Releasing mouse on focus out
00:08:55.416118 GUI: Releasing keyboard on focus out
00:08:55.425684 GUI: Machine-view #0 unfocused, reason=3
00:09:22.791592 GUI: Machine-window #0 activated
00:09:22.791718 GUI: Capturing keyboard on focus in
00:09:22.791748 GUI: Machine-view #0 focused, reason=3
00:11:26.541083 GUI: Machine-window #0 deactivated
00:11:26.541130 GUI: Releasing mouse on focus out
00:11:26.541143 GUI: Releasing keyboard on focus out
00:11:26.555231 GUI: Machine-view #0 unfocused, reason=3
00:13:35.479969 GUI: Machine-window #0 activated
00:13:35.480093 GUI: Capturing keyboard on focus in
00:13:35.480124 GUI: Machine-view #0 focused, reason=3
00:15:27.368998 GUI: Machine-window #0 deactivated
00:15:27.369029 GUI: Releasing mouse on focus out
00:15:27.369390 GUI: Releasing keyboard on focus out
00:15:27.385882 GUI: Machine-view #0 unfocused, reason=3
00:17:53.184552 GUI: Machine-window #0 activated
00:17:53.184652 GUI: Capturing keyboard on focus in
00:17:53.184692 GUI: Machine-view #0 focused, reason=3
00:18:03.158116 GUI: Machine-window #0 deactivated
00:18:03.158149 GUI: Releasing mouse on focus out
00:18:03.158160 GUI: Releasing keyboard on focus out
00:18:03.169741 GUI: Machine-view #0 unfocused, reason=3
00:18:14.507588 GUI: Machine-window #0 activated
00:18:14.507648 GUI: Capturing keyboard on focus in
00:18:14.507669 GUI: Machine-view #0 focused, reason=3
00:30:18.269397 GUI: Machine-window #0 deactivated
00:30:18.269512 GUI: Releasing mouse on focus out
00:30:18.269556 GUI: Releasing keyboard on focus out
00:30:18.275658 GUI: Machine-view #0 unfocused, reason=3
00:30:19.043505 GUI: Machine-window #0 activated
00:30:19.043658 GUI: Capturing keyboard on focus in
00:30:19.043720 GUI: Machine-view #0 focused, reason=3
00:33:38.920068 Changing the VM state from 'RUNNING' to 'SUSPENDING'
00:33:38.922503 AIOMgr: Endpoint for file 'D:\Фоминых Александр\Фоминых_Ubuntu\Фоминых_Ubuntu.vdi' (flags 000c0781) created successfully
00:33:39.018732 PDMR3Suspend: 98 591 465 ns run time
00:33:39.018783 Changing the VM state from 'SUSPENDING' to 'SUSPENDED'
00:33:39.018822 Console: Machine state changed to 'Paused'
00:33:39.052850 GUI: Machine-window #0 deactivated
00:33:39.052951 GUI: Releasing mouse on focus out
00:33:39.052992 GUI: Releasing keyboard on focus out
00:33:39.067151 GUI: Machine-view #0 unfocused, reason=3
00:33:39.075771 GUI: Releasing keyboard on pause/stuck
00:33:39.076340 GUI: Releasing mouse on pause/stuck
00:33:40.633891 GUI: Machine-window #0 activated
00:33:40.633933 GUI: Machine-view #0 focused, reason=3
00:33:40.634976 GUI: Request for close-action to power VM off.
00:33:40.634993 GUI: Passing request to power VM off from machine-logic to UI session.
00:33:40.634999 GUI: Powering VM down on UI session power off request...
00:33:40.635233 Console: Machine state changed to 'Stopping'
00:33:40.636111 Console::powerDown(): A request to power off the VM has been issued (mMachineState=Stopping, InUninit=0)
00:33:40.636401 Changing the VM state from 'SUSPENDED' to 'POWERING_OFF'
00:33:40.636420 ****************** Guest state at power off for VCpu 1 ******************
00:33:40.636446 Guest CPUM (VCPU 1) state: 
00:33:40.636462 rax=ffff94afd1034400 rbx=ffffa9f90173b7c0 rcx=ffff94afc97e33a8 rdx=ffffa9f90173b7c0
00:33:40.636466 rsi=ffff94afc97e28c0 rdi=0000000000000001 r8 =0000000000000000 r9 =0000000000000000
00:33:40.636467 r10=0000000000000000 r11=0000000000000000 r12=ffff94afdbd34b80 r13=ffff94afc97e28c0
00:33:40.636469 r14=ffff94afdbd34c80 r15=ffff94afdbd34c80
00:33:40.636470 rip=ffffffff8bd728fd rsp=ffffa9f90173b6f0 rbp=ffffa9f90173b730 iopl=0         nv up di nt zr na po nc
00:33:40.636472 cs={0010 base=0000000000000000 limit=ffffffff flags=0000a09b}
00:33:40.636474 ds={0000 base=0000000000000000 limit=ffffffff flags=0001c000}
00:33:40.636475 es={0000 base=0000000000000000 limit=ffffffff flags=0001c000}
00:33:40.636476 fs={0000 base=0000772983c00640 limit=ffffffff flags=0001c000}
00:33:40.636477 gs={0000 base=ffff94afdbd00000 limit=ffffffff flags=0001c000}
00:33:40.636478 ss={0018 base=0000000000000000 limit=ffffffff flags=0000c093}
00:33:40.636479 cr0=0000000080050033 cr2=000064f581c9c4e0 cr3=0000000101002005 cr4=00000000000706f0
00:33:40.636480 dr0=0000000000000000 dr1=0000000000000000 dr2=0000000000000000 dr3=0000000000000000
00:33:40.636481 dr4=0000000000000000 dr5=0000000000000000 dr6=00000000ffff0ff0 dr7=0000000000000400
00:33:40.636482 gdtr=fffffe45bf475000:007f  idtr=fffffe0000000000:0fff  eflags=00000086
00:33:40.636484 ldtr={0000 base=00000000 limit=ffffffff flags=0001c000}
00:33:40.636485 tr  ={0040 base=fffffe45bf477000 limit=00004087 flags=0000008b}
00:33:40.636486 SysEnter={cs=0010 eip=ffffffff8d0019a0 esp=fffffe45bf477000}
00:33:40.636488 xcr=0000000000000007 xcr1=0000000000000000 xss=0000000000000000 (fXStateMask=0000000000000007)
00:33:40.636503 FCW=037f FSW=0000 FTW=0000 FOP=0000 MXCSR=00001fa0 MXCSR_MASK=0000ffff
00:33:40.636504 FPUIP=00000000 CS=0000 Rsrvd1=0000  FPUDP=00000000 DS=0000 Rsvrd2=0000
00:33:40.636505 ST(0)=FPR0={0000'00000000'00000000} t0 +0.0000000000000000000000 * 2 ^ -16383 (*)
00:33:40.636508 ST(1)=FPR1={0000'00000000'00000000} t0 +0.0000000000000000000000 * 2 ^ -16383 (*)
00:33:40.636509 ST(2)=FPR2={0000'00000000'00000000} t0 +0.0000000000000000000000 * 2 ^ -16383 (*)
00:33:40.636511 ST(3)=FPR3={0000'00000000'00000000} t0 +0.0000000000000000000000 * 2 ^ -16383 (*)
00:33:40.636512 ST(4)=FPR4={0000'00000000'00000000} t0 +0.0000000000000000000000 * 2 ^ -16383 (*)
00:33:40.636513 ST(5)=FPR5={0000'00000000'00000000} t0 +0.0000000000000000000000 * 2 ^ -16383 (*)
00:33:40.636514 ST(6)=FPR6={0000'00000000'00000000} t0 +0.0000000000000000000000 * 2 ^ -16383 (*)
00:33:40.636515 ST(7)=FPR7={0000'00000000'00000000} t0 +0.0000000000000000000000 * 2 ^ -16383 (*)
00:33:40.636517 YMM0 =00000000'00000000'00000000'00000000'00000000'00000008'00005da9'fd7cc1c0
00:33:40.636518 YMM1 =00000000'00000000'00000000'00000000'616e2065'68540064'6574656c'706d6f63
00:33:40.636520 YMM2 =00000000'00000000'00000000'00000000'ffffffff'ffffff00'ffff00ff'00000000
00:33:40.636521 YMM3 =00000000'00000000'00000000'00000000'00000000'00000000'00000000'00000000
00:33:40.636523 YMM4 =00000000'00000000'00000000'00000000'00000000'0000ff00'00000000'00000000
00:33:40.636524 YMM5 =00000000'00000000'00000000'00000000'00000000'00000000'00007729'74000090
00:33:40.636525 YMM6 =00000000'00000000'00000000'00000000'00000004'00000050'0000000c'00000000
00:33:40.636526 YMM7 =00000000'00000000'00000000'00000000'00000000'00000000'00000000'00000000
00:33:40.636528 YMM8 =00000000'00000000'00000000'00000000'00005da9'fd69bbd0'00005da9'fd65e730
00:33:40.636529 YMM9 =00000000'00000000'00000000'00000000'5f535c53'5e555700'005f5753'4e3a5e5f
00:33:40.636530 YMM10=00000000'00000000'00000000'00000000'535c535e'55570000'5f57534e'3a5f4a43
00:33:40.636532 YMM11=00000000'00000000'00000000'00000000'00000000'00000000'00000000'00000000
00:33:40.636533 YMM12=00000000'00000000'00000000'00000000'00000000'00000000'00000000'00000000
00:33:40.636534 YMM13=00000000'00000000'00000000'00000000'00000000'00000000'00000000'00000000
00:33:40.636536 YMM14=00000000'00000000'00000000'00000000'00000000'00000000'00000000'00000000
00:33:40.636537 YMM15=00000000'00000000'00000000'00000000'00000000'00000000'00000000'00000000
00:33:40.636538 EFER         =0000000000000d01
00:33:40.636539 PAT          =0407050600070106
00:33:40.636539 STAR         =0023001000000000
00:33:40.636540 CSTAR        =0000000000000000
00:33:40.636540 LSTAR        =ffffffff8d000080
00:33:40.636541 SFMASK       =0000000000257fd5
00:33:40.636542 KERNELGSBASE =0000000000000000
00:33:40.636544 ***
00:33:40.636559 VCPU[1] hardware virtualization state:
00:33:40.636560 fLocalForcedActions          = 0x0
00:33:40.636560 No/inactive hwvirt state
00:33:40.636562 ***
00:33:40.636567 Guest paging mode (VCPU #1):  AMD64+NX (changed 3 times), A20 enabled (changed 0 times)
00:33:40.636569 Shadow paging mode (VCPU #1): EPT
00:33:40.636587 Host paging mode:             AMD64+NX
00:33:40.636589 ***
00:33:40.636589 ************** End of Guest state at power off for VCpu 1 ***************
00:33:40.636606 ****************** Guest state at power off for VCpu 0 ******************
00:33:40.636612 Guest CPUM (VCPU 0) state: 
00:33:40.636613 rax=0000000000000000 rbx=ffffa9f9014e7f58 rcx=000000000000080b rdx=0000000000000000
00:33:40.636616 rsi=0000000000000000 rdi=ffffa9f9014e7f58 r8 =0000000000000000 r9 =0000000000000000
00:33:40.636617 r10=0000000000000000 r11=0000000000000000 r12=0000000000000000 r13=0000000000000000
00:33:40.636618 r14=0000000000000000 r15=0000000000000000
00:33:40.636618 rip=ffffffff8bcb3deb rsp=ffffa9f9014e7f20 rbp=ffffa9f9014e7f28 iopl=0         nv up di pl nz na po nc
00:33:40.636621 cs={0010 base=0000000000000000 limit=ffffffff flags=0000a09b}
00:33:40.636622 ds={0000 base=0000000000000000 limit=ffffffff flags=0001c000}
00:33:40.636623 es={0000 base=0000000000000000 limit=ffffffff flags=0001c000}
00:33:40.636624 fs={0000 base=0000772984ee44c0 limit=ffffffff flags=0001c000}
00:33:40.636625 gs={0000 base=ffff94afdbc00000 limit=ffffffff flags=0001c000}
00:33:40.636626 ss={0000 base=0000000000000000 limit=ffffffff flags=0001c000}
00:33:40.636627 cr0=0000000080050033 cr2=000057131998c610 cr3=0000000101002002 cr4=00000000000706f0
00:33:40.636629 dr0=0000000000000000 dr1=0000000000000000 dr2=0000000000000000 dr3=0000000000000000
00:33:40.636629 dr4=0000000000000000 dr5=0000000000000000 dr6=00000000ffff0ff0 dr7=0000000000000400
00:33:40.636631 gdtr=fffffe3ef8657000:007f  idtr=fffffe0000000000:0fff  eflags=00000046
00:33:40.636632 ldtr={0000 base=00000000 limit=ffffffff flags=0001c000}
00:33:40.636633 tr  ={0040 base=fffffe3ef8659000 limit=00004087 flags=0000008b}
00:33:40.636635 SysEnter={cs=0010 eip=ffffffff8d0019a0 esp=fffffe3ef8659000}
00:33:40.636636 xcr=0000000000000007 xcr1=0000000000000000 xss=0000000000000000 (fXStateMask=0000000000000007)
00:33:40.636637 FCW=037f FSW=0000 FTW=0000 FOP=0000 MXCSR=00001fa0 MXCSR_MASK=0000ffff
00:33:40.636638 FPUIP=00000000 CS=0000 Rsrvd1=0000  FPUDP=00000000 DS=0000 Rsvrd2=0000
00:33:40.636639 ST(0)=FPR0={0000'00000000'00000000} t0 +0.0000000000000000000000 * 2 ^ -16383 (*)
00:33:40.636642 ST(1)=FPR1={0000'00000000'00000000} t0 +0.0000000000000000000000 * 2 ^ -16383 (*)
00:33:40.636643 ST(2)=FPR2={0000'00000000'00000000} t0 +0.0000000000000000000000 * 2 ^ -16383 (*)
00:33:40.636644 ST(3)=FPR3={0000'00000000'00000000} t0 +0.0000000000000000000000 * 2 ^ -16383 (*)
00:33:40.636645 ST(4)=FPR4={0000'00000000'00000000} t0 +0.0000000000000000000000 * 2 ^ -16383 (*)
00:33:40.636646 ST(5)=FPR5={0000'00000000'00000000} t0 +0.0000000000000000000000 * 2 ^ -16383 (*)
00:33:40.636648 ST(6)=FPR6={0000'00000000'00000000} t0 +0.0000000000000000000000 * 2 ^ -16383 (*)
00:33:40.636649 ST(7)=FPR7={0000'00000000'00000000} t0 +0.0000000000000000000000 * 2 ^ -16383 (*)
00:33:40.636650 YMM0 =00000000'00000000'00000000'00000000'00000000'00000000'00000000'00000000
00:33:40.636651 YMM1 =00000000'00000000'00000000'00000000'616e2065'68540064'6574656c'706d6f63
00:33:40.636653 YMM2 =00000000'00000000'00000000'00000000'000000ff'00000000'00000000'00000000
00:33:40.636654 YMM3 =00000000'00000000'00000000'00000000'00000000'00000000'00000000'00000000
00:33:40.636655 YMM4 =00000000'00000000'00000000'00000000'00000000'0000ff00'00000000'00000000
00:33:40.636656 YMM5 =00000000'00000000'00000000'00000000'00006f6e'00000002'00000065'6b61772d
00:33:40.636658 YMM6 =00000000'00000000'00000000'00000000'6c006e65'706f2e65'72616873'2e696669
00:33:40.636659 YMM7 =00000000'00000000'00000000'00000000'00000000'00000000'00000000'00000000
00:33:40.636660 YMM8 =00000000'00000000'00000000'00000000'67616e61'4d6b726f'7774654e'2e706f74
00:33:40.636662 YMM9 =00000000'00000000'00000000'00000000'5f535c53'5e555700'005f5753'4e3a5e5f
00:33:40.636663 YMM10=00000000'00000000'00000000'00000000'535c535e'55570000'5f57534e'3a5f4a43
00:33:40.636665 YMM11=00000000'00000000'00000000'00000000'00000000'00000000'00000000'00000000
00:33:40.636666 YMM12=00000000'00000000'00000000'00000000'00000000'00000000'00000000'00000000
00:33:40.636667 YMM13=00000000'00000000'00000000'00000000'00000000'00000000'00000000'00000000
00:33:40.636668 YMM14=00000000'00000000'00000000'00000000'00000000'00000000'00000000'00000000
00:33:40.636669 YMM15=00000000'00000000'00000000'00000000'00000000'00000000'00000000'00000000
00:33:40.636671 EFER         =0000000000000d01
00:33:40.636671 PAT          =0407050600070106
00:33:40.636672 STAR         =0023001000000000
00:33:40.636673 CSTAR        =0000000000000000
00:33:40.636673 LSTAR        =ffffffff8d000080
00:33:40.636674 SFMASK       =0000000000257fd5
00:33:40.636674 KERNELGSBASE =0000000000000000
00:33:40.636676 ***
00:33:40.636678 VCPU[0] hardware virtualization state:
00:33:40.636679 fLocalForcedActions          = 0x0
00:33:40.636679 No/inactive hwvirt state
00:33:40.636681 ***
00:33:40.636683 Guest paging mode (VCPU #0):  AMD64+NX (changed 11454 times), A20 enabled (changed 2 times)
00:33:40.636685 Shadow paging mode (VCPU #0): EPT
00:33:40.636685 Host paging mode:             AMD64+NX
00:33:40.636687 ***
00:33:40.636689 Active Timers (pVM=000000000a1d0000)
00:33:40.636690 pTimerR3         offNext  offPrev  offSched Clock               Time             Expire HzHint State                     Description
00:33:40.636692 000000000a9f4300 00000800 00000000 00000000 Real           431238136          431236423      0 2-ACTIVE                  VGA Refresh Timer
00:33:40.636696 000000000a9f4b00 ffffff80 fffff800 00000000 Real           431238136          431236429      0 2-ACTIVE                  EMT Yielder
00:33:40.636699 000000000a9f4a80 00000000 00000080 00000000 Real           431238136          431236998      0 2-ACTIVE                  CPU Load Timer
00:33:40.636701 000000000a9f1b40 00000000 00000000 00000000 Virt       2012820233582      2016720608492      0 2-ACTIVE                  Heartbeat flatlined
00:33:40.636705 000000000a9ed590 00000080 00000000 00000000 VrSy       2012720887608      2012721419977   1202 2-ACTIVE                  APIC Timer 0
00:33:40.636707 000000000a9ed610 00000270 ffffff80 00000000 VrSy       2012720887608      2012721420537   1088 2-ACTIVE                  APIC Timer 1
00:33:40.636709 000000000a9ed880 00007100 fffffd90 00000000 VrSy       2012720887608      2012990000000      0 2-ACTIVE                  MC146818 RTC (CMOS) - Second
00:33:40.636712 000000000a9f4980 00000000 ffff8f00 00000000 VrSy       2012720887608      2399728063764      0 2-ACTIVE                  ACPI PM Timer
00:33:40.636715 ***
00:33:40.636717 Guest GDT (GCAddr=fffffe3ef8657000 limit=7f):
00:33:40.636725 0008 - 0000ffff 00cf9b00 - base=00000000 limit=ffffffff dpl=0 CodeER Accessed Present Page 32-bit 
00:33:40.636727 0010 - 0000ffff 00af9b00 - base=00000000 limit=ffffffff dpl=0 CodeER Accessed Present Page 16-bit 
00:33:40.636728 0018 - 0000ffff 00cf9300 - base=00000000 limit=ffffffff dpl=0 DataRW Accessed Present Page 32-bit 
00:33:40.636729 0020 - 0000ffff 00cffb00 - base=00000000 limit=ffffffff dpl=3 CodeER Accessed Present Page 32-bit 
00:33:40.636730 0028 - 0000ffff 00cff300 - base=00000000 limit=ffffffff dpl=3 DataRW Accessed Present Page 32-bit 
00:33:40.636731 0030 - 0000ffff 00affb00 - base=00000000 limit=ffffffff dpl=3 CodeER Accessed Present Page 16-bit 
00:33:40.636733 0040 - 90004087 f8008b65 - base=f8659000 limit=00004087 dpl=0 TSS32Busy Present 16-bit 
00:33:40.636736 0078 - 00000000 0040f500 - base=00000000 limit=00000000 dpl=3 DataDownRO Accessed Present 32-bit 
00:33:40.636738 ************** End of Guest state at power off ***************
00:33:40.639182 PDMR3PowerOff: 2 425 211 ns run time
00:33:40.639224 Changing the VM state from 'POWERING_OFF' to 'OFF'
00:33:40.640694 Changing the VM state from 'OFF' to 'DESTROYING'
00:33:40.640743 ************************* Statistics *************************
00:33:40.640754 /CPUM/MSR-Totals/Reads             152591 times
00:33:40.640760 /CPUM/MSR-Totals/ReadsRaisingGP         0 times
00:33:40.640764 /CPUM/MSR-Totals/ReadsUnknown           1 times
00:33:40.640769 /CPUM/MSR-Totals/Writes           9173145 times
00:33:40.640774 /CPUM/MSR-Totals/WritesRaisingGP        0 times
00:33:40.640778 /CPUM/MSR-Totals/WritesToIgnoredBits        1 times
00:33:40.640783 /CPUM/MSR-Totals/WritesUnknown          0 times
00:33:40.640787 /Devices/8237A/DmaRun                   0 ticks/call (           0 ticks,       0 times, max         0, min      -1)
00:33:40.640793 /Devices/IDE0/ATA0/Unit0/AtapiDMA        0 times
00:33:40.640797 /Devices/IDE0/ATA0/Unit0/AtapiPIO        0 times
00:33:40.640803 /Devices/IDE0/ATA0/Unit0/DMA            0 times
00:33:40.640808 /Devices/IDE0/ATA0/Unit0/PIO            0 times
00:33:40.640812 /Devices/IDE0/ATA0/Unit0/ReadBytes        0 bytes
00:33:40.640817 /Devices/IDE0/ATA0/Unit0/StatusYields        0 ticks/call (           0 ticks,       0 times, max         0, min      -1)
00:33:40.640822 /Devices/IDE0/ATA0/Unit0/WrittenBytes        0 bytes
00:33:40.640827 /Devices/IDE0/ATA0/Unit1/AtapiDMA        0 times
00:33:40.640831 /Devices/IDE0/ATA0/Unit1/AtapiPIO        0 times
00:33:40.640836 /Devices/IDE0/ATA0/Unit1/DMA            0 times
00:33:40.640840 /Devices/IDE0/ATA0/Unit1/PIO            0 times
00:33:40.640845 /Devices/IDE0/ATA0/Unit1/ReadBytes        0 bytes
00:33:40.640849 /Devices/IDE0/ATA0/Unit1/StatusYields        0 ticks/call (           0 ticks,       0 times, max         0, min      -1)
00:33:40.640854 /Devices/IDE0/ATA0/Unit1/WrittenBytes        0 bytes
00:33:40.640859 /Devices/IDE0/ATA1/Unit0/AtapiDMA        0 times
00:33:40.640866 /Devices/IDE0/ATA1/Unit0/AtapiPIO        0 times
00:33:40.640871 /Devices/IDE0/ATA1/Unit0/DMA            0 times
00:33:40.640875 /Devices/IDE0/ATA1/Unit0/PIO            0 times
00:33:40.640884 /Devices/IDE0/ATA1/Unit0/ReadBytes        0 bytes
00:33:40.640891 /Devices/IDE0/ATA1/Unit0/StatusYields        0 ticks/call (           0 ticks,       0 times, max         0, min      -1)
00:33:40.640896 /Devices/IDE0/ATA1/Unit0/WrittenBytes        0 bytes
00:33:40.640900 /Devices/IDE0/ATA1/Unit1/AtapiDMA        0 times
00:33:40.640905 /Devices/IDE0/ATA1/Unit1/AtapiPIO        0 times
00:33:40.640909 /Devices/IDE0/ATA1/Unit1/DMA            0 times
00:33:40.640914 /Devices/IDE0/ATA1/Unit1/PIO            0 times
00:33:40.640919 /Devices/IDE0/ATA1/Unit1/ReadBytes        0 bytes
00:33:40.640923 /Devices/IDE0/ATA1/Unit1/StatusYields        0 ticks/call (           0 ticks,       0 times, max         0, min      -1)
00:33:40.640928 /Devices/IDE0/ATA1/Unit1/WrittenBytes        0 bytes
00:33:40.640934 /Devices/VMMDev/BalloonChunks           0 count
00:33:40.640939 /Devices/VMMDev/FastIrqAckR3            0 count
00:33:40.640945 /Devices/VMMDev/FastIrqAckRZ            0 count
00:33:40.640950 /Devices/VMMDev/HGCM-Guest/BudgetAvailable 266233152 bytes
00:33:40.640955 /Devices/VMMDev/HGCM-Guest/BudgetConfig 266233152 bytes
00:33:40.640960 /Devices/VMMDev/HGCM-Guest/cTotalMessages        0 count
00:33:40.640964 /Devices/VMMDev/HGCM-Guest/cbHeapTotal        0 bytes
00:33:40.640969 /Devices/VMMDev/HGCM-Legacy/BudgetAvailable 266233152 bytes
00:33:40.640973 /Devices/VMMDev/HGCM-Legacy/BudgetConfig 266233152 bytes
00:33:40.640978 /Devices/VMMDev/HGCM-Legacy/cTotalMessages        0 count
00:33:40.640982 /Devices/VMMDev/HGCM-Legacy/cbHeapTotal        0 bytes
00:33:40.640987 /Devices/VMMDev/HGCM-OtherDrv/BudgetAvailable 266233152 bytes
00:33:40.640992 /Devices/VMMDev/HGCM-OtherDrv/BudgetConfig 266233152 bytes
00:33:40.640996 /Devices/VMMDev/HGCM-OtherDrv/cTotalMessages        0 count
00:33:40.641000 /Devices/VMMDev/HGCM-OtherDrv/cbHeapTotal        0 bytes
00:33:40.641005 /Devices/VMMDev/HGCM-Reserved1/BudgetAvailable 266233152 bytes
00:33:40.641010 /Devices/VMMDev/HGCM-Reserved1/BudgetConfig 266233152 bytes
00:33:40.641014 /Devices/VMMDev/HGCM-Reserved1/cTotalMessages        0 count
00:33:40.641019 /Devices/VMMDev/HGCM-Reserved1/cbHeapTotal        0 bytes
00:33:40.641023 /Devices/VMMDev/HGCM-Root/BudgetAvailable 266233152 bytes
00:33:40.641027 /Devices/VMMDev/HGCM-Root/BudgetConfig 266233152 bytes
00:33:40.641033 /Devices/VMMDev/HGCM-Root/cTotalMessages        0 count
00:33:40.641037 /Devices/VMMDev/HGCM-Root/cbHeapTotal        0 bytes
00:33:40.641041 /Devices/VMMDev/HGCM-System/BudgetAvailable 266233152 bytes
00:33:40.641046 /Devices/VMMDev/HGCM-System/BudgetConfig 266233152 bytes
00:33:40.641051 /Devices/VMMDev/HGCM-System/cTotalMessages        0 count
00:33:40.641055 /Devices/VMMDev/HGCM-System/cbHeapTotal        0 bytes
00:33:40.641059 /Devices/VMMDev/HGCM-User/BudgetAvailable 266233152 bytes
00:33:40.641064 /Devices/VMMDev/HGCM-User/BudgetConfig 266233152 bytes
00:33:40.641069 /Devices/VMMDev/HGCM-User/cTotalMessages        0 count
00:33:40.641073 /Devices/VMMDev/HGCM-User/cbHeapTotal        0 bytes
00:33:40.641078 /Devices/VMMDev/HGCM-VBoxGuest/BudgetAvailable 266233152 bytes
00:33:40.641083 /Devices/VMMDev/HGCM-VBoxGuest/BudgetConfig 266233152 bytes
00:33:40.641088 /Devices/VMMDev/HGCM-VBoxGuest/cTotalMessages        0 count
00:33:40.641092 /Devices/VMMDev/HGCM-VBoxGuest/cbHeapTotal        0 bytes
00:33:40.641096 /Devices/VMMDev/LargeReqBufAllocs        0 count
00:33:40.641101 /Devices/VMMDev/SlowIrqAck          14793 count
00:33:40.641106 /Devices/e1000#0/ReceiveBytes    175241894 bytes
00:33:40.641111 /Devices/e1000#0/TransmitBytes     939839 bytes
00:33:40.641115 /Devices/e1000#0/iStatIntLost           0 ns
00:33:40.641120 /Devices/e1000#0/iStatIntLostOne        0 ns
00:33:40.641125 /Devices/e1000#0/u64ArmedAt             0 ns
00:33:40.641130 /Devices/e1000#0/uStatDescCtx       14499 ns
00:33:40.641134 /Devices/e1000#0/uStatDescDat       14632 ns
00:33:40.641139 /Devices/e1000#0/uStatDescLeg          56 ns
00:33:40.641145 /Devices/e1000#0/uStatInt           34099 ns
00:33:40.641150 /Devices/e1000#0/uStatIntEarly          0 ns
00:33:40.641154 /Devices/e1000#0/uStatIntICS          975 ns
00:33:40.641159 /Devices/e1000#0/uStatIntIMS         8224 ns
00:33:40.641163 /Devices/e1000#0/uStatIntLate        3269 ns
00:33:40.641168 /Devices/e1000#0/uStatIntLower       4325 ns
00:33:40.641172 /Devices/e1000#0/uStatIntMasked     59575 ns
00:33:40.641177 /Devices/e1000#0/uStatIntRDTR           0 ns
00:33:40.641181 /Devices/e1000#0/uStatIntRXDMT0         0 ns
00:33:40.641185 /Devices/e1000#0/uStatIntRx        116823 ns
00:33:40.641190 /Devices/e1000#0/uStatIntSkip       56121 ns
00:33:40.641194 /Devices/e1000#0/uStatIntTXQE           0 ns
00:33:40.641199 /Devices/e1000#0/uStatIntTry       149795 ns
00:33:40.641204 /Devices/e1000#0/uStatIntTx         14555 ns
00:33:40.641208 /Devices/e1000#0/uStatMaxTxDelay        0 ns
00:33:40.641213 /Devices/e1000#0/uStatNoIntICR          0 ns
00:33:40.641217 /Devices/e1000#0/uStatRAD               0 ns
00:33:40.641222 /Devices/e1000#0/uStatRID               0 ns
00:33:40.641227 /Devices/e1000#0/uStatRxFrm        116823 ns
00:33:40.641231 /Devices/e1000#0/uStatTAD               0 ns
00:33:40.641238 /Devices/e1000#0/uStatTID               0 ns
00:33:40.641242 /Devices/e1000#0/uStatTx1514        14549 ns
00:33:40.641247 /Devices/e1000#0/uStatTx16384           0 ns
00:33:40.641251 /Devices/e1000#0/uStatTx2962            3 ns
00:33:40.641256 /Devices/e1000#0/uStatTx32768           0 ns
00:33:40.641261 /Devices/e1000#0/uStatTx4410            3 ns
00:33:40.641265 /Devices/e1000#0/uStatTx5858            0 ns
00:33:40.641269 /Devices/e1000#0/uStatTx7306            0 ns
00:33:40.641274 /Devices/e1000#0/uStatTx8754            0 ns
00:33:40.641278 /Devices/e1000#0/uStatTxDelayExp        0 ns
00:33:40.641283 /Devices/e1000#0/uStatTxDelayed         0 ns
00:33:40.641287 /Devices/e1000#0/uStatTxFrm         14555 ns
00:33:40.641291 /Devices/e1000#0/uStatTxIDE             0 ns
00:33:40.641296 /Devices/e1000#0/uStatTxLarge           0 ns
00:33:40.641300 /Devices/e1000#0/uStatTxNoRS        14632 ns
00:33:40.641305 /Devices/ichac97/Stream0/DMABufSize    13232 bytes
00:33:40.641311 /Devices/ichac97/Stream0/DMASkippedPendingBCIS        1 times
00:33:40.641316 /Devices/ichac97/Stream0/FrameSize        4 bytes
00:33:40.641320 /Devices/ichac97/Stream0/Hz         44100 Hz
00:33:40.641325 /Devices/ichac97/Stream0/ReSetUp-Change      341 ns/call (        3418 ticks,      10 times, max      1296, min     200)
00:33:40.641331 /Devices/ichac97/Stream0/Reset        537 ns/call (        1611 ticks,       3 times, max       685, min     425)
00:33:40.641337 /Devices/ichac97/Stream0/Start     917107 ns/call (     1834214 ticks,       2 times, max   1829387, min    4827)
00:33:40.641343 /Devices/ichac97/Stream0/Stop        1299 ns/call (        2598 ticks,       2 times, max      1589, min    1009)
00:33:40.641348 /Devices/ichac97/Stream0/WriteBdBar       17 times
00:33:40.641353 /Devices/ichac97/Stream0/WriteCr        8 times
00:33:40.641357 /Devices/ichac97/Stream0/WriteLvi      472 times
00:33:40.641362 /Devices/ichac97/Stream0/WriteSr-1byte      472 times
00:33:40.641366 /Devices/ichac97/Stream0/cbTransferChunk     1320 bytes
00:33:40.641371 /Devices/ichac97/Stream0/reg-CR         0 
00:33:40.641376 /Devices/ichac97/Stream0/reg-SR         1 
00:33:40.641381 /Devices/ichac97/Stream1/DMABufSize    19200 bytes
00:33:40.641386 /Devices/ichac97/Stream1/DMASkippedDch      151 times
00:33:40.641390 /Devices/ichac97/Stream1/DMASkippedPendingBCIS        5 times
00:33:40.641395 /Devices/ichac97/Stream1/FrameSize        4 bytes
00:33:40.641400 /Devices/ichac97/Stream1/Hz         48000 Hz
00:33:40.641404 /Devices/ichac97/Stream1/ReSetUp-Change     2115 ns/call (       19036 ticks,       9 times, max     17241, min     200)
00:33:40.641410 /Devices/ichac97/Stream1/Reset        483 ns/call (        2902 ticks,       6 times, max       708, min     136)
00:33:40.641416 /Devices/ichac97/Stream1/Start      76922 ns/call (      384613 ticks,       5 times, max    311519, min   17260)
00:33:40.641423 /Devices/ichac97/Stream1/Stop        3996 ns/call (       19982 ticks,       5 times, max      5201, min    3179)
00:33:40.641429 /Devices/ichac97/Stream1/WriteBdBar       18 times
00:33:40.641434 /Devices/ichac97/Stream1/WriteCr       17 times
00:33:40.641438 /Devices/ichac97/Stream1/WriteLvi      839 times
00:33:40.641443 /Devices/ichac97/Stream1/WriteSr-1byte      839 times
00:33:40.641447 /Devices/ichac97/Stream1/cbTransferChunk      636 bytes
00:33:40.641452 /Devices/ichac97/Stream1/offRead  5271912 bytes
00:33:40.641457 /Devices/ichac97/Stream1/reg-CR         0 
00:33:40.641461 /Devices/ichac97/Stream1/reg-SR         1 
00:33:40.641467 /Devices/ichac97/Stream2/ReSetUp-Change      228 ns/call (        2057 ticks,       9 times, max       333, min     204)
00:33:40.641473 /Devices/ichac97/Stream2/Reset         99 ns/call (          99 ticks,       1 times, max        99, min      99)
00:33:40.641478 /Devices/ichac97/Stream2/WriteBdBar        1 times
00:33:40.641483 /Devices/ichac97/Stream2/WriteCr        2 times
00:33:40.641487 /Devices/ichac97/Stream2/reg-CR         0 
00:33:40.641492 /Devices/ichac97/Stream2/reg-SR         1 
00:33:40.641496 /Devices/ichac97/UnimplementedNabmReads        0 times
00:33:40.641501 /Devices/ichac97/UnimplementedNabmWrites       33 times
00:33:40.641505 /Devices/ichac97/UnimplementedNamReads        0 times
00:33:40.641509 /Devices/ichac97/UnimplementedNamWrites       94 times
00:33:40.641515 /Devices/mc146818/Irq                   0 times
00:33:40.641519 /Devices/mc146818/TimerCB               0 times
00:33:40.641524 /Devices/vga/HgmsiMdaCgaAccesses        0 times
00:33:40.641528 /Devices/vga/VMSVGA/Cmd/3dActivateSurface        0 times
00:33:40.641532 /Devices/vga/VMSVGA/Cmd/3dBeginQuery        0 times
00:33:40.641537 /Devices/vga/VMSVGA/Cmd/3dBlitSurfaceToScreenProf        0 ticks/call (           0 ticks,       0 times, max         0, min      -1)
00:33:40.641542 /Devices/vga/VMSVGA/Cmd/3dClear         0 times
00:33:40.641547 /Devices/vga/VMSVGA/Cmd/3dContextDefine        0 times
00:33:40.641551 /Devices/vga/VMSVGA/Cmd/3dContextDestroy        0 times
00:33:40.641556 /Devices/vga/VMSVGA/Cmd/3dDeactivateSurface        0 times
00:33:40.641560 /Devices/vga/VMSVGA/Cmd/3dDrawPrimitives        0 times
00:33:40.641564 /Devices/vga/VMSVGA/Cmd/3dEndQuery        0 times
00:33:40.641569 /Devices/vga/VMSVGA/Cmd/3dGenerateMipmaps        0 times
00:33:40.641575 /Devices/vga/VMSVGA/Cmd/3dPresent        0 times
00:33:40.641580 /Devices/vga/VMSVGA/Cmd/3dPresentReadBack        0 times
00:33:40.641584 /Devices/vga/VMSVGA/Cmd/3dSetClipPlane        0 times
00:33:40.641589 /Devices/vga/VMSVGA/Cmd/3dSetLightData        0 times
00:33:40.641595 /Devices/vga/VMSVGA/Cmd/3dSetLightEnable        0 times
00:33:40.641599 /Devices/vga/VMSVGA/Cmd/3dSetMaterial        0 times
00:33:40.641604 /Devices/vga/VMSVGA/Cmd/3dSetRenderState        0 times
00:33:40.641609 /Devices/vga/VMSVGA/Cmd/3dSetRenderTarget        0 times
00:33:40.641615 /Devices/vga/VMSVGA/Cmd/3dSetScissorRect        0 times
00:33:40.641686 /Devices/vga/VMSVGA/Cmd/3dSetShader        0 times
00:33:40.641708 /Devices/vga/VMSVGA/Cmd/3dSetShaderConst        0 times
00:33:40.641715 /Devices/vga/VMSVGA/Cmd/3dSetTextureState        0 times
00:33:40.641721 /Devices/vga/VMSVGA/Cmd/3dSetTransform        0 times
00:33:40.641726 /Devices/vga/VMSVGA/Cmd/3dSetViewPort        0 times
00:33:40.641731 /Devices/vga/VMSVGA/Cmd/3dSetZRange        0 times
00:33:40.641736 /Devices/vga/VMSVGA/Cmd/3dShaderDefine        0 times
00:33:40.641741 /Devices/vga/VMSVGA/Cmd/3dShaderDestroy        0 times
00:33:40.641747 /Devices/vga/VMSVGA/Cmd/3dSurfaceCopy        0 times
00:33:40.641752 /Devices/vga/VMSVGA/Cmd/3dSurfaceDefine        0 times
00:33:40.641757 /Devices/vga/VMSVGA/Cmd/3dSurfaceDefineV2        0 times
00:33:40.641762 /Devices/vga/VMSVGA/Cmd/3dSurfaceDestroy        0 times
00:33:40.641766 /Devices/vga/VMSVGA/Cmd/3dSurfaceDma        0 times
00:33:40.641774 /Devices/vga/VMSVGA/Cmd/3dSurfaceScreen        0 times
00:33:40.641781 /Devices/vga/VMSVGA/Cmd/3dSurfaceStretchBlt        0 times
00:33:40.641785 /Devices/vga/VMSVGA/Cmd/3dWaitForQuery        0 times
00:33:40.641790 /Devices/vga/VMSVGA/Cmd/AnnotationCopy        0 times
00:33:40.641794 /Devices/vga/VMSVGA/Cmd/AnnotationFill        0 times
00:33:40.641798 /Devices/vga/VMSVGA/Cmd/BlitGmrFbToScreen     5116 times
00:33:40.641803 /Devices/vga/VMSVGA/Cmd/BlitScreentoGmrFb        0 times
00:33:40.641807 /Devices/vga/VMSVGA/Cmd/DefineAlphaCursor      184 times
00:33:40.641812 /Devices/vga/VMSVGA/Cmd/DefineCursor        0 times
00:33:40.641816 /Devices/vga/VMSVGA/Cmd/DefineGmr2        6 times
00:33:40.641821 /Devices/vga/VMSVGA/Cmd/DefineGmr2/Free        2 times
00:33:40.641825 /Devices/vga/VMSVGA/Cmd/DefineGmr2/Modify        0 times
00:33:40.641836 /Devices/vga/VMSVGA/Cmd/DefineGmrFb     5116 times
00:33:40.641841 /Devices/vga/VMSVGA/Cmd/DefineScreen        1 times
00:33:40.641845 /Devices/vga/VMSVGA/Cmd/DestroyScreen        0 times
00:33:40.641850 /Devices/vga/VMSVGA/Cmd/Escape          0 times
00:33:40.641854 /Devices/vga/VMSVGA/Cmd/Fence        5116 times
00:33:40.641859 /Devices/vga/VMSVGA/Cmd/InvalidCmd        0 times
00:33:40.641863 /Devices/vga/VMSVGA/Cmd/RemapGmr2        4 times
00:33:40.641867 /Devices/vga/VMSVGA/Cmd/RemapGmr2/Modify        0 times
00:33:40.641872 /Devices/vga/VMSVGA/Cmd/Update          0 times
00:33:40.641877 /Devices/vga/VMSVGA/Cmd/UpdateVerbose        0 times
00:33:40.641882 /Devices/vga/VMSVGA/EmtDelayOnBusyFifo        0 ticks/call (           0 ticks,       0 times, max         0, min      -1)
00:33:40.641888 /Devices/vga/VMSVGA/FifoCommands    15543 times
00:33:40.641893 /Devices/vga/VMSVGA/FifoCursorFetchAgain        0 times
00:33:40.641898 /Devices/vga/VMSVGA/FifoCursorNoChange       33 times
00:33:40.641902 /Devices/vga/VMSVGA/FifoCursorPosition     7894 times
00:33:40.641907 /Devices/vga/VMSVGA/FifoCursorVisiblity       63 times
00:33:40.641912 /Devices/vga/VMSVGA/FifoErrors          0 times
00:33:40.641917 /Devices/vga/VMSVGA/FifoExtendedSleep 1546909156 ticks/call (5227006039710 ticks,    3379 times, max 45002805467, min    6363)
00:33:40.641923 /Devices/vga/VMSVGA/FifoStalls          0 ticks/call (           0 ticks,       0 times, max         0, min      -1)
00:33:40.641929 /Devices/vga/VMSVGA/FifoTodoTimeout     5286 times
00:33:40.641933 /Devices/vga/VMSVGA/FifoTodoWoken     7077 times
00:33:40.641938 /Devices/vga/VMSVGA/FifoUnknownCommands        0 times
00:33:40.641942 /Devices/vga/VMSVGA/FifoWatchdogWakeUps     1766 times
00:33:40.641947 /Devices/vga/VMSVGA/Reg/BitsPerPixelRead        0 times
00:33:40.641951 /Devices/vga/VMSVGA/Reg/BitsPerPixelWrite        0 times
00:33:40.641955 /Devices/vga/VMSVGA/Reg/BlueMaskRead        0 times
00:33:40.641960 /Devices/vga/VMSVGA/Reg/BusyRead        0 times
00:33:40.641965 /Devices/vga/VMSVGA/Reg/BusyWrite        0 times
00:33:40.641969 /Devices/vga/VMSVGA/Reg/BytesPerLineRead        0 times
00:33:40.641974 /Devices/vga/VMSVGA/Reg/CapabilitesRead        1 times
00:33:40.641978 /Devices/vga/VMSVGA/Reg/ConfigDoneRead        1 times
00:33:40.641983 /Devices/vga/VMSVGA/Reg/ConfigDoneWrite        1 times
00:33:40.641988 /Devices/vga/VMSVGA/Reg/CursorXxxxRead        0 times
00:33:40.641992 /Devices/vga/VMSVGA/Reg/CursorXxxxWrite        0 times
00:33:40.641997 /Devices/vga/VMSVGA/Reg/DepthRead        0 times
00:33:40.642001 /Devices/vga/VMSVGA/Reg/DepthWrite        0 times
00:33:40.642006 /Devices/vga/VMSVGA/Reg/DisplayHeightRead        0 times
00:33:40.642011 /Devices/vga/VMSVGA/Reg/DisplayHeightWrite        0 times
00:33:40.642015 /Devices/vga/VMSVGA/Reg/DisplayIdRead        0 times
00:33:40.642020 /Devices/vga/VMSVGA/Reg/DisplayIdWrite        0 times
00:33:40.642025 /Devices/vga/VMSVGA/Reg/DisplayIsPrimaryRead        0 times
00:33:40.642029 /Devices/vga/VMSVGA/Reg/DisplayIsPrimaryWrite        0 times
00:33:40.642034 /Devices/vga/VMSVGA/Reg/DisplayPositionXRead        0 times
00:33:40.642041 /Devices/vga/VMSVGA/Reg/DisplayPositionXWrite        0 times
00:33:40.642046 /Devices/vga/VMSVGA/Reg/DisplayPositionYRead        0 times
00:33:40.642051 /Devices/vga/VMSVGA/Reg/DisplayPositionYWrite        0 times
00:33:40.642055 /Devices/vga/VMSVGA/Reg/DisplayWidthRead        0 times
00:33:40.642059 /Devices/vga/VMSVGA/Reg/DisplayWidthWrite        0 times
00:33:40.642064 /Devices/vga/VMSVGA/Reg/EnableRead        1 times
00:33:40.642068 /Devices/vga/VMSVGA/Reg/EnableWrite        4 times
00:33:40.642073 /Devices/vga/VMSVGA/Reg/FbOffsetRead        0 times
00:33:40.642077 /Devices/vga/VMSVGA/Reg/FbSizeRead        0 times
00:33:40.642082 /Devices/vga/VMSVGA/Reg/FbStartRead        0 times
00:33:40.642087 /Devices/vga/VMSVGA/Reg/GmrDescriptorWrite        0 times
00:33:40.642091 /Devices/vga/VMSVGA/Reg/GmrDescriptorWrite/Errors        0 times
00:33:40.642096 /Devices/vga/VMSVGA/Reg/GmrDescriptorWrite/Free        0 times
00:33:40.642100 /Devices/vga/VMSVGA/Reg/GmrIdRead        0 times
00:33:40.642105 /Devices/vga/VMSVGA/Reg/GmrIdWrite        0 times
00:33:40.642110 /Devices/vga/VMSVGA/Reg/GmrMaxDescriptorLengthRead        0 times
00:33:40.642115 /Devices/vga/VMSVGA/Reg/GmrMaxIdsRead        1 times
00:33:40.642119 /Devices/vga/VMSVGA/Reg/GmrsMaxPagesRead        1 times
00:33:40.642124 /Devices/vga/VMSVGA/Reg/GreenMaskRead        0 times
00:33:40.642129 /Devices/vga/VMSVGA/Reg/GuestIdRead        0 times
00:33:40.642133 /Devices/vga/VMSVGA/Reg/GuestIdWrite        0 times
00:33:40.642138 /Devices/vga/VMSVGA/Reg/HeightRead        2 times
00:33:40.642142 /Devices/vga/VMSVGA/Reg/HeightWrite        0 times
00:33:40.642147 /Devices/vga/VMSVGA/Reg/HostBitsPerPixelRead        0 times
00:33:40.642152 /Devices/vga/VMSVGA/Reg/IdRead          1 times
00:33:40.642156 /Devices/vga/VMSVGA/Reg/IdWrite         1 times
00:33:40.642161 /Devices/vga/VMSVGA/Reg/IrqMaskRead        0 times
00:33:40.642165 /Devices/vga/VMSVGA/Reg/IrqMaskWrite        0 times
00:33:40.642169 /Devices/vga/VMSVGA/Reg/MaxHeightRead        1 times
00:33:40.642174 /Devices/vga/VMSVGA/Reg/MaxWidthRead        1 times
00:33:40.642178 /Devices/vga/VMSVGA/Reg/MemRegsRead        1 times
00:33:40.642183 /Devices/vga/VMSVGA/Reg/MemSizeRead        1 times
00:33:40.642187 /Devices/vga/VMSVGA/Reg/MemStartRead        0 times
00:33:40.642191 /Devices/vga/VMSVGA/Reg/MemorySizeRead        1 times
00:33:40.642196 /Devices/vga/VMSVGA/Reg/NumDisplaysRead       42 times
00:33:40.642200 /Devices/vga/VMSVGA/Reg/NumDisplaysWrite        0 times
00:33:40.642205 /Devices/vga/VMSVGA/Reg/NumGuestDisplaysRead        0 times
00:33:40.642209 /Devices/vga/VMSVGA/Reg/NumGuestDisplaysWrite        0 times
00:33:40.642213 /Devices/vga/VMSVGA/Reg/PaletteRead        0 times
00:33:40.642218 /Devices/vga/VMSVGA/Reg/PaletteWrite     3072 times
00:33:40.642224 /Devices/vga/VMSVGA/Reg/PitchLockRead        0 times
00:33:40.642228 /Devices/vga/VMSVGA/Reg/PitchLockWrite        0 times
00:33:40.642233 /Devices/vga/VMSVGA/Reg/PseudoColorWrite        0 times
00:33:40.642237 /Devices/vga/VMSVGA/Reg/PsuedoColorRead        0 times
00:33:40.642241 /Devices/vga/VMSVGA/Reg/ReadOnlyWrite        0 times
00:33:40.642245 /Devices/vga/VMSVGA/Reg/RedMaskRead        0 times
00:33:40.642249 /Devices/vga/VMSVGA/Reg/ScratchRead        0 times
00:33:40.642254 /Devices/vga/VMSVGA/Reg/ScratchSizeRead        0 times
00:33:40.642258 /Devices/vga/VMSVGA/Reg/ScratchWrite        0 times
00:33:40.642278 /Devices/vga/VMSVGA/Reg/SyncRead        0 times
00:33:40.642287 /Devices/vga/VMSVGA/Reg/SyncWrite     5239 times
00:33:40.642299 /Devices/vga/VMSVGA/Reg/TopRead         0 times
00:33:40.642311 /Devices/vga/VMSVGA/Reg/TopWrite        0 times
00:33:40.642316 /Devices/vga/VMSVGA/Reg/TracesRead        1 times
00:33:40.642321 /Devices/vga/VMSVGA/Reg/TracesWrite        1 times
00:33:40.642325 /Devices/vga/VMSVGA/Reg/UnknownRead        0 times
00:33:40.642330 /Devices/vga/VMSVGA/Reg/UnknownWrite        0 times
00:33:40.642334 /Devices/vga/VMSVGA/Reg/VramSizeRead        1 times
00:33:40.642341 /Devices/vga/VMSVGA/Reg/WidthRead        2 times
00:33:40.642347 /Devices/vga/VMSVGA/Reg/WidthWrite        0 times
00:33:40.642352 /Devices/vga/VMSVGA/Reg/WriteOnlyRead        0 times
00:33:40.642357 /Drivers/AUDIO-0/TotalStreamsCreated        1 count
00:33:40.642361 /Drivers/AUDIO-1/TotalStreamsCreated        0 count
00:33:40.642366 /Drivers/AUDIO-2/TotalStreamsCreated        0 count
00:33:40.642375 /EM/CPU0/ExitHashing/Used               0 times
00:33:40.642379 /EM/CPU0/ExitOpt/Exec                   0 ticks/call (           0 ticks,       0 times, max         0, min      -1)
00:33:40.642385 /EM/CPU0/ExitOpt/ExecInstructions        0 times
00:33:40.642389 /EM/CPU0/ExitOpt/ExecSavedExit          0 times
00:33:40.642394 /EM/CPU0/ExitOpt/Probe                  0 ticks/call (           0 ticks,       0 times, max         0, min      -1)
00:33:40.642399 /EM/CPU0/ExitOpt/ProbeInstructions        0 times
00:33:40.642403 /EM/CPU0/ExitOpt/ProbedExecWithMax        0 times
00:33:40.642408 /EM/CPU0/ExitOpt/ProbedNormal           0 times
00:33:40.642412 /EM/CPU0/ExitOpt/ProbedToRing3          0 times
00:33:40.642419 /EM/CPU1/ExitHashing/Used               0 times
00:33:40.642424 /EM/CPU1/ExitOpt/Exec                   0 ticks/call (           0 ticks,       0 times, max         0, min      -1)
00:33:40.642429 /EM/CPU1/ExitOpt/ExecInstructions        0 times
00:33:40.642434 /EM/CPU1/ExitOpt/ExecSavedExit          0 times
00:33:40.642438 /EM/CPU1/ExitOpt/Probe                  0 ticks/call (           0 ticks,       0 times, max         0, min      -1)
00:33:40.642443 /EM/CPU1/ExitOpt/ProbeInstructions        0 times
00:33:40.642448 /EM/CPU1/ExitOpt/ProbedExecWithMax        0 times
00:33:40.642452 /EM/CPU1/ExitOpt/ProbedNormal           0 times
00:33:40.642456 /EM/CPU1/ExitOpt/ProbedToRing3          0 times
00:33:40.642461 /GIM/Hypercalls                        12 times
00:33:40.642466 /GMM/ChunkTlbHits                  984272 times
00:33:40.642471 /GMM/ChunkTlbMisses                  5615 times
00:33:40.642484 /GMM/VM/Allocated/cBasePages      1042021 pages
00:33:40.642490 /GMM/VM/Allocated/cFixedPages           0 pages
00:33:40.642494 /GMM/VM/Allocated/cShadowPages          0 pages
00:33:40.642499 /GMM/VM/Reserved/cBasePages       1048679 pages
00:33:40.642504 /GMM/VM/Reserved/cFixedPages         5636 pages
00:33:40.642508 /GMM/VM/Reserved/cShadowPages           1 pages
00:33:40.642512 /GMM/VM/cBalloonedPages                 0 pages
00:33:40.642517 /GMM/VM/cMaxBalloonedPages              0 pages
00:33:40.642521 /GMM/VM/cPrivatePages             1042021 pages
00:33:40.642526 /GMM/VM/cReqActuallyBalloonedPages        0 pages
00:33:40.642530 /GMM/VM/cReqBalloonedPages              0 pages
00:33:40.642535 /GMM/VM/cReqDeflatePages                0 pages
00:33:40.642539 /GMM/VM/cShareableModules               0 count
00:33:40.642544 /GMM/VM/cSharedPages                    0 pages
00:33:40.642548 /GMM/VM/enmPolicy                       1 
00:33:40.642553 /GMM/VM/enmPriority                     2 
00:33:40.642558 /GMM/VM/fBallooningEnabled       false    
00:33:40.642562 /GMM/VM/fMayAllocate             true     
00:33:40.642567 /GMM/VM/fSharedPagingEnabled     false    
00:33:40.642571 /GMM/cAllocatedPages              1042021 pages
00:33:40.642576 /GMM/cBalloonedPages                    0 pages
00:33:40.642580 /GMM/cChunks                         2036 count
00:33:40.642585 /GMM/cDuplicatePages                    0 pages
00:33:40.642590 /GMM/cFreedChunks                       0 count
00:33:40.642594 /GMM/cLeftBehindSharedPages             0 pages
00:33:40.642598 /GMM/cMaxPages                   4294967295 pages
00:33:40.642603 /GMM/cOverCommittedPages                0 pages
00:33:40.642608 /GMM/cReservedPages               1054316 pages
00:33:40.642612 /GMM/cShareableModules                  0 count
00:33:40.642617 /GMM/cSharedPages                       0 pages
00:33:40.642621 /GMM/idFreeGeneration            4611686018427387775 
00:33:40.642874 /GVMM/EMTs                              2 calls
00:33:40.642895 /GVMM/HostCPUs                          4 calls
00:33:40.642903 /GVMM/HostCpus/0                        0 
00:33:40.642908 /GVMM/HostCpus/0/CurTimerHz             0 Hz
00:33:40.642913 /GVMM/HostCpus/0/DesiredHz              0 Hz
00:33:40.642917 /GVMM/HostCpus/0/PPTChanges             0 times
00:33:40.642922 /GVMM/HostCpus/0/PPTStarts              0 times
00:33:40.642926 /GVMM/HostCpus/0/idxCpuSet              0 
00:33:40.642931 /GVMM/HostCpus/1                        1 
00:33:40.642935 /GVMM/HostCpus/1/CurTimerHz             0 Hz
00:33:40.642940 /GVMM/HostCpus/1/DesiredHz              0 Hz
00:33:40.642945 /GVMM/HostCpus/1/PPTChanges             0 times
00:33:40.642949 /GVMM/HostCpus/1/PPTStarts              0 times
00:33:40.642953 /GVMM/HostCpus/1/idxCpuSet              1 
00:33:40.642958 /GVMM/HostCpus/2                        2 
00:33:40.642962 /GVMM/HostCpus/2/CurTimerHz             0 Hz
00:33:40.642967 /GVMM/HostCpus/2/DesiredHz              0 Hz
00:33:40.642971 /GVMM/HostCpus/2/PPTChanges             0 times
00:33:40.642976 /GVMM/HostCpus/2/PPTStarts              0 times
00:33:40.642980 /GVMM/HostCpus/2/idxCpuSet              2 
00:33:40.642985 /GVMM/HostCpus/3                        3 
00:33:40.642990 /GVMM/HostCpus/3/CurTimerHz             0 Hz
00:33:40.642994 /GVMM/HostCpus/3/DesiredHz              0 Hz
00:33:40.642999 /GVMM/HostCpus/3/PPTChanges             0 times
00:33:40.643003 /GVMM/HostCpus/3/PPTStarts              0 times
00:33:40.643008 /GVMM/HostCpus/3/idxCpuSet              3 
00:33:40.643013 /GVMM/Sum/HaltBlocking            1892939 calls
00:33:40.643018 /GVMM/Sum/HaltCalls               1892947 calls
00:33:40.643023 /GVMM/Sum/HaltNotBlocking               6 calls
00:33:40.643028 /GVMM/Sum/HaltTimeouts             329701 calls
00:33:40.643032 /GVMM/Sum/HaltWakeUps                   0 calls
00:33:40.643037 /GVMM/Sum/PokeCalls                648464 calls
00:33:40.643042 /GVMM/Sum/PokeNotBusy               20274 calls
00:33:40.643046 /GVMM/Sum/PollCalls                  1389 calls
00:33:40.643051 /GVMM/Sum/PollHalts                     0 calls
00:33:40.643056 /GVMM/Sum/PollWakeUps                   0 calls
00:33:40.643060 /GVMM/Sum/WakeUpCalls             1565974 calls
00:33:40.643065 /GVMM/Sum/WakeUpNotHalted            8870 calls
00:33:40.643070 /GVMM/Sum/WakeUpWakeUps                 0 calls
00:33:40.643075 /GVMM/VM/HaltBlocking             1892939 calls
00:33:40.643079 /GVMM/VM/HaltCalls                1892947 calls
00:33:40.643084 /GVMM/VM/HaltNotBlocking                6 calls
00:33:40.643089 /GVMM/VM/HaltTimeouts              329701 calls
00:33:40.643094 /GVMM/VM/HaltWakeUps                    0 calls
00:33:40.643098 /GVMM/VM/PokeCalls                 648464 calls
00:33:40.643103 /GVMM/VM/PokeNotBusy                20274 calls
00:33:40.643108 /GVMM/VM/PollCalls                   1389 calls
00:33:40.643112 /GVMM/VM/PollHalts                      0 calls
00:33:40.643118 /GVMM/VM/PollWakeUps                    0 calls
00:33:40.643122 /GVMM/VM/WakeUpCalls              1565974 calls
00:33:40.643126 /GVMM/VM/WakeUpNotHalted             8870 calls
00:33:40.643131 /GVMM/VM/WakeUpWakeUps                  0 calls
00:33:40.643135 /GVMM/VMs                               1 calls
00:33:40.643141 /HGCM/FailedPageListLocking             0 count
00:33:40.643145 /HGCM/LargeCmdAllocs                    0 count
00:33:40.643150 /HGCM/MsgArrival                        0 ticks/call (           0 ticks,       0 times, max         0, min      -1)
00:33:40.643156 /HGCM/MsgCompletion                     0 ticks/call (           0 ticks,       0 times, max         0, min      -1)
00:33:40.643161 /HGCM/MsgTotal                          0 ticks/call (           0 ticks,       0 times, max         0, min      -1)
00:33:40.643166 /HM/CPU0/Exit/HostNmiInGC               0 times
00:33:40.643171 /HM/CPU0/Exit/HostNmiInGCIpi            0 times
00:33:40.643176 /HM/CPU0/Exit/Trap/Gst/#AC              0 times
00:33:40.643180 /HM/CPU0/Exit/Trap/Gst/#AC-split-lock        0 times
00:33:40.643188 /HM/CPU0/Switch/Preempting              0 times
00:33:40.643194 /HM/CPU1/Exit/HostNmiInGC               0 times
00:33:40.643199 /HM/CPU1/Exit/HostNmiInGCIpi            0 times
00:33:40.643204 /HM/CPU1/Exit/Trap/Gst/#AC              0 times
00:33:40.643208 /HM/CPU1/Exit/Trap/Gst/#AC-split-lock        0 times
00:33:40.643212 /HM/CPU1/Switch/Preempting              0 times
00:33:40.643217 /IEM/CPU0/CodeTlb-Misses                0 count
00:33:40.643222 /IEM/CPU0/CodeTlb-PhysRev        ffffffffffff9c00 
00:33:40.643227 /IEM/CPU0/CodeTlb-Revision       fffff38000000000 
00:33:40.643232 /IEM/CPU0/CodeTlb-SlowReads             0 
00:33:40.643237 /IEM/CPU0/DataTlb-Misses                0 count
00:33:40.643241 /IEM/CPU0/DataTlb-PhysRev        ffffffffffff9c00 
00:33:40.643246 /IEM/CPU0/DataTlb-Revision       fffff38000000000 
00:33:40.643251 /IEM/CPU0/cInstructions            186011 count
00:33:40.643256 /IEM/CPU0/cLongJumps                   92 bytes
00:33:40.643261 /IEM/CPU0/cPendingCommit                0 bytes
00:33:40.643265 /IEM/CPU0/cPotentialExits         1562428 count
00:33:40.643270 /IEM/CPU0/cRetAspectNotImplemented        0 count
00:33:40.643274 /IEM/CPU0/cRetErrStatuses               0 count
00:33:40.643279 /IEM/CPU0/cRetInfStatuses            1610 count
00:33:40.643283 /IEM/CPU0/cRetInstrNotImplemented        0 count
00:33:40.643288 /IEM/CPU0/cbWritten                553266 bytes
00:33:40.643292 /IEM/CPU1/CodeTlb-Misses                0 count
00:33:40.643297 /IEM/CPU1/CodeTlb-PhysRev        ffffffffffff9c00 
00:33:40.643303 /IEM/CPU1/CodeTlb-Revision       fffff38000000000 
00:33:40.643308 /IEM/CPU1/CodeTlb-SlowReads             0 
00:33:40.643313 /IEM/CPU1/DataTlb-Misses                0 count
00:33:40.643318 /IEM/CPU1/DataTlb-PhysRev        ffffffffffff9c00 
00:33:40.643324 /IEM/CPU1/DataTlb-Revision       fffff38000000000 
00:33:40.643329 /IEM/CPU1/cInstructions            879365 count
00:33:40.643334 /IEM/CPU1/cLongJumps                 1543 bytes
00:33:40.643340 /IEM/CPU1/cPendingCommit                0 bytes
00:33:40.643344 /IEM/CPU1/cPotentialExits         2287096 count
00:33:40.643350 /IEM/CPU1/cRetAspectNotImplemented        0 count
00:33:40.643355 /IEM/CPU1/cRetErrStatuses               0 count
00:33:40.643360 /IEM/CPU1/cRetInfStatuses            1589 count
00:33:40.643364 /IEM/CPU1/cRetInstrNotImplemented        0 count
00:33:40.643368 /IEM/CPU1/cbWritten               1674800 bytes
00:33:40.643373 /IOM/MmioMappingsStale                  0 ticks/call (           0 ticks,       0 times, max         0, min      -1)
00:33:40.643380 /MM/HyperHeap/cbFree              2248384 bytes
00:33:40.643384 /MM/HyperHeap/cbHeap              2358976 bytes
00:33:40.643390 /PDM/BlkCache/cbCached                  0 bytes
00:33:40.643395 /PDM/BlkCache/cbCachedFru               0 bytes
00:33:40.643400 /PDM/BlkCache/cbCachedMruIn             0 bytes
00:33:40.643404 /PDM/BlkCache/cbCachedMruOut            0 bytes
00:33:40.643408 /PDM/BlkCache/cbMax               5242880 bytes
00:33:40.643415 /PDM/CritSects/8237A#0Auto/ContentionR3        0 times
00:33:40.643420 /PDM/CritSects/8237A#0Auto/ContentionRZLock        0 times
00:33:40.643425 /PDM/CritSects/8237A#0Auto/ContentionRZUnlock        0 times
00:33:40.643430 /PDM/CritSects/AC'97/ContentionR3        0 times
00:33:40.643435 /PDM/CritSects/AC'97/ContentionRZLock        0 times
00:33:40.643440 /PDM/CritSects/AC'97/ContentionRZUnlock        0 times
00:33:40.643445 /PDM/CritSects/AHCI#0/ContentionR3       24 times
00:33:40.643450 /PDM/CritSects/AHCI#0/ContentionRZLock        2 times
00:33:40.643455 /PDM/CritSects/AHCI#0/ContentionRZUnlock        0 times
00:33:40.643460 /PDM/CritSects/ATA#0-Ctl/ContentionR3        0 times
00:33:40.643464 /PDM/CritSects/ATA#0-Ctl/ContentionRZLock        0 times
00:33:40.643469 /PDM/CritSects/ATA#0-Ctl/ContentionRZUnlock        0 times
00:33:40.643474 /PDM/CritSects/ATA#0-Req/ContentionR3        0 times
00:33:40.643479 /PDM/CritSects/ATA#0-Req/ContentionRZLock        0 times
00:33:40.643487 /PDM/CritSects/ATA#0-Req/ContentionRZUnlock        0 times
00:33:40.643498 /PDM/CritSects/ATA#1-Ctl/ContentionR3        0 times
00:33:40.643507 /PDM/CritSects/ATA#1-Ctl/ContentionRZLock        0 times
00:33:40.643513 /PDM/CritSects/ATA#1-Ctl/ContentionRZUnlock        0 times
00:33:40.643517 /PDM/CritSects/ATA#1-Req/ContentionR3        0 times
00:33:40.643522 /PDM/CritSects/ATA#1-Req/ContentionRZLock        0 times
00:33:40.643526 /PDM/CritSects/ATA#1-Req/ContentionRZUnlock        0 times
00:33:40.643533 /PDM/CritSects/E1000#0/ContentionR3      491 times
00:33:40.643538 /PDM/CritSects/E1000#0/ContentionRZLock       26 times
00:33:40.643544 /PDM/CritSects/E1000#0/ContentionRZUnlock        0 times
00:33:40.643548 /PDM/CritSects/E1000#0RX/ContentionR3       12 times
00:33:40.643553 /PDM/CritSects/E1000#0RX/ContentionRZLock        7 times
00:33:40.643557 /PDM/CritSects/E1000#0RX/ContentionRZUnlock        0 times
00:33:40.643561 /PDM/CritSects/E1000#0TX/ContentionR3        0 times
00:33:40.643566 /PDM/CritSects/E1000#0TX/ContentionRZLock        0 times
00:33:40.643571 /PDM/CritSects/E1000#0TX/ContentionRZUnlock        0 times
00:33:40.643577 /PDM/CritSects/EHCI#0Irq/ContentionR3        0 times
00:33:40.643582 /PDM/CritSects/EHCI#0Irq/ContentionRZLock        0 times
00:33:40.643587 /PDM/CritSects/EHCI#0Irq/ContentionRZUnlock        0 times
00:33:40.643591 /PDM/CritSects/GIMDev#0Auto/ContentionR3        0 times
00:33:40.643596 /PDM/CritSects/GIMDev#0Auto/ContentionRZLock        0 times
00:33:40.643600 /PDM/CritSects/GIMDev#0Auto/ContentionRZUnlock        0 times
00:33:40.643605 /PDM/CritSects/MM-HYPER/ContentionR3        0 times
00:33:40.643611 /PDM/CritSects/MM-HYPER/ContentionRZLock        0 times
00:33:40.643615 /PDM/CritSects/MM-HYPER/ContentionRZUnlock        0 times
00:33:40.643620 /PDM/CritSects/NOP/ContentionR3         0 times
00:33:40.643625 /PDM/CritSects/NOP/ContentionRZLock        0 times
00:33:40.643631 /PDM/CritSects/NOP/ContentionRZUnlock        0 times
00:33:40.643635 /PDM/CritSects/OHCI#0Irq/ContentionR3        0 times
00:33:40.643641 /PDM/CritSects/OHCI#0Irq/ContentionRZLock        0 times
00:33:40.643645 /PDM/CritSects/OHCI#0Irq/ContentionRZUnlock        0 times
00:33:40.643650 /PDM/CritSects/PDM/ContentionR3        14 times
00:33:40.643654 /PDM/CritSects/PDM/ContentionRZLock        0 times
00:33:40.643659 /PDM/CritSects/PDM/ContentionRZUnlock        0 times
00:33:40.643663 /PDM/CritSects/PGM/ContentionR3     47562 times
00:33:40.643668 /PDM/CritSects/PGM/ContentionRZLock     9811 times
00:33:40.643674 /PDM/CritSects/PGM/ContentionRZUnlock        0 times
00:33:40.643679 /PDM/CritSects/TM Timer Lock/ContentionR3     9116 times
00:33:40.643684 /PDM/CritSects/TM Timer Lock/ContentionRZLock        9 times
00:33:40.643688 /PDM/CritSects/TM Timer Lock/ContentionRZUnlock        0 times
00:33:40.643694 /PDM/CritSects/TM VirtualSync Lock/ContentionR3     2028 times
00:33:40.643699 /PDM/CritSects/TM VirtualSync Lock/ContentionRZLock   109493 times
00:33:40.643704 /PDM/CritSects/TM VirtualSync Lock/ContentionRZUnlock        1 times
00:33:40.643709 /PDM/CritSects/VGA#0/ContentionR3       86 times
00:33:40.643714 /PDM/CritSects/VGA#0/ContentionRZLock        3 times
00:33:40.643718 /PDM/CritSects/VGA#0/ContentionRZUnlock        0 times
00:33:40.643723 /PDM/CritSects/VGA#0_IRQ/ContentionR3        0 times
00:33:40.643728 /PDM/CritSects/VGA#0_IRQ/ContentionRZLock        0 times
00:33:40.643733 /PDM/CritSects/VGA#0_IRQ/ContentionRZUnlock        0 times
00:33:40.643738 /PDM/CritSects/VMMDev#0/ContentionR3      197 times
00:33:40.643744 /PDM/CritSects/VMMDev#0/ContentionRZLock        0 times
00:33:40.643749 /PDM/CritSects/VMMDev#0/ContentionRZUnlock        0 times
00:33:40.643754 /PDM/CritSects/acpi#0/ContentionR3        0 times
00:33:40.643759 /PDM/CritSects/acpi#0/ContentionRZLock        0 times
00:33:40.643764 /PDM/CritSects/acpi#0/ContentionRZUnlock        0 times
00:33:40.643769 /PDM/CritSects/mc146818#0Auto/ContentionR3        0 times
00:33:40.643776 /PDM/CritSects/mc146818#0Auto/ContentionRZLock        0 times
00:33:40.643783 /PDM/CritSects/mc146818#0Auto/ContentionRZUnlock        0 times
00:33:40.643788 /PDM/CritSects/pcarch#0Auto/ContentionR3        0 times
00:33:40.643792 /PDM/CritSects/pcarch#0Auto/ContentionRZLock        0 times
00:33:40.643797 /PDM/CritSects/pcarch#0Auto/ContentionRZUnlock        0 times
00:33:40.643803 /PDM/CritSects/pcbios#0Auto/ContentionR3        0 times
00:33:40.643809 /PDM/CritSects/pcbios#0Auto/ContentionRZLock        0 times
00:33:40.643813 /PDM/CritSects/pcbios#0Auto/ContentionRZUnlock        0 times
00:33:40.643821 /PDM/CritSects/pckbd#0Auto/ContentionR3        0 times
00:33:40.643827 /PDM/CritSects/pckbd#0Auto/ContentionRZLock        0 times
00:33:40.643833 /PDM/CritSects/pckbd#0Auto/ContentionRZUnlock        0 times
00:33:40.643838 /PDM/CritSects/pit#0/ContentionR3        0 times
00:33:40.643842 /PDM/CritSects/pit#0/ContentionRZLock        0 times
00:33:40.643846 /PDM/CritSects/pit#0/ContentionRZUnlock        0 times
00:33:40.643852 /PDM/CritSects/usb-ehci#0Auto/ContentionR3        0 times
00:33:40.643857 /PDM/CritSects/usb-ehci#0Auto/ContentionRZLock        0 times
00:33:40.643861 /PDM/CritSects/usb-ehci#0Auto/ContentionRZUnlock        0 times
00:33:40.643866 /PDM/CritSects/usb-ohci#0Auto/ContentionR3        0 times
00:33:40.643871 /PDM/CritSects/usb-ohci#0Auto/ContentionRZLock        0 times
00:33:40.643876 /PDM/CritSects/usb-ohci#0Auto/ContentionRZUnlock        0 times
00:33:40.643881 /PDM/CritSectsRw/IOM Lock/ContentionR3EnterExcl        0 times
00:33:40.643885 /PDM/CritSectsRw/IOM Lock/ContentionR3EnterShared        0 times
00:33:40.643890 /PDM/CritSectsRw/IOM Lock/ContentionRZEnterExcl        0 times
00:33:40.643895 /PDM/CritSectsRw/IOM Lock/ContentionRZEnterShared        0 times
00:33:40.643899 /PDM/CritSectsRw/IOM Lock/ContentionRZLeaveExcl        0 times
00:33:40.643904 /PDM/CritSectsRw/IOM Lock/ContentionRZLeaveShared        0 times
00:33:40.643908 /PDM/CritSectsRw/IOM Lock/R3EnterExcl      272 times
00:33:40.643913 /PDM/CritSectsRw/IOM Lock/R3EnterShared  1788850 times
00:33:40.643917 /PDM/CritSectsRw/IOM Lock/RZEnterExcl        0 times
00:33:40.643923 /PDM/CritSectsRw/IOM Lock/RZEnterShared  3381181 times
00:33:40.643928 /PDM/Queue/DevHlp/AllocFailures         0 times
00:33:40.643932 /PDM/Queue/DevHlp/Flush                 0 calls
00:33:40.643936 /PDM/Queue/DevHlp/FlushLeftovers        0 times
00:33:40.643941 /PDM/Queue/DevHlp/Insert                0 calls
00:33:40.643945 /PDM/Queue/DevHlp/cItems                8 count
00:33:40.643950 /PDM/Queue/DevHlp/cbItem               64 bytes
00:33:40.643955 /PDM/Queue/Keyboard/AllocFailures        0 times
00:33:40.643960 /PDM/Queue/Keyboard/Flush               0 calls
00:33:40.643964 /PDM/Queue/Keyboard/FlushLeftovers        0 times
00:33:40.643969 /PDM/Queue/Keyboard/Insert           1279 calls
00:33:40.643973 /PDM/Queue/Keyboard/cItems             64 count
00:33:40.643977 /PDM/Queue/Keyboard/cbItem             32 bytes
00:33:40.643982 /PDM/Queue/Mouse/AllocFailures          0 times
00:33:40.643987 /PDM/Queue/Mouse/Flush                  0 calls
00:33:40.643993 /PDM/Queue/Mouse/FlushLeftovers         0 times
00:33:40.643997 /PDM/Queue/Mouse/Insert               695 calls
00:33:40.644002 /PDM/Queue/Mouse/cItems               128 count
00:33:40.644007 /PDM/Queue/Mouse/cbItem                48 bytes
00:33:40.644012 /PDM/Queue/Mouse_1/AllocFailures        0 times
00:33:40.644017 /PDM/Queue/Mouse_1/Flush                0 calls
00:33:40.644039 /PDM/Queue/Mouse_1/FlushLeftovers        0 times
00:33:40.644053 /PDM/Queue/Mouse_1/Insert               0 calls
00:33:40.644059 /PDM/Queue/Mouse_1/cItems             128 count
00:33:40.644064 /PDM/Queue/Mouse_1/cbItem              48 bytes
00:33:40.644069 /PDM/Tasks/000-E1000-Xmit-retriggered      383 times
00:33:40.644074 /PDM/Tasks/000-E1000-Xmit-runs      14173 times
00:33:40.644079 /PGM/CPU0/cA20Changes                   2 times
00:33:40.644084 /PGM/CPU0/cGuestModeChanges         11454 times
00:33:40.644092 /PGM/CPU1/cA20Changes                   0 times
00:33:40.644099 /PGM/CPU1/cGuestModeChanges             3 times
00:33:40.644103 /PGM/ChunkR3Map/Mapped               2036 count
00:33:40.644108 /PGM/ChunkR3Map/Unmapped                0 count
00:33:40.644113 /PGM/ChunkR3Map/c                    2036 count
00:33:40.644118 /PGM/ChunkR3Map/cMax             4294967295 count
00:33:40.644123 /PGM/LargePage/Recheck                  0 times
00:33:40.644127 /PGM/LargePage/Refused                  2 times
00:33:40.644132 /PGM/LargePage/Reused                   0 times
00:33:40.644138 /PGM/Mmio2QueryAndResetDirtyBitmap        0 ticks/call (           0 ticks,       0 times, max         0, min      -1)
00:33:40.644144 /PGM/Page/cAllPages               1054257 count
00:33:40.644149 /PGM/Page/cBalloonedPages               0 count
00:33:40.644154 /PGM/Page/cHandyPages                 128 count
00:33:40.644159 /PGM/Page/cLargePages                   0 count
00:33:40.644163 /PGM/Page/cLargePagesDisabled           0 count
00:33:40.644168 /PGM/Page/cMonitoredPages               0 count
00:33:40.644172 /PGM/Page/cPrivatePages           1047529 count
00:33:40.644177 /PGM/Page/cPureMmioPages               70 count
00:33:40.644182 /PGM/Page/cReadLockedPages              0 count
00:33:40.644186 /PGM/Page/cReusedSharedPages            0 count
00:33:40.644191 /PGM/Page/cSharedPages                  0 count
00:33:40.644195 /PGM/Page/cWriteLockedPages             0 count
00:33:40.644200 /PGM/Page/cWrittenToPages               0 count
00:33:40.644205 /PGM/Page/cZeroPages                 6658 count
00:33:40.644211 /PGM/Pool/Grow                    6415545 ticks (    32077727 ticks,       5 times, max   8271036, min  545079)
00:33:40.644217 /PGM/ShMod/Check                        0 ticks/call (           0 ticks,       0 times, max         0, min      -1)
00:33:40.644223 /PGM/cRelocations                       0 times
00:33:40.644228 /PROF/CPU0/EM/Capped                    0 ticks/call (           0 ticks,       0 times, max         0, min      -1)
00:33:40.644235 /PROF/CPU0/EM/ForcedActions       1636936 times
00:33:40.644240 /PROF/CPU0/EM/Halted                78344 times
00:33:40.644245 /PROF/CPU0/EM/NEMExec                   0 ticks/call (           0 ticks,       0 times, max         0, min      -1)
00:33:40.644251 /PROF/CPU0/EM/NEMExecuteCalled          0 times
00:33:40.644256 /PROF/CPU0/EM/RAWTotal                  0 times
00:33:40.644261 /PROF/CPU0/EM/REMTotal                  0 times
00:33:40.644266 /PROF/CPU0/EM/RecordedExits      13767832 times
00:33:40.644272 /PROF/CPU0/EM/Total              6038469998108 ticks/call (6038469998108 ticks,       1 times, max 6038469998108, min 6038469998108)
00:33:40.644280 /PROF/CPU0/VM/Halt/Block           523282 ns/call ( 29885200162 ticks,   57111 times, max 176975923, min       1)
00:33:40.644289 /PROF/CPU0/VM/Halt/BlockInsomnia   523282 ns/call ( 29885200162 ticks,   57111 times, max 176975923, min       1)
00:33:40.644297 /PROF/CPU0/VM/Halt/BlockOnTime          0 ns/call (           0 ticks,       0 times, max         0, min      -1)
00:33:40.644303 /PROF/CPU0/VM/Halt/BlockOverslept        0 ns/call (           0 ticks,       0 times, max         0, min      -1)
00:33:40.644310 /PROF/CPU0/VM/Halt/R0HaltBlock    1030972 ns/call (1172253370607 ticks, 1137037 times, max 279211334, min       3)
00:33:40.644318 /PROF/CPU0/VM/Halt/R0HaltBlockInsomnia  1030972 ns/call (1172253370607 ticks, 1137037 times, max 279211334, min       3)
00:33:40.644328 /PROF/CPU0/VM/Halt/R0HaltBlockOnTime        0 ns/call (           0 ticks,       0 times, max         0, min      -1)
00:33:40.644336 /PROF/CPU0/VM/Halt/R0HaltBlockOverslept        0 ns/call (           0 ticks,       0 times, max         0, min      -1)
00:33:40.644342 /PROF/CPU0/VM/Halt/R0HaltExec     1155468 times
00:33:40.644350 /PROF/CPU0/VM/Halt/R0HaltExec/FromBlock  1132751 times
00:33:40.644356 /PROF/CPU0/VM/Halt/R0HaltExec/FromSpin    17191 times
00:33:40.644368 /PROF/CPU0/VM/Halt/R0HaltHistoryCounter  1233769 times
00:33:40.644380 /PROF/CPU0/VM/Halt/R0HaltHistorySucceeded      102 times
00:33:40.644388 /PROF/CPU0/VM/Halt/R0HaltHistoryToRing3        6 times
00:33:40.644396 /PROF/CPU0/VM/Halt/R0HaltToR3       78301 times
00:33:40.644405 /PROF/CPU0/VM/Halt/R0HaltToR3/FromSpin     3483 times
00:33:40.644414 /PROF/CPU0/VM/Halt/R0HaltToR3/Other        9 times
00:33:40.644422 /PROF/CPU0/VM/Halt/R0HaltToR3/PendingFF    70523 times
00:33:40.644431 /PROF/CPU0/VM/Halt/R0HaltToR3/PostWaitNoInt      284 times
00:33:40.644440 /PROF/CPU0/VM/Halt/R0HaltToR3/PostWaitPendingFF     4002 times
00:33:40.644449 /PROF/CPU0/VM/Halt/R0HaltToR3/SmallDelta        0 times
00:33:40.644456 /PROF/CPU0/VM/Halt/Timers             319 ns/call (    36548762 ticks,  114545 times, max     92479, min       1)
00:33:40.644466 /PROF/CPU0/VM/Halt/Yield                0 ns/call (           0 ticks,       0 times, max         0, min      -1)
00:33:40.644474 /PROF/CPU1/EM/Capped                    0 ticks/call (           0 ticks,       0 times, max         0, min      -1)
00:33:40.644484 /PROF/CPU1/EM/ForcedActions       2606936 times
00:33:40.644492 /PROF/CPU1/EM/Halted               379638 times
00:33:40.644501 /PROF/CPU1/EM/NEMExec                   0 ticks/call (           0 ticks,       0 times, max         0, min      -1)
00:33:40.644513 /PROF/CPU1/EM/NEMExecuteCalled          0 times
00:33:40.644523 /PROF/CPU1/EM/RAWTotal                  0 times
00:33:40.644534 /PROF/CPU1/EM/REMTotal                  0 times
00:33:40.644543 /PROF/CPU1/EM/RecordedExits       9941615 times
00:33:40.644551 /PROF/CPU1/EM/Total              6038469833655 ticks/call (6038469833655 ticks,       1 times, max 6038469833655, min 6038469833655)
00:33:40.644563 /PROF/CPU1/VM/Halt/Block          1912818 ns/call (661649604372 ticks,  345903 times, max 279305447, min       1)
00:33:40.644572 /PROF/CPU1/VM/Halt/BlockInsomnia  2177345 ns/call (248985956566 ticks,  114353 times, max 259556958, min       1)
00:33:40.644580 /PROF/CPU1/VM/Halt/BlockOnTime    1576348 ns/call ( 38768716203 ticks,   24594 times, max 270358366, min    6000)
00:33:40.644590 /PROF/CPU1/VM/Halt/BlockOverslept   296518 ns/call ( 61366204153 ticks,  206956 times, max   3079966, min   50007)
00:33:40.644600 /PROF/CPU1/VM/Halt/R0HaltBlock     583767 ns/call (205999830129 ticks,  352880 times, max 249375738, min       2)
00:33:40.644607 /PROF/CPU1/VM/Halt/R0HaltBlockInsomnia   451348 ns/call (103539278222 ticks,  229400 times, max 228035865, min       2)
00:33:40.644616 /PROF/CPU1/VM/Halt/R0HaltBlockOnTime   623769 ns/call ( 21158268470 ticks,   33920 times, max 244863826, min     818)
00:33:40.644629 /PROF/CPU1/VM/Halt/R0HaltBlockOverslept   304896 ns/call ( 27306487343 ticks,   89560 times, max   2878450, min   50002)
00:33:40.644642 /PROF/CPU1/VM/Halt/R0HaltExec      112098 times
00:33:40.644665 /PROF/CPU1/VM/Halt/R0HaltExec/FromBlock   104107 times
00:33:40.644672 /PROF/CPU1/VM/Halt/R0HaltExec/FromSpin     3996 times
00:33:40.644682 /PROF/CPU1/VM/Halt/R0HaltHistoryCounter   490755 times
00:33:40.644691 /PROF/CPU1/VM/Halt/R0HaltHistorySucceeded        1 times
00:33:40.644700 /PROF/CPU1/VM/Halt/R0HaltHistoryToRing3        5 times
00:33:40.644707 /PROF/CPU1/VM/Halt/R0HaltToR3      378657 times
00:33:40.644717 /PROF/CPU1/VM/Halt/R0HaltToR3/FromSpin        8 times
00:33:40.644727 /PROF/CPU1/VM/Halt/R0HaltToR3/Other        3 times
00:33:40.644735 /PROF/CPU1/VM/Halt/R0HaltToR3/PendingFF    82927 times
00:33:40.644744 /PROF/CPU1/VM/Halt/R0HaltToR3/PostWaitNoInt   170610 times
00:33:40.644754 /PROF/CPU1/VM/Halt/R0HaltToR3/PostWaitPendingFF    78163 times
00:33:40.644763 /PROF/CPU1/VM/Halt/R0HaltToR3/SmallDelta    46946 times
00:33:40.644769 /PROF/CPU1/VM/Halt/Timers            3342 ns/call (  2303023770 ticks,  689014 times, max  31168570, min       2)
00:33:40.644775 /PROF/CPU1/VM/Halt/Yield             4269 ns/call (     5930682 ticks,    1389 times, max     54165, min       1)
00:33:40.644786 /Public/NetAdapter/0/BytesReceived 175241894 bytes
00:33:40.644796 /Public/NetAdapter/0/BytesTransmitted   939839 bytes
00:33:40.644804 /Public/NetAdapter/0/e1000              0 
00:33:40.644810 /Public/Storage/AHCI0/Port0/BytesRead 1678837248 bytes
00:33:40.644815 /Public/Storage/AHCI0/Port0/BytesWritten 3498145792 bytes
00:33:40.644821 /Public/Storage/AHCI0/Port0/QueryBufAttempts        0 count
00:33:40.644826 /Public/Storage/AHCI0/Port0/QueryBufSuccess        0 count
00:33:40.644831 /Public/Storage/AHCI0/Port0/ReqsFlush    30653 count
00:33:40.644837 /Public/Storage/AHCI0/Port0/ReqsRead    36038 count
00:33:40.644843 /Public/Storage/AHCI0/Port0/ReqsSubmitted   120948 count
00:33:40.644849 /Public/Storage/AHCI0/Port0/ReqsSucceeded   120948 count
00:33:40.644853 /Public/Storage/AHCI0/Port0/ReqsWrite    54257 count
00:33:40.644858 /SELM/LoadHidSel/GstReadErrors          0 times
00:33:40.644864 /SELM/LoadHidSel/NoGoodGuest            0 times
00:33:40.644869 /TM/CPU/00/cNsExecuting          700745865978 ns
00:33:40.644875 /TM/CPU/00/cNsHalted             29992773235 ns
00:33:40.644880 /TM/CPU/00/cNsOther              1282081593882 ns
00:33:40.644886 /TM/CPU/00/cNsTotal              2012820233095 ns
00:33:40.644891 /TM/CPU/00/cPeriodsExecuting     13767832 count
00:33:40.644896 /TM/CPU/00/cPeriodsHalted           57434 count
00:33:40.644902 /TM/CPU/00/pctExecuting                22 %
00:33:40.644907 /TM/CPU/00/pctHalted                    0 %
00:33:40.644912 /TM/CPU/00/pctOther                    76 %
00:33:40.644917 /TM/CPU/01/cNsExecuting          1039753866858 ns
00:33:40.644921 /TM/CPU/01/cNsHalted             664491825199 ns
00:33:40.644926 /TM/CPU/01/cNsOther              308574486229 ns
00:33:40.644931 /TM/CPU/01/cNsTotal              2012820178286 ns
00:33:40.644936 /TM/CPU/01/cPeriodsExecuting      9941615 count
00:33:40.644941 /TM/CPU/01/cPeriodsHalted          304946 count
00:33:40.644946 /TM/CPU/01/pctExecuting                92 %
00:33:40.644950 /TM/CPU/01/pctHalted                    0 %
00:33:40.644955 /TM/CPU/01/pctOther                     7 %
00:33:40.644960 /TM/CPU/pctExecuting                   57 %
00:33:40.644965 /TM/CPU/pctHalted                       0 %
00:33:40.644970 /TM/CPU/pctOther                       41 %
00:33:40.644976 /TM/MaxHzHint                           0 Hz
00:33:40.644982 /TM/PIT/Handler                         0 ticks/call (           0 ticks,       0 times, max         0, min      -1)
00:33:40.644988 /TM/PIT/Irq                             0 times
00:33:40.644993 /TM/R0/1nsSteps                     16560 times
00:33:40.644998 /TM/R3/1nsSteps                     30526 times
00:33:40.645004 /TM/TSC/offCPU0                  379706662395842 ticks
00:33:40.645010 /TM/TSC/offCPU1                  379706662395842 ticks
00:33:40.645015 /TM/VirtualSync/CurrentOffset           0 ns
00:33:40.645020 /VUSB/0/cUrbsInPool                     0 count
00:33:40.645026 /VUSB/1/cUrbsInPool                     0 count
00:33:40.645032 ********************* End of statistics **********************
00:33:40.645073 VUSB: Detached 'HidMouse' from port 1 on RootHub#1
00:33:40.652788 NAT: Zone(nm:mbuf_cluster, used:0)
00:33:40.653497 NAT: Zone(nm:mbuf_packet, used:0)
00:33:40.653520 NAT: Zone(nm:mbuf, used:1)
00:33:40.653646 NAT: Zone(nm:mbuf_jumbo_pagesize, used:0)
00:33:40.654310 NAT: Zone(nm:mbuf_jumbo_9k, used:0)
00:33:40.654723 NAT: Zone(nm:mbuf_jumbo_16k, used:0)
00:33:40.654919 NAT: Zone(nm:mbuf_ext_refcnt, used:0)
00:33:40.655232 E1000#0: Interrupt attempts: 149795
00:33:40.655246 E1000#0: Interrupts raised : 34099
00:33:40.655250 E1000#0: Interrupts lowered: 4325
00:33:40.655254 E1000#0: ICR outside ISR   : 0
00:33:40.655258 E1000#0: IMS raised ints   : 8224
00:33:40.655261 E1000#0: Interrupts skipped: 56121
00:33:40.655265 E1000#0: Masked interrupts : 59575
00:33:40.655269 E1000#0: Early interrupts  : 0
00:33:40.655272 E1000#0: Late interrupts   : 3269
00:33:40.655276 E1000#0: Lost interrupts   : 0
00:33:40.655280 E1000#0: Interrupts by RX  : 116823
00:33:40.655284 E1000#0: Interrupts by TX  : 14555
00:33:40.655291 E1000#0: Interrupts by ICS : 975
00:33:40.655296 E1000#0: Interrupts by RDTR: 0
00:33:40.655300 E1000#0: Interrupts by RDMT: 0
00:33:40.655304 E1000#0: Interrupts by TXQE: 0
00:33:40.655307 E1000#0: TX int delay asked: 0
00:33:40.655311 E1000#0: TX delayed:         0
00:33:40.655314 E1000#0: TX delay expired:   0
00:33:40.655318 E1000#0: TX no report asked: 14632
00:33:40.655321 E1000#0: TX abs timer expd : 0
00:33:40.655325 E1000#0: TX int timer expd : 0
00:33:40.655329 E1000#0: RX abs timer expd : 0
00:33:40.655332 E1000#0: RX int timer expd : 0
00:33:40.655336 E1000#0: TX CTX descriptors: 14499
00:33:40.655339 E1000#0: TX DAT descriptors: 14632
00:33:40.655343 E1000#0: TX LEG descriptors: 56
00:33:40.655347 E1000#0: Received frames   : 116823
00:33:40.655350 E1000#0: Transmitted frames: 14555
00:33:40.655354 E1000#0: TX frames up to 1514: 14549
00:33:40.655358 E1000#0: TX frames up to 2962: 3
00:33:40.655361 E1000#0: TX frames up to 4410: 3
00:33:40.655365 E1000#0: TX frames up to 5858: 0
00:33:40.655369 E1000#0: TX frames up to 7306: 0
00:33:40.655372 E1000#0: TX frames up to 8754: 0
00:33:40.655376 E1000#0: TX frames up to 16384: 0
00:33:40.655379 E1000#0: TX frames up to 32768: 0
00:33:40.655383 E1000#0: Larger TX frames    : 0
00:33:40.655387 E1000#0: Max TX Delay        : 0
00:33:40.657706 GIM: KVM: Resetting MSRs
00:33:40.661037 Changing the VM state from 'DESTROYING' to 'TERMINATED'
00:33:40.662596 Console: Machine state changed to 'PoweredOff'
00:33:41.659599 GUI: Passing request to close Runtime UI from machine-logic to UI session.
